22011 silly gunzTarPerm modified mode [ 'lib/Document/MaskElement.d.ts.map', 420, 438 ]
22012 info postinstall binary@0.3.0
22013 info preinstall base64-js@1.5.1
22014 silly gunzTarPerm extractEntry stable/string/virtual/code-point-at.js
22015 silly gunzTarPerm modified mode [ 'stable/string/virtual/code-point-at.js', 420, 438 ]
22016 silly gunzTarPerm extractEntry features/instance/code-points.js
22017 silly gunzTarPerm modified mode [ 'features/instance/code-points.js', 420, 438 ]
22018 verbose unlock done using C:\Users\Carlos García\AppData\Roaming\npm-cache\_locks\binary-32298f4ca867802a.lock for C:\chef-master-pro\node_modules\exceljs\node_modules\unzipper\node_modules\binary
22019 silly install resolved []
22020 verbose about to build C:\chef-master-pro\node_modules\exceljs\node_modules\archiver\node_modules\tar-stream\node_modules\bl\node_modules\buffer\node_modules\base64-js
22021 info build C:\chef-master-pro\node_modules\exceljs\node_modules\archiver\node_modules\tar-stream\node_modules\bl\node_modules\buffer\node_modules\base64-js
22022 verbose linkStuff [ false,
22022 verbose linkStuff   false,
22022 verbose linkStuff   false,
22022 verbose linkStuff   'C:\\chef-master-pro\\node_modules\\exceljs\\node_modules\\archiver\\node_modules\\tar-stream\\node_modules\\bl\\node_modules\\buffer\\node_modules' ]
22023 info linkStuff base64-js@1.5.1
22024 verbose linkBins base64-js@1.5.1
22025 verbose linkMans base64-js@1.5.1
22026 verbose rebuildBundles base64-js@1.5.1
22027 info install base64-js@1.5.1
22028 silly gunzTarPerm extractEntry dist/lib/css/types/angle.js.map
22029 silly gunzTarPerm modified mode [ 'dist/lib/css/types/angle.js.map', 420, 438 ]
22030 silly gunzTarPerm extractEntry locale/sr-cyrl.js
22031 silly gunzTarPerm modified mode [ 'locale/sr-cyrl.js', 420, 438 ]
22032 silly gunzTarPerm extractEntry esm/locale/sr.js
22033 silly gunzTarPerm modified mode [ 'esm/locale/sr.js', 420, 438 ]
22034 info preinstall minimist@1.2.8
22035 info postinstall base64-js@1.5.1
22036 silly gunzTarPerm extractEntry
22037 silly gunzTarPerm modified mode [ '', 420, 438 ]
22038 silly gunzTarPerm extractEntry CHANGELOG.md
22039 silly gunzTarPerm modified mode [ 'CHANGELOG.md', 420, 438 ]
22040 silly gunzTarPerm extractEntry README.md
22041 silly gunzTarPerm modified mode [ 'README.md', 420, 438 ]
22042 silly gunzTarPerm extractEntry features/string/code-points.js
22043 silly gunzTarPerm modified mode [ 'features/string/code-points.js', 420, 438 ]
22044 silly gunzTarPerm extractEntry features/string/virtual/code-points.js
22045 silly gunzTarPerm modified mode [ 'features/string/virtual/code-points.js', 420, 438 ]
22046 verbose unlock done using C:\Users\Carlos García\AppData\Roaming\npm-cache\_locks\base64-js-e9da15df2b65cce6.lock for C:\chef-master-pro\node_modules\exceljs\node_modules\archiver\node_modules\tar-stream\node_modules\bl\node_modules\buffer\node_modules\base64-js
22047 verbose about to build C:\chef-master-pro\node_modules\exceljs\node_modules\archiver\node_modules\tar-stream\node_modules\bl\node_modules\buffer
22048 info build C:\chef-master-pro\node_modules\exceljs\node_modules\archiver\node_modules\tar-stream\node_modules\bl\node_modules\buffer
22049 verbose linkStuff [ false,
22049 verbose linkStuff   false,
22049 verbose linkStuff   false,
22049 verbose linkStuff   'C:\\chef-master-pro\\node_modules\\exceljs\\node_modules\\archiver\\node_modules\\tar-stream\\node_modules\\bl\\node_modules' ]
22050 info linkStuff buffer@5.7.1
22051 verbose linkBins buffer@5.7.1
22052 verbose linkMans buffer@5.7.1
22053 verbose rebuildBundles buffer@5.7.1
22054 silly gunzTarPerm extractEntry
22055 silly gunzTarPerm modified mode [ '', 420, 438 ]
22056 silly install resolved []
22057 verbose about to build C:\chef-master-pro\node_modules\exceljs\node_modules\unzipper\node_modules\fstream\node_modules\mkdirp\node_modules\minimist
22058 info build C:\chef-master-pro\node_modules\exceljs\node_modules\unzipper\node_modules\fstream\node_modules\mkdirp\node_modules\minimist
22059 verbose linkStuff [ false,
22059 verbose linkStuff   false,
22059 verbose linkStuff   false,
22059 verbose linkStuff   'C:\\chef-master-pro\\node_modules\\exceljs\\node_modules\\unzipper\\node_modules\\fstream\\node_modules\\mkdirp\\node_modules' ]
22060 info linkStuff minimist@1.2.8
22061 verbose linkBins minimist@1.2.8
22062 verbose linkMans minimist@1.2.8
22063 verbose rebuildBundles minimist@1.2.8
22064 verbose rebuildBundles [ 'base64-js', 'ieee754' ]
22065 info install buffer@5.7.1
22066 info install minimist@1.2.8
22067 info postinstall buffer@5.7.1
22068 info postinstall minimist@1.2.8
22069 info preinstall brace-expansion@1.1.14
22070 silly gunzTarPerm extractEntry full/instance/code-points.js
22071 silly gunzTarPerm modified mode [ 'full/instance/code-points.js', 420, 438 ]
22072 silly gunzTarPerm extractEntry full/string/code-points.js
22073 silly gunzTarPerm modified mode [ 'full/string/code-points.js', 420, 438 ]
22074 verbose unlock done using C:\Users\Carlos García\AppData\Roaming\npm-cache\_locks\buffer-929b25b437de846a.lock for C:\chef-master-pro\node_modules\exceljs\node_modules\archiver\node_modules\tar-stream\node_modules\bl\node_modules\buffer
22075 verbose about to build C:\chef-master-pro\node_modules\exceljs\node_modules\archiver\node_modules\tar-stream\node_modules\bl
22076 info build C:\chef-master-pro\node_modules\exceljs\node_modules\archiver\node_modules\tar-stream\node_modules\bl
22077 verbose linkStuff [ false,
22077 verbose linkStuff   false,
22077 verbose linkStuff   false,
22077 verbose linkStuff   'C:\\chef-master-pro\\node_modules\\exceljs\\node_modules\\archiver\\node_modules\\tar-stream\\node_modules' ]
22078 info linkStuff bl@4.1.0
22079 verbose linkBins bl@4.1.0
22080 verbose linkMans bl@4.1.0
22081 verbose rebuildBundles bl@4.1.0
22082 verbose unlock done using C:\Users\Carlos García\AppData\Roaming\npm-cache\_locks\minimist-5e276d1b5d15bde0.lock for C:\chef-master-pro\node_modules\exceljs\node_modules\unzipper\node_modules\fstream\node_modules\mkdirp\node_modules\minimist
22083 verbose about to build C:\chef-master-pro\node_modules\exceljs\node_modules\unzipper\node_modules\fstream\node_modules\mkdirp
22084 info build C:\chef-master-pro\node_modules\exceljs\node_modules\unzipper\node_modules\fstream\node_modules\mkdirp
22085 verbose linkStuff [ false,
22085 verbose linkStuff   false,
22085 verbose linkStuff   false,
22085 verbose linkStuff   'C:\\chef-master-pro\\node_modules\\exceljs\\node_modules\\unzipper\\node_modules\\fstream\\node_modules' ]
22086 info linkStuff mkdirp@0.5.6
22087 verbose linkBins mkdirp@0.5.6
22088 verbose link bins [ { mkdirp: 'bin/cmd.js' },
22088 verbose link bins   'C:\\chef-master-pro\\node_modules\\exceljs\\node_modules\\unzipper\\node_modules\\fstream\\node_modules\\.bin',
22088 verbose link bins   false ]
22089 verbose linkMans mkdirp@0.5.6
22090 verbose rebuildBundles mkdirp@0.5.6
22091 silly prepareForInstallMany adding balanced-match@^1.0.0 from brace-expansion dependencies
22092 silly prepareForInstallMany adding concat-map@0.0.1 from brace-expansion dependencies
22093 silly gunzTarPerm extractEntry dist/async.mjs
22094 silly gunzTarPerm modified mode [ 'dist/async.mjs', 420, 438 ]
22095 verbose rebuildBundles [ 'buffer' ]
22096 info install bl@4.1.0
22097 verbose rebuildBundles [ 'minimist' ]
22098 silly gunzTarPerm extractEntry locale/sr.js
22099 silly gunzTarPerm modified mode [ 'locale/sr.js', 420, 438 ]
22100 silly gunzTarPerm extractEntry esm/locale/ss.js
22101 silly gunzTarPerm modified mode [ 'esm/locale/ss.js', 420, 438 ]
22102 info postinstall bl@4.1.0
22103 silly cache add args [ 'balanced-match@^1.0.0', null ]
22104 verbose cache add spec balanced-match@^1.0.0
22105 silly cache add parsed spec { raw: 'balanced-match@^1.0.0',
22105 silly cache add   scope: null,
22105 silly cache add   name: 'balanced-match',
22105 silly cache add   rawSpec: '^1.0.0',
22105 silly cache add   spec: '>=1.0.0 <2.0.0',
22105 silly cache add   type: 'range' }
22106 verbose addNamed balanced-match@>=1.0.0 <2.0.0
22107 silly addNamed semver.valid null
22108 silly addNamed semver.validRange >=1.0.0 <2.0.0
22109 silly addNameRange { name: 'balanced-match',
22109 silly addNameRange   range: '>=1.0.0 <2.0.0',
22109 silly addNameRange   hasData: false }
22110 silly mapToRegistry name balanced-match
22111 silly mapToRegistry using default registry
22112 silly mapToRegistry registry https://registry.npmjs.org/
22113 silly mapToRegistry uri https://registry.npmjs.org/balanced-match
22114 verbose addNameRange registry:https://registry.npmjs.org/balanced-match not in flight; fetching
22115 silly cache add args [ 'concat-map@0.0.1', null ]
22116 verbose cache add spec concat-map@0.0.1
22117 silly cache add parsed spec { raw: 'concat-map@0.0.1',
22117 silly cache add   scope: null,
22117 silly cache add   name: 'concat-map',
22117 silly cache add   rawSpec: '0.0.1',
22117 silly cache add   spec: '0.0.1',
22117 silly cache add   type: 'version' }
22118 verbose addNamed concat-map@0.0.1
22119 silly addNamed semver.valid 0.0.1
22120 silly addNamed semver.validRange 0.0.1
22121 silly mapToRegistry name concat-map
22122 silly mapToRegistry using default registry
22123 silly mapToRegistry registry https://registry.npmjs.org/
22124 silly mapToRegistry uri https://registry.npmjs.org/concat-map
22125 verbose addNameVersion registry:https://registry.npmjs.org/concat-map not in flight; fetching
22126 verbose unlock done using C:\Users\Carlos García\AppData\Roaming\npm-cache\_locks\bl-892030bf121e8d58.lock for C:\chef-master-pro\node_modules\exceljs\node_modules\archiver\node_modules\tar-stream\node_modules\bl
22127 verbose about to build C:\chef-master-pro\node_modules\exceljs\node_modules\archiver\node_modules\tar-stream
22128 info build C:\chef-master-pro\node_modules\exceljs\node_modules\archiver\node_modules\tar-stream
22129 verbose linkStuff [ false,
22129 verbose linkStuff   false,
22129 verbose linkStuff   false,
22129 verbose linkStuff   'C:\\chef-master-pro\\node_modules\\exceljs\\node_modules\\archiver\\node_modules' ]
22130 info linkStuff tar-stream@2.2.0
22131 verbose linkBins tar-stream@2.2.0
22132 verbose linkMans tar-stream@2.2.0
22133 verbose rebuildBundles tar-stream@2.2.0
22134 silly gunzTarPerm extractEntry full/string/virtual/code-points.js
22135 silly gunzTarPerm modified mode [ 'full/string/virtual/code-points.js', 420, 438 ]
22136 silly gunzTarPerm extractEntry internals/collection-from.js
22137 silly gunzTarPerm modified mode [ 'internals/collection-from.js', 420, 438 ]
22138 verbose rebuildBundles [ 'bl', 'end-of-stream', 'fs-constants', 'inherits' ]
22139 info install tar-stream@2.2.0
22140 info postinstall tar-stream@2.2.0
22141 verbose get https://registry.npmjs.org/balanced-match not expired, no request
22142 silly addNameRange number 2 { name: 'balanced-match',
22142 silly addNameRange   range: '>=1.0.0 <2.0.0',
22142 silly addNameRange   hasData: true }
22143 silly addNameRange versions [ 'balanced-match',
22143 silly addNameRange   [ '0.0.0',
22143 silly addNameRange     '0.0.1',
22143 silly addNameRange     '0.1.0',
22143 silly addNameRange     '0.2.0',
22143 silly addNameRange     '0.2.1',
22143 silly addNameRange     '0.3.0',
22143 silly addNameRange     '0.4.0',
22143 silly addNameRange     '0.4.1',
22143 silly addNameRange     '0.4.2',
22143 silly addNameRange     '1.0.0',
22143 silly addNameRange     '1.0.1',
22143 silly addNameRange     '1.0.2',
22143 silly addNameRange     '2.0.0',
22143 silly addNameRange     '3.0.0',
22143 silly addNameRange     '3.0.1',
22143 silly addNameRange     '4.0.2',
22143 silly addNameRange     '4.0.3',
22143 silly addNameRange     '4.0.4' ] ]
22144 verbose addNamed balanced-match@1.0.2
22145 silly addNamed semver.valid 1.0.2
22146 silly addNamed semver.validRange 1.0.2
22147 silly gunzTarPerm extractEntry locale/ss.js
22148 silly gunzTarPerm modified mode [ 'locale/ss.js', 420, 438 ]
22149 silly gunzTarPerm extractEntry esm/locale/sv-fi.js
22150 silly gunzTarPerm modified mode [ 'esm/locale/sv-fi.js', 420, 438 ]
22151 verbose get https://registry.npmjs.org/concat-map not expired, no request
22152 silly cache afterAdd balanced-match@1.0.2
22153 verbose afterAdd C:\Users\Carlos García\AppData\Roaming\npm-cache\balanced-match\1.0.2\package\package.json not in flight; writing
22154 silly gunzTarPerm extractEntry lib/util/math.d.ts.map
22155 silly gunzTarPerm modified mode [ 'lib/util/math.d.ts.map', 420, 438 ]
22156 silly cache afterAdd concat-map@0.0.1
22157 verbose afterAdd C:\Users\Carlos García\AppData\Roaming\npm-cache\concat-map\0.0.1\package\package.json not in flight; writing
22158 verbose unlock done using C:\Users\Carlos García\AppData\Roaming\npm-cache\_locks\tar-stream-d6acce5b7739f4f1.lock for C:\chef-master-pro\node_modules\exceljs\node_modules\archiver\node_modules\tar-stream
22159 silly gunzTarPerm extractEntry proposals/collection-methods.js
22160 silly gunzTarPerm modified mode [ 'proposals/collection-methods.js', 420, 438 ]
22161 silly gunzTarPerm extractEntry proposals/collection-of-from.js
22162 silly gunzTarPerm modified mode [ 'proposals/collection-of-from.js', 420, 438 ]
22163 info install mkdirp@0.5.6
22164 silly gunzTarPerm extractEntry
22165 silly gunzTarPerm modified mode [ '', 420, 438 ]
22166 silly gunzTarPerm extractEntry
22167 silly gunzTarPerm modified mode [ '', 420, 438 ]
22168 verbose afterAdd C:\Users\Carlos García\AppData\Roaming\npm-cache\balanced-match\1.0.2\package\package.json written
22169 info postinstall mkdirp@0.5.6
22170 verbose afterAdd C:\Users\Carlos García\AppData\Roaming\npm-cache\concat-map\0.0.1\package\package.json written
22171 silly install resolved [ { name: 'balanced-match',
22171 silly install resolved     version: '1.0.2',
22171 silly install resolved     keywords: [ 'match', 'regexp', 'test', 'balanced', 'parse' ],
22171 silly install resolved     author:
22171 silly install resolved      { name: 'Julian Gruber',
22171 silly install resolved        email: 'mail@juliangruber.com',
22171 silly install resolved        url: 'http://juliangruber.com' },
22171 silly install resolved     license: 'MIT',
22171 silly install resolved     _id: 'balanced-match@1.0.2',
22171 silly install resolved     maintainers: [ [Object] ],
22171 silly install resolved     homepage: 'https://github.com/juliangruber/balanced-match',
22171 silly install resolved     bugs: { url: 'https://github.com/juliangruber/balanced-match/issues' },
22171 silly install resolved     dist:
22171 silly install resolved      { shasum: 'e83e3a7e3f300b34cb9d87f615fa0cbf357690ee',
22171 silly install resolved        tarball: 'https://registry.npmjs.org/balanced-match/-/balanced-match-1.0.2.tgz',
22171 silly install resolved        fileCount: 5,
22171 silly install resolved        integrity: 'sha512-3oSeUO0TMV67hN1AmbXsK4yaqU7tjiHlbxRDZOpH0KW9+CeX4bRAaX0Anxt0tx2MrpRpWwQaPwIlISEJhYU5Pw==',
22171 silly install resolved        signatures: [Object],
22171 silly install resolved        unpackedSize: 6939,
22171 silly install resolved        'npm-signature': '-----BEGIN PGP SIGNATURE-----\r\nVersion: OpenPGP.js v3.0.13\r\nComment: https://openpgpjs.org\r\n\r\nwsFcBAEBCAAQBQJgbFk9CRA9TVsSAnZWagAAZCkP/2oCPlLyH1O+2fxJepxC\nP64dIPH4FmdtcuRV6m9JSSnNayjLyl7KZSkzngJveJAVMwBH2oSO40HVruAc\njNGdawU0sm41Tvkxm0K9AhiT5pfqBHv6KBj/sR5+2iF56zAM7pxrc8eTsgj9\nHBAYq5ZoePKf+Kki77ilWwK1Z7VXekk3KNgPd4jsbZ58JGL2dLVmqJcOPAfx\nTRECI9NV5oyHl+EsOGnMnAB8Z7GvNH+/sVo5lWZkldStJDjlj3mZq9fxMo5I\nw/2pmVPI8dvYYA6r3mp55YYDyvWA49CoRgTHXqEy4tpHmmdTAdB2Je+3j/n0\nvbJm74Ab6CnZnwa9Oaowz+VcKkcczXICTxPj0D+ddvVksD+6VpnAz79Jyia5\nqApDNXnYv+8bdnMwhnA2tQ0vz10HANuZ1xfpXE9Yy4Py/1LsTvExovYsie1G\n9RQ1GkIpGwwyOuzbDqHtrRjduAy35VNtIw2nQTCRLz87w/7DV+RbTvaT1Fp7\nb4WQN9z6BoX0Bl/Qi8PXTDN5J8M83MsRThoYm20M0nAVeGbxrfHTMJoXvxF9\ntlHuV3E7W7x3lvG0za7wLn9p76uOzxDX8Osr5POJ/GpEVciz0PWcbHQHFHUm\nxB+x3O0C9eAdKW/9/7/YA9zMqdqcMuwg6f26neIYIk10oZQyRriBoV6OZtIy\ntw1n\r\n=eH8s\r\n-----END PGP SIGNATURE-----\r\n' },
22171 silly install resolved     main: 'index.js',
22171 silly install resolved     gitHead: 'c7412e09b95d6ad97fd1e2996f6adca7626a9ae8',
22171 silly install resolved     scripts: { test: 'tape test/test.js', bench: 'matcha test/bench.js' },
22171 silly install resolved     _npmUser: { name: 'juliangruber', email: 'julian@juliangruber.com' },
22171 silly install resolved     testling: { files: 'test/*.js', browsers: [Object] },
22171 silly install resolved     repository:
22171 silly install resolved      { url: 'git://github.com/juliangruber/balanced-match.git',
22171 silly install resolved        type: 'git' },
22171 silly install resolved     _npmVersion: '7.7.6',
22171 silly install resolved     description: 'Match balanced character pairs, like "{" and "}"',
22171 silly install resolved     directories: {},
22171 silly install resolved     _nodeVersion: '15.9.0',
22171 silly install resolved     _hasShrinkwrap: false,
22171 silly install resolved     devDependencies: { tape: '^4.6.0', matcha: '^0.7.0' },
22171 silly install resolved     _npmOperationalInternal:
22171 silly install resolved      { tmp: 'tmp/balanced-match_1.0.2_1617713469141_0.18827857838975826',
22171 silly install resolved        host: 's3://npm-registry-packages' },
22171 silly install resolved     _shasum: 'e83e3a7e3f300b34cb9d87f615fa0cbf357690ee',
22171 silly install resolved     _resolved: 'https://registry.npmjs.org/balanced-match/-/balanced-match-1.0.2.tgz',
22171 silly install resolved     _from: 'balanced-match@>=1.0.0 <2.0.0',
22171 silly install resolved     readme: 'ERROR: No README data found!' },
22171 silly install resolved   { name: 'concat-map',
22171 silly install resolved     description: 'concatenative mapdashery',
22171 silly install resolved     version: '0.0.1',
22171 silly install resolved     repository:
22171 silly install resolved      { type: 'git',
22171 silly install resolved        url: 'git://github.com/substack/node-concat-map.git' },
22171 silly install resolved     main: 'index.js',
22171 silly install resolved     keywords: [ 'concat', 'concatMap', 'map', 'functional', 'higher-order' ],
22171 silly install resolved     directories: { example: 'example', test: 'test' },
22171 silly install resolved     scripts: { test: 'tape test/*.js' },
22171 silly install resolved     devDependencies: { tape: '~2.4.0' },
22171 silly install resolved     license: 'MIT',
22171 silly install resolved     author:
22171 silly install resolved      { name: 'James Halliday',
22171 silly install resolved        email: 'mail@substack.net',
22171 silly install resolved        url: 'http://substack.net' },
22171 silly install resolved     testling: { files: 'test/*.js', browsers: [Object] },
22171 silly install resolved     bugs: { url: 'https://github.com/substack/node-concat-map/issues' },
22171 silly install resolved     homepage: 'https://github.com/substack/node-concat-map',
22171 silly install resolved     _id: 'concat-map@0.0.1',
22171 silly install resolved     dist:
22171 silly install resolved      { shasum: 'd8a96bd77fd68df7793a73036a3ba0d5405d477b',
22171 silly install resolved        tarball: 'https://registry.npmjs.org/concat-map/-/concat-map-0.0.1.tgz',
22171 silly install resolved        integrity: 'sha512-/Srv4dswyQNBfohGpz9o6Yb3Gz3SrUDqBH5rTuhGR7ahtlbYKnVxw2bCFMRljaA7EXHaXZ8wsHdodFvbkhKmqg==',
22171 silly install resolved        signatures: [Object] },
22171 silly install resolved     _from: 'concat-map@0.0.1',
22171 silly install resolved     _npmVersion: '1.3.21',
22171 silly install resolved     _npmUser: { name: 'substack', email: 'mail@substack.net' },
22171 silly install resolved     maintainers: [ [Object] ],
22171 silly install resolved     _shasum: 'd8a96bd77fd68df7793a73036a3ba0d5405d477b',
22171 silly install resolved     _resolved: 'https://registry.npmjs.org/concat-map/-/concat-map-0.0.1.tgz',
22171 silly install resolved     readme: 'ERROR: No README data found!' } ]
22172 info install balanced-match@1.0.2 into C:\chef-master-pro\node_modules\exceljs\node_modules\unzipper\node_modules\fstream\node_modules\rimraf\node_modules\glob\node_modules\minimatch\node_modules\brace-expansion
22173 info install concat-map@0.0.1 into C:\chef-master-pro\node_modules\exceljs\node_modules\unzipper\node_modules\fstream\node_modules\rimraf\node_modules\glob\node_modules\minimatch\node_modules\brace-expansion
22174 info installOne balanced-match@1.0.2
22175 verbose installOne of balanced-match to C:\chef-master-pro\node_modules\exceljs\node_modules\unzipper\node_modules\fstream\node_modules\rimraf\node_modules\glob\node_modules\minimatch\node_modules\brace-expansion not in flight; installing
22176 info installOne concat-map@0.0.1
22177 verbose installOne of concat-map to C:\chef-master-pro\node_modules\exceljs\node_modules\unzipper\node_modules\fstream\node_modules\rimraf\node_modules\glob\node_modules\minimatch\node_modules\brace-expansion not in flight; installing
22178 silly gunzTarPerm extractEntry dist/lib/css/property-descriptors/background-clip.js.map
22179 silly gunzTarPerm modified mode [ 'dist/lib/css/property-descriptors/background-clip.js.map',
22179 silly gunzTarPerm   420,
22179 silly gunzTarPerm   438 ]
22180 verbose unlock done using C:\Users\Carlos García\AppData\Roaming\npm-cache\_locks\mkdirp-979253be9a049e29.lock for C:\chef-master-pro\node_modules\exceljs\node_modules\unzipper\node_modules\fstream\node_modules\mkdirp
22181 silly gunzTarPerm extractEntry locale/sv-fi.js
22182 silly gunzTarPerm modified mode [ 'locale/sv-fi.js', 420, 438 ]
22183 silly gunzTarPerm extractEntry esm/locale/sv.js
22184 silly gunzTarPerm modified mode [ 'esm/locale/sv.js', 420, 438 ]
22185 silly gunzTarPerm extractEntry internals/collection-of.js
22186 silly gunzTarPerm modified mode [ 'internals/collection-of.js', 420, 438 ]
22187 silly gunzTarPerm extractEntry internals/collection-strong.js
22188 silly gunzTarPerm modified mode [ 'internals/collection-strong.js', 420, 438 ]
22189 verbose lock using C:\Users\Carlos García\AppData\Roaming\npm-cache\_locks\balanced-match-ef7ef10e7aa817b7.lock for C:\chef-master-pro\node_modules\exceljs\node_modules\unzipper\node_modules\fstream\node_modules\rimraf\node_modules\glob\node_modules\minimatch\node_modules\brace-expansion\node_modules\balanced-match
22190 verbose lock using C:\Users\Carlos García\AppData\Roaming\npm-cache\_locks\concat-map-9f88004336492634.lock for C:\chef-master-pro\node_modules\exceljs\node_modules\unzipper\node_modules\fstream\node_modules\rimraf\node_modules\glob\node_modules\minimatch\node_modules\brace-expansion\node_modules\concat-map
22191 silly install write writing balanced-match 1.0.2 to C:\chef-master-pro\node_modules\exceljs\node_modules\unzipper\node_modules\fstream\node_modules\rimraf\node_modules\glob\node_modules\minimatch\node_modules\brace-expansion\node_modules\balanced-match
22192 silly cache addNamed cb balanced-match@1.0.2
22193 verbose unbuild node_modules\exceljs\node_modules\unzipper\node_modules\fstream\node_modules\rimraf\node_modules\glob\node_modules\minimatch\node_modules\brace-expansion\node_modules\balanced-match
22194 silly install write writing concat-map 0.0.1 to C:\chef-master-pro\node_modules\exceljs\node_modules\unzipper\node_modules\fstream\node_modules\rimraf\node_modules\glob\node_modules\minimatch\node_modules\brace-expansion\node_modules\concat-map
22195 silly cache addNamed cb concat-map@0.0.1
22196 verbose unbuild node_modules\exceljs\node_modules\unzipper\node_modules\fstream\node_modules\rimraf\node_modules\glob\node_modules\minimatch\node_modules\brace-expansion\node_modules\concat-map
22197 silly gunzTarPerm extractEntry
22198 silly gunzTarPerm modified mode [ '', 420, 438 ]
22199 silly gunzTarPerm extractEntry
22200 silly gunzTarPerm modified mode [ '', 420, 438 ]
22201 silly gentlyRm C:\chef-master-pro\node_modules\exceljs\node_modules\unzipper\node_modules\fstream\node_modules\rimraf\node_modules\glob\node_modules\minimatch\node_modules\brace-expansion\node_modules\balanced-match is being purged from base C:\chef-master-pro
22202 verbose gentlyRm don't care about contents; nuking C:\chef-master-pro\node_modules\exceljs\node_modules\unzipper\node_modules\fstream\node_modules\rimraf\node_modules\glob\node_modules\minimatch\node_modules\brace-expansion\node_modules\balanced-match
22203 silly gentlyRm C:\chef-master-pro\node_modules\exceljs\node_modules\unzipper\node_modules\fstream\node_modules\rimraf\node_modules\glob\node_modules\minimatch\node_modules\brace-expansion\node_modules\concat-map is being purged from base C:\chef-master-pro
22204 verbose gentlyRm don't care about contents; nuking C:\chef-master-pro\node_modules\exceljs\node_modules\unzipper\node_modules\fstream\node_modules\rimraf\node_modules\glob\node_modules\minimatch\node_modules\brace-expansion\node_modules\concat-map
22205 http 304 https://registry.npmjs.org/@types%2fpako
22206 silly get cb [ 304,
22206 silly get   { date: 'Tue, 21 Apr 2026 16:27:32 GMT',
22206 silly get     connection: 'keep-alive',
22206 silly get     'set-cookie': [ '_cfuvid=_ZgMmcxqEf7NCSmJxr7E.W1PwRnsFN4ShiwgNr5V6eo-1776788851.8754148-1.0.1.1-MR38sjIA6eoY4u8vwcNafL2Mu5CPxG69K6LG5ueRg4M; HttpOnly; SameSite=None; Secure; Path=/; Domain=npmjs.org' ],
22206 silly get     'cf-ray': '9efdc1b43d798ea7-SAP',
22206 silly get     'cf-cache-status': 'HIT',
22206 silly get     'access-control-allow-origin': '*',
22206 silly get     'cache-control': 'public, max-age=300',
22206 silly get     etag: '"63ecdae3c22bd672c4ea7f050a3c6493"',
22206 silly get     'last-modified': 'Fri, 15 Aug 2025 08:41:27 GMT',
22206 silly get     server: 'cloudflare',
22206 silly get     vary: 'Accept-Encoding' } ]
22207 verbose etag https://registry.npmjs.org/@types%2fpako from cache
22208 verbose get saving @types/pako to C:\Users\Carlos García\AppData\Roaming\npm-cache\registry.npmjs.org\_40types_252fpako\.cache.json
22209 verbose tar unpack C:\Users\Carlos García\AppData\Roaming\npm-cache\balanced-match\1.0.2\package.tgz
22210 verbose tar unpacking to C:\chef-master-pro\node_modules\exceljs\node_modules\unzipper\node_modules\fstream\node_modules\rimraf\node_modules\glob\node_modules\minimatch\node_modules\brace-expansion\node_modules\balanced-match
22211 silly gentlyRm C:\chef-master-pro\node_modules\exceljs\node_modules\unzipper\node_modules\fstream\node_modules\rimraf\node_modules\glob\node_modules\minimatch\node_modules\brace-expansion\node_modules\balanced-match is being purged
22212 verbose gentlyRm don't care about contents; nuking C:\chef-master-pro\node_modules\exceljs\node_modules\unzipper\node_modules\fstream\node_modules\rimraf\node_modules\glob\node_modules\minimatch\node_modules\brace-expansion\node_modules\balanced-match
22213 verbose tar unpack C:\Users\Carlos García\AppData\Roaming\npm-cache\concat-map\0.0.1\package.tgz
22214 verbose tar unpacking to C:\chef-master-pro\node_modules\exceljs\node_modules\unzipper\node_modules\fstream\node_modules\rimraf\node_modules\glob\node_modules\minimatch\node_modules\brace-expansion\node_modules\concat-map
22215 silly gentlyRm C:\chef-master-pro\node_modules\exceljs\node_modules\unzipper\node_modules\fstream\node_modules\rimraf\node_modules\glob\node_modules\minimatch\node_modules\brace-expansion\node_modules\concat-map is being purged
22216 verbose gentlyRm don't care about contents; nuking C:\chef-master-pro\node_modules\exceljs\node_modules\unzipper\node_modules\fstream\node_modules\rimraf\node_modules\glob\node_modules\minimatch\node_modules\brace-expansion\node_modules\concat-map
22217 silly gunzTarPerm modes [ '777', '666' ]
22218 silly gunzTarPerm modes [ '777', '666' ]
22219 silly gunzTarPerm extractEntry internals/collection-weak.js
22220 silly gunzTarPerm modified mode [ 'internals/collection-weak.js', 420, 438 ]
22221 silly gunzTarPerm extractEntry internals/collection.js
22222 silly gunzTarPerm modified mode [ 'internals/collection.js', 420, 438 ]
22223 silly gunzTarPerm extractEntry
22224 silly gunzTarPerm modified mode [ '', 420, 438 ]
22225 silly gunzTarPerm extractEntry
22226 silly gunzTarPerm modified mode [ '', 420, 438 ]
22227 silly gunzTarPerm extractEntry locale/sv.js
22228 silly gunzTarPerm modified mode [ 'locale/sv.js', 420, 438 ]
22229 silly gunzTarPerm extractEntry esm/locale/sw.js
22230 silly gunzTarPerm modified mode [ 'esm/locale/sw.js', 420, 438 ]
22231 silly gunzTarPerm extractEntry index.js
22232 silly gunzTarPerm modified mode [ 'index.js', 420, 438 ]
22233 silly gunzTarPerm extractEntry package.json
22234 silly gunzTarPerm modified mode [ 'package.json', 420, 438 ]
22235 silly gunzTarPerm extractEntry features/composite-key.js
22236 silly gunzTarPerm modified mode [ 'features/composite-key.js', 420, 438 ]
22237 silly gunzTarPerm extractEntry full/composite-key.js
22238 silly gunzTarPerm modified mode [ 'full/composite-key.js', 420, 438 ]
22239 silly gunzTarPerm extractEntry
22240 silly gunzTarPerm modified mode [ '', 420, 438 ]
22241 silly gunzTarPerm extractEntry
22242 silly gunzTarPerm modified mode [ '', 493, 511 ]
22243 silly gunzTarPerm extractEntry
22244 silly gunzTarPerm modified mode [ '', 420, 438 ]
22245 silly gunzTarPerm extractEntry package.json
22246 silly gunzTarPerm modified mode [ 'package.json', 420, 438 ]
22247 silly gunzTarPerm extractEntry LICENSE.md
22248 silly gunzTarPerm modified mode [ 'LICENSE.md', 420, 438 ]
22249 silly gunzTarPerm extractEntry LICENSE
22250 silly gunzTarPerm modified mode [ 'LICENSE', 420, 438 ]
22251 silly gunzTarPerm extractEntry index.js
22252 silly gunzTarPerm modified mode [ 'index.js', 420, 438 ]
22253 silly gunzTarPerm extractEntry locale/sw.js
22254 silly gunzTarPerm modified mode [ 'locale/sw.js', 420, 438 ]
22255 silly gunzTarPerm extractEntry esm/locale/ta.js
22256 silly gunzTarPerm modified mode [ 'esm/locale/ta.js', 420, 438 ]
22257 silly gunzTarPerm extractEntry internals/composite-key.js
22258 silly gunzTarPerm modified mode [ 'internals/composite-key.js', 420, 438 ]
22259 silly gunzTarPerm extractEntry features/composite-symbol.js
22260 silly gunzTarPerm modified mode [ 'features/composite-symbol.js', 420, 438 ]
22261 silly gunzTarPerm extractEntry
22262 silly gunzTarPerm modified mode [ '', 420, 438 ]
22263 silly gunzTarPerm extractEntry
22264 silly gunzTarPerm modified mode [ '', 420, 438 ]
22265 silly gunzTarPerm extractEntry
22266 silly gunzTarPerm modified mode [ '', 420, 438 ]
22267 silly gunzTarPerm extractEntry
22268 silly gunzTarPerm modified mode [ '', 420, 438 ]
22269 silly gunzTarPerm extractEntry
22270 silly gunzTarPerm modified mode [ '', 420, 438 ]
22271 silly gunzTarPerm extractEntry README.md
22272 silly gunzTarPerm modified mode [ 'README.md', 420, 438 ]
22273 silly gunzTarPerm extractEntry .github/FUNDING.yml
22274 silly gunzTarPerm modified mode [ '.github/FUNDING.yml', 420, 438 ]
22275 silly gunzTarPerm extractEntry lib/Transform/Matrix.d.ts.map
22276 silly gunzTarPerm modified mode [ 'lib/Transform/Matrix.d.ts.map', 420, 438 ]
22277 silly gunzTarPerm extractEntry lib/Document/MissingGlyphElement.d.ts.map
22278 silly gunzTarPerm modified mode [ 'lib/Document/MissingGlyphElement.d.ts.map', 420, 438 ]
22279 silly gunzTarPerm extractEntry lib/Mouse.d.ts.map
22280 silly gunzTarPerm modified mode [ 'lib/Mouse.d.ts.map', 420, 438 ]
22281 silly gunzTarPerm extractEntry .travis.yml
22282 silly gunzTarPerm modified mode [ '.travis.yml', 420, 438 ]
22283 silly gunzTarPerm extractEntry README.markdown
22284 silly gunzTarPerm modified mode [ 'README.markdown', 420, 438 ]
22285 silly gunzTarPerm extractEntry dist/lib/css/property-descriptors/background-color.js.map
22286 silly gunzTarPerm modified mode [ 'dist/lib/css/property-descriptors/background-color.js.map',
22286 silly gunzTarPerm   420,
22286 silly gunzTarPerm   438 ]
22287 silly gunzTarPerm extractEntry locale/ta.js
22288 silly gunzTarPerm modified mode [ 'locale/ta.js', 420, 438 ]
22289 silly gunzTarPerm extractEntry esm/locale/te.js
22290 silly gunzTarPerm modified mode [ 'esm/locale/te.js', 420, 438 ]
22291 silly addNameRange number 2 { name: '@types/pako', range: '>=2.0.3 <3.0.0', hasData: true }
22292 silly addNameRange versions [ '@types/pako',
22292 silly addNameRange   [ '0.2.14-alpha',
22292 silly addNameRange     '0.2.15-alpha',
22292 silly addNameRange     '0.2.20-alpha',
22292 silly addNameRange     '0.2.21-alpha',
22292 silly addNameRange     '0.2.22-alpha',
22292 silly addNameRange     '0.2.23-alpha',
22292 silly addNameRange     '0.2.24-alpha',
22292 silly addNameRange     '0.2.25-alpha',
22292 silly addNameRange     '0.2.26-alpha',
22292 silly addNameRange     '0.2.27',
22292 silly addNameRange     '0.2.28',
22292 silly addNameRange     '0.2.29',
22292 silly addNameRange     '0.2.30',
22292 silly addNameRange     '0.2.31',
22292 silly addNameRange     '1.0.0',
22292 silly addNameRange     '1.0.1',
22292 silly addNameRange     '1.0.2',
22292 silly addNameRange     '1.0.3',
22292 silly addNameRange     '2.0.0',
22292 silly addNameRange     '1.0.4',
22292 silly addNameRange     '2.0.1',
22292 silly addNameRange     '1.0.5',
22292 silly addNameRange     '2.0.2',
22292 silly addNameRange     '1.0.6',
22292 silly addNameRange     '2.0.3',
22292 silly addNameRange     '1.0.7',
22292 silly addNameRange     '2.0.4' ] ]
22293 verbose addNamed @types/pako@2.0.4
22294 silly addNamed semver.valid 2.0.4
22295 silly addNamed semver.validRange 2.0.4
22296 silly gunzTarPerm extractEntry full/composite-symbol.js
22297 silly gunzTarPerm modified mode [ 'full/composite-symbol.js', 420, 438 ]
22298 silly gunzTarPerm extractEntry actual/array/concat.js
22299 silly gunzTarPerm modified mode [ 'actual/array/concat.js', 420, 438 ]
22300 silly gunzTarPerm extractEntry example/map.js
22301 silly gunzTarPerm modified mode [ 'example/map.js', 420, 438 ]
22302 silly gunzTarPerm extractEntry test/map.js
22303 silly gunzTarPerm modified mode [ 'test/map.js', 420, 438 ]
22304 silly cache afterAdd @types/pako@2.0.4
22305 verbose afterAdd C:\Users\Carlos García\AppData\Roaming\npm-cache\@types\pako\2.0.4\package\package.json not in flight; writing
22306 silly gunzTarPerm extractEntry actual/array/virtual/concat.js
22307 silly gunzTarPerm modified mode [ 'actual/array/virtual/concat.js', 420, 438 ]
22308 silly gunzTarPerm extractEntry actual/instance/concat.js
22309 silly gunzTarPerm modified mode [ 'actual/instance/concat.js', 420, 438 ]
22310 verbose afterAdd C:\Users\Carlos García\AppData\Roaming\npm-cache\@types\pako\2.0.4\package\package.json written
22311 silly install resolved [ { name: 'iobuffer',
22311 silly install resolved     version: '5.4.0',
22311 silly install resolved     author: { name: 'Michaël Zasso' },
22311 silly install resolved     license: 'MIT',
22311 silly install resolved     _id: 'iobuffer@5.4.0',
22311 silly install resolved     maintainers: [ [Object], [Object], [Object], [Object] ],
22311 silly install resolved     homepage: 'https://github.com/image-js/iobuffer#readme',
22311 silly install resolved     bugs: { url: 'https://github.com/image-js/iobuffer/issues' },
22311 silly install resolved     dist:
22311 silly install resolved      { shasum: 'f85dff957fd0579257472f0a4cfe5ed3430e63e1',
22311 silly install resolved        tarball: 'https://registry.npmjs.org/iobuffer/-/iobuffer-5.4.0.tgz',
22311 silly install resolved        fileCount: 15,
22311 silly install resolved        integrity: 'sha512-DRebOWuqDvxunfkNJAlc3IzWIPD5xVxwUNbHr7xKB8E6aLJxIPfNX3CoMJghcFjpv6RWQsrcJbghtEwSPoJqMA==',
22311 silly install resolved        signatures: [Object],
22311 silly install resolved        unpackedSize: 98330 },
22311 silly install resolved     main: './lib/IOBuffer.js',
22311 silly install resolved     types: './lib/IOBuffer.d.ts',
22311 silly install resolved     module: './lib-esm/IOBuffer.js',
22311 silly install resolved     gitHead: 'b50e7f9990d71d78918ee1ea1198a7ab2a4915b4',
22311 silly install resolved     scripts:
22311 silly install resolved      { tsc: 'npm run clean && npm run tsc-cjs && npm run tsc-esm',
22311 silly install resolved        test: 'npm run test-only && npm run eslint && npm run prettier && npm run check-types',
22311 silly install resolved        clean: 'rimraf lib lib-esm',
22311 silly install resolved        eslint: 'eslint src',
22311 silly install resolved        prepack: 'npm run tsc',
22311 silly install resolved        'tsc-cjs': 'tsc --project tsconfig.cjs.json',
22311 silly install resolved        'tsc-esm': 'tsc --project tsconfig.esm.json',
22311 silly install resolved        prettier: 'prettier --check src',
22311 silly install resolved        'test-only': 'vitest run --coverage',
22311 silly install resolved        'eslint-fix': 'npm run eslint -- --fix',
22311 silly install resolved        'check-types': 'tsc --noEmit',
22311 silly install resolved        'prettier-write': 'prettier --write src' },
22311 silly install resolved     _npmUser: { name: 'cheminfo-bot', email: 'bot+npm-cheminfo@zakodium.com' },
22311 silly install resolved     repository:
22311 silly install resolved      { url: 'git+https://github.com/image-js/iobuffer.git',
22311 silly install resolved        type: 'git' },
22311 silly install resolved     _npmVersion: '10.8.2',
22311 silly install resolved     description: 'Read and write binary data on ArrayBuffers',
22311 silly install resolved     directories: {},
22311 silly install resolved     _nodeVersion: '20.18.3',
22311 silly install resolved     _hasShrinkwrap: false,
22311 silly install resolved     devDependencies:
22311 silly install resolved      { eslint: '^9.19.0',
22311 silly install resolved        rimraf: '^6.0.1',
22311 silly install resolved        vitest: '^3.0.4',
22311 silly install resolved        prettier: '^3.4.2',
22311 silly install resolved        typescript: '^5.7.3',
22311 silly install resolved        '@types/node': '^22.13.0',
22311 silly install resolved        '@vitest/coverage-v8': '^3.0.4',
22311 silly install resolved        'eslint-config-cheminfo-typescript': '^17.0.0' },
22311 silly install resolved     _npmOperationalInternal:
22311 silly install resolved      { tmp: 'tmp/iobuffer_5.4.0_1741104756932_0.4970197203998563',
22311 silly install resolved        host: 's3://npm-registry-packages-npm-production' },
22311 silly install resolved     _shasum: 'f85dff957fd0579257472f0a4cfe5ed3430e63e1',
22311 silly install resolved     _resolved: 'https://registry.npmjs.org/iobuffer/-/iobuffer-5.4.0.tgz',
22311 silly install resolved     _from: 'iobuffer@>=5.3.2 <6.0.0',
22311 silly install resolved     readme: 'ERROR: No README data found!' },
22311 silly install resolved   { name: 'pako',
22311 silly install resolved     description: 'zlib port to javascript - fast, modularized, with browser support',
22311 silly install resolved     version: '2.1.0',
22311 silly install resolved     keywords: [ 'zlib', 'deflate', 'inflate', 'gzip' ],
22311 silly install resolved     contributors: [ [Object], [Object], [Object], [Object], [Object], [Object] ],
22311 silly install resolved     license: '(MIT AND Zlib)',
22311 silly install resolved     repository: { type: 'git', url: 'git+https://github.com/nodeca/pako.git' },
22311 silly install resolved     module: './dist/pako.esm.mjs',
22311 silly install resolved     exports:
22311 silly install resolved      { '.': [Object],
22311 silly install resolved        './package.json': './package.json',
22311 silly install resolved        './dist/*': './dist/*',
22311 silly install resolved        './lib/*': './lib/*',
22311 silly install resolved        './lib/zlib/*': './lib/zlib/*',
22311 silly install resolved        './lib/utils/*': './lib/utils/*' },
22311 silly install resolved     scripts:
22311 silly install resolved      { lint: 'eslint .',
22311 silly install resolved        test: 'npm run lint && mocha',
22311 silly install resolved        coverage: 'npm run lint && nyc mocha && nyc report --reporter html',
22311 silly install resolved        build: 'rollup -c',
22311 silly install resolved        build_fixtures: 'node support/build_fixtures.js',
22311 silly install resolved        doc: 'node support/build_doc.js',
22311 silly install resolved        'gh-doc': 'npm run doc && gh-pages -d doc -f',
22311 silly install resolved        prepublishOnly: 'npm run gh-doc' },
22311 silly install resolved     devDependencies:
22311 silly install resolved      { '@babel/preset-env': '^7.12.1',
22311 silly install resolved        '@rollup/plugin-babel': '^5.2.1',
22311 silly install resolved        '@rollup/plugin-commonjs': '^16.0.0',
22311 silly install resolved        '@rollup/plugin-node-resolve': '^10.0.0',
22311 silly install resolved        eslint: '^7.13.0',
22311 silly install resolved        'gh-pages': '^3.1.0',
22311 silly install resolved        mocha: '^8.2.1',
22311 silly install resolved        multiparty: '^4.1.3',
22311 silly install resolved        ndoc: '^6.0.0',
22311 silly install resolved        nyc: '^15.1.0',
22311 silly install resolved        rollup: '^2.33.1',
22311 silly install resolved        'rollup-plugin-terser': '^7.0.2',
22311 silly install resolved        shelljs: '^0.8.4' },
22311 silly install resolved     dependencies: {},
22311 silly install resolved     gitHead: '3c06216518c259b569a5168dee867e6dabbe5160',
22311 silly install resolved     bugs: { url: 'https://github.com/nodeca/pako/issues' },
22311 silly install resolved     homepage: 'https://github.com/nodeca/pako#readme',
22311 silly install resolved     _id: 'pako@2.1.0',
22311 silly install resolved     _nodeVersion: '16.13.2',
22311 silly install resolved     _npmVersion: '8.1.2',
22311 silly install resolved     dist:
22311 silly install resolved      { integrity: 'sha512-w+eufiZ1WuJYgPXbV/PO3NCMEc3xqylkKHzp8bxp1uW4qaSNQUkwmLLEc3kKsfz8lpV1F8Ht3U1Cm+9Srog2ug==',
22311 silly install resolved        shasum: '266cc37f98c7d883545d11335c00fbd4062c9a86',
22311 silly install resolved        tarball: 'https://registry.npmjs.org/pako/-/pako-2.1.0.tgz',
22311 silly install resolved        fileCount: 33,
22311 silly install resolved        unpackedSize: 1640808,
22311 silly install resolved        signatures: [Object],
22311 silly install resolved        'npm-signature': '-----BEGIN PGP SIGNATURE-----\r\nVersion: OpenPGP.js v4.10.10\r\nComment: https://openpgpjs.org\r\n\r\nwsFzBAEBCAAGBQJjaFkRACEJED1NWxICdlZqFiEECWMYAoorWMhJKdjhPU1b\r\nEgJ2Vmrriw/9G65D5fa9GKy7ZrziN5UDy6S1T6n/idXnfzeDmN5RtKzbmNIO\r\nVkv9UOrlrQ4GilfhUd4vYVr5Lz0dpPq9ePBtoyN3M4+JUJTsDAFszopymp/p\r\nZbHAuu0PKSKX8axuiMoI3Q5cu7bEVy5QG3XH0I64gYq9cVJAisZglJsDZnVE\r\n12i6hhiVeJFOkkCJ/jEOLw2YMeJQ2qqwm4EFAZV+IWFweQa1wJ3CixhTN9d6\r\ndwfe+62qHiY4o+1KJGtqQ7Spuh4HCUYanqchOCP6nBM/a9z7n2/RQupi7ULp\r\nZ0Ye5S+nCHIMud/qMaXNyDUMTbxpy/XyJ31HcR4BtWGH4peqxCBbstkImvgN\r\nAPYg+mBShAV3uIU/RrSL1SvzFOk49/xgR8cnaGUVCXIonmi5Dg0POs3Al/b1\r\n0LGZpvkxL1+EOGrFZ53UKme8IHHILFKqNOW7dUSrXVEOvmKiVQEb2fzyVdoh\r\nsIo/3+RdG83UCBaHoyJpCvfMN8wmMhMG6xWlzzYTRr/gGa9bjk2ClMyVngX2\r\ncFKXcTdtMxFEvOdWUCLRyz2lfVk4mp+vDy8fgaM16njk8OWsZ8mQwPA1e20N\r\nM7StxbdeFaGNlVz0lRSQyVULxMVAxbe7XMHinpbAnFUzd34cw7/dlUOdwU9D\r\ndeQldjwMleTGGi3mEzYOFfQq/UBQJhBRkS4=\r\n=KVC3\r\n-----END PGP SIGNATURE-----\r\n' },
22311 silly install resolved     _npmUser: { name: 'vitaly', email: 'vitaly@rcopen.com' },
22311 silly install resolved     directories: {},
22311 silly install resolved     maintainers: [ [Object] ],
22311 silly install resolved     _npmOperationalInternal:
22311 silly install resolved      { host: 's3://npm-registry-packages',
22311 silly install resolved        tmp: 'tmp/pako_2.1.0_1667782929687_0.9916786283944898' },
22311 silly install resolved     _hasShrinkwrap: false,
22311 silly install resolved     _shasum: '266cc37f98c7d883545d11335c00fbd4062c9a86',
22311 silly install resolved     _resolved: 'https://registry.npmjs.org/pako/-/pako-2.1.0.tgz',
22311 silly install resolved     _from: 'pako@>=2.1.0 <3.0.0',
22311 silly install resolved     readme: 'ERROR: No README data found!' },
22311 silly install resolved   { name: '@types/pako',
22311 silly install resolved     version: '2.0.4',
22311 silly install resolved     license: 'MIT',
22311 silly install resolved     _id: '@types/pako@2.0.4',
22311 silly install resolved     maintainers: [ [Object] ],
22311 silly install resolved     contributors: [ [Object], [Object], [Object] ],
22311 silly install resolved     homepage: 'https://github.com/DefinitelyTyped/DefinitelyTyped/tree/master/types/pako',
22311 silly install resolved     dist:
22311 silly install resolved      { shasum: 'c3575ef8125e176c345fa0e7b301c1db41170c15',
22311 silly install resolved        tarball: 'https://registry.npmjs.org/@types/pako/-/pako-2.0.4.tgz',
22311 silly install resolved        fileCount: 5,
22311 silly install resolved        integrity: 'sha512-VWDCbrLeVXJM9fihYodcLiIv0ku+AlOa/TQ1SvYOaBuyrSKgEcro95LJyIsJ4vSo6BXIxOKxiJAat04CmST9Fw==',
22311 silly install resolved        signatures: [Object],
22311 silly install resolved        unpackedSize: 8069 },
22311 silly install resolved     main: '',
22311 silly install resolved     types: 'index.d.ts',
22311 silly install resolved     scripts: {},
22311 silly install resolved     _npmUser: { name: 'types', email: 'ts-npm-types@microsoft.com' },
22311 silly install resolved     repository:
22311 silly install resolved      { url: 'https://github.com/DefinitelyTyped/DefinitelyTyped.git',
22311 silly install resolved        type: 'git',
22311 silly install resolved        directory: 'types/pako' },
22311 silly install resolved     description: 'TypeScript definitions for pako',
22311 silly install resolved     directories: {},
22311 silly install resolved     dependencies: {},
22311 silly install resolved     _hasShrinkwrap: false,
22311 silly install resolved     peerDependencies: {},
22311 silly install resolved     typeScriptVersion: '5.2',
22311 silly install resolved     _npmOperationalInternal:
22311 silly install resolved      { tmp: 'tmp/pako_2.0.4_1755247280999_0.6727386402005824',
22311 silly install resolved        host: 's3://npm-registry-packages-npm-production' },
22311 silly install resolved     typesPublisherContentHash: '1aa5b0407205ecaf32d7e7dfdb7cd3a7a87fad829f92f3c51eea48dc08742b89',
22311 silly install resolved     _shasum: 'c3575ef8125e176c345fa0e7b301c1db41170c15',
22311 silly install resolved     _resolved: 'https://registry.npmjs.org/@types/pako/-/pako-2.0.4.tgz',
22311 silly install resolved     _from: '@types/pako@>=2.0.3 <3.0.0',
22311 silly install resolved     bugs: { url: 'https://github.com/DefinitelyTyped/DefinitelyTyped/issues' },
22311 silly install resolved     readme: 'ERROR: No README data found!' } ]
22312 info install iobuffer@5.4.0 into C:\chef-master-pro\node_modules\jspdf\node_modules\fast-png
22313 info install pako@2.1.0 into C:\chef-master-pro\node_modules\jspdf\node_modules\fast-png
22314 info install @types/pako@2.0.4 into C:\chef-master-pro\node_modules\jspdf\node_modules\fast-png
22315 info installOne iobuffer@5.4.0
22316 verbose installOne of iobuffer to C:\chef-master-pro\node_modules\jspdf\node_modules\fast-png not in flight; installing
22317 info installOne pako@2.1.0
22318 verbose installOne of pako to C:\chef-master-pro\node_modules\jspdf\node_modules\fast-png not in flight; installing
22319 info installOne @types/pako@2.0.4
22320 verbose installOne of @types/pako to C:\chef-master-pro\node_modules\jspdf\node_modules\fast-png not in flight; installing
22321 silly gunzTarPerm extractEntry actual/iterator/concat.js
22322 silly gunzTarPerm modified mode [ 'actual/iterator/concat.js', 420, 438 ]
22323 silly gunzTarPerm extractEntry es/array/concat.js
22324 silly gunzTarPerm modified mode [ 'es/array/concat.js', 420, 438 ]
22325 verbose lock using C:\Users\Carlos García\AppData\Roaming\npm-cache\_locks\iobuffer-ad37446e2d7521fb.lock for C:\chef-master-pro\node_modules\jspdf\node_modules\fast-png\node_modules\iobuffer
22326 verbose lock using C:\Users\Carlos García\AppData\Roaming\npm-cache\_locks\pako-44a83c83f668748b.lock for C:\chef-master-pro\node_modules\jspdf\node_modules\fast-png\node_modules\pako
22327 verbose lock using C:\Users\Carlos García\AppData\Roaming\npm-cache\_locks\types-pako-96bda1d6fb88b662.lock for C:\chef-master-pro\node_modules\jspdf\node_modules\fast-png\node_modules\@types\pako
22328 silly install write writing iobuffer 5.4.0 to C:\chef-master-pro\node_modules\jspdf\node_modules\fast-png\node_modules\iobuffer
22329 silly cache addNamed cb iobuffer@5.4.0
22330 verbose unbuild node_modules\jspdf\node_modules\fast-png\node_modules\iobuffer
22331 silly install write writing pako 2.1.0 to C:\chef-master-pro\node_modules\jspdf\node_modules\fast-png\node_modules\pako
22332 silly cache addNamed cb pako@2.1.0
22333 verbose unbuild node_modules\jspdf\node_modules\fast-png\node_modules\pako
22334 silly install write writing @types/pako 2.0.4 to C:\chef-master-pro\node_modules\jspdf\node_modules\fast-png\node_modules\@types\pako
22335 silly cache addNamed cb @types/pako@2.0.4
22336 verbose unbuild node_modules\jspdf\node_modules\fast-png\node_modules\@types\pako
22337 silly gentlyRm C:\chef-master-pro\node_modules\jspdf\node_modules\fast-png\node_modules\iobuffer is being purged from base C:\chef-master-pro
22338 verbose gentlyRm don't care about contents; nuking C:\chef-master-pro\node_modules\jspdf\node_modules\fast-png\node_modules\iobuffer
22339 silly gentlyRm C:\chef-master-pro\node_modules\jspdf\node_modules\fast-png\node_modules\pako is being purged from base C:\chef-master-pro
22340 verbose gentlyRm don't care about contents; nuking C:\chef-master-pro\node_modules\jspdf\node_modules\fast-png\node_modules\pako
22341 silly gentlyRm C:\chef-master-pro\node_modules\jspdf\node_modules\fast-png\node_modules\@types\pako is being purged from base C:\chef-master-pro
22342 verbose gentlyRm don't care about contents; nuking C:\chef-master-pro\node_modules\jspdf\node_modules\fast-png\node_modules\@types\pako
22343 verbose tar unpack C:\Users\Carlos García\AppData\Roaming\npm-cache\iobuffer\5.4.0\package.tgz
22344 verbose tar unpacking to C:\chef-master-pro\node_modules\jspdf\node_modules\fast-png\node_modules\iobuffer
22345 silly gentlyRm C:\chef-master-pro\node_modules\jspdf\node_modules\fast-png\node_modules\iobuffer is being purged
22346 verbose gentlyRm don't care about contents; nuking C:\chef-master-pro\node_modules\jspdf\node_modules\fast-png\node_modules\iobuffer
22347 verbose tar unpack C:\Users\Carlos García\AppData\Roaming\npm-cache\pako\2.1.0\package.tgz
22348 verbose tar unpacking to C:\chef-master-pro\node_modules\jspdf\node_modules\fast-png\node_modules\pako
22349 silly gentlyRm C:\chef-master-pro\node_modules\jspdf\node_modules\fast-png\node_modules\pako is being purged
22350 verbose gentlyRm don't care about contents; nuking C:\chef-master-pro\node_modules\jspdf\node_modules\fast-png\node_modules\pako
22351 verbose tar unpack C:\Users\Carlos García\AppData\Roaming\npm-cache\@types\pako\2.0.4\package.tgz
22352 verbose tar unpacking to C:\chef-master-pro\node_modules\jspdf\node_modules\fast-png\node_modules\@types\pako
22353 silly gentlyRm C:\chef-master-pro\node_modules\jspdf\node_modules\fast-png\node_modules\@types\pako is being purged
22354 verbose gentlyRm don't care about contents; nuking C:\chef-master-pro\node_modules\jspdf\node_modules\fast-png\node_modules\@types\pako
22355 silly gunzTarPerm modes [ '777', '666' ]
22356 silly gunzTarPerm modes [ '777', '666' ]
22357 silly gunzTarPerm modes [ '777', '666' ]
22358 silly gunzTarPerm extractEntry locale/te.js
22359 silly gunzTarPerm modified mode [ 'locale/te.js', 420, 438 ]
22360 silly gunzTarPerm extractEntry esm/locale/tet.js
22361 silly gunzTarPerm modified mode [ 'esm/locale/tet.js', 420, 438 ]
22362 silly gunzTarPerm extractEntry es/array/virtual/concat.js
22363 silly gunzTarPerm modified mode [ 'es/array/virtual/concat.js', 420, 438 ]
22364 silly gunzTarPerm extractEntry es/instance/concat.js
22365 silly gunzTarPerm modified mode [ 'es/instance/concat.js', 420, 438 ]
22366 silly gunzTarPerm extractEntry
22367 silly gunzTarPerm modified mode [ '', 420, 438 ]
22368 silly gunzTarPerm extractEntry
22369 silly gunzTarPerm modified mode [ '', 420, 438 ]
22370 silly gunzTarPerm extractEntry LICENSE
22371 silly gunzTarPerm modified mode [ 'LICENSE', 420, 438 ]
22372 silly gunzTarPerm extractEntry
22373 silly gunzTarPerm modified mode [ '', 493, 511 ]
22374 silly gunzTarPerm extractEntry LICENSE
22375 silly gunzTarPerm modified mode [ 'LICENSE', 420, 438 ]
22376 silly gunzTarPerm extractEntry dist/lib/css/property-descriptors/background-image.js.map
22377 silly gunzTarPerm modified mode [ 'dist/lib/css/property-descriptors/background-image.js.map',
22377 silly gunzTarPerm   420,
22377 silly gunzTarPerm   438 ]
22378 silly gunzTarPerm extractEntry lib/presets/node.d.ts.map
22379 silly gunzTarPerm modified mode [ 'lib/presets/node.d.ts.map', 420, 438 ]
22380 silly gunzTarPerm extractEntry lib-esm/IOBuffer.js
22381 silly gunzTarPerm modified mode [ 'lib-esm/IOBuffer.js', 420, 438 ]
22382 silly gunzTarPerm extractEntry lib/IOBuffer.js
22383 silly gunzTarPerm modified mode [ 'lib/IOBuffer.js', 420, 438 ]
22384 silly gunzTarPerm extractEntry lib-esm/text.js
22385 silly gunzTarPerm modified mode [ 'lib-esm/text.js', 420, 438 ]
22386 silly gunzTarPerm extractEntry lib/text.js
22387 silly gunzTarPerm modified mode [ 'lib/text.js', 420, 438 ]
22388 silly gunzTarPerm extractEntry package.json
22389 silly gunzTarPerm modified mode [ 'package.json', 420, 438 ]
22390 silly gunzTarPerm extractEntry lib-esm/IOBuffer.js.map
22391 silly gunzTarPerm modified mode [ 'lib-esm/IOBuffer.js.map', 420, 438 ]
22392 silly gunzTarPerm extractEntry lib/IOBuffer.js.map
22393 silly gunzTarPerm modified mode [ 'lib/IOBuffer.js.map', 420, 438 ]
22394 silly gunzTarPerm extractEntry lib-esm/text.js.map
22395 silly gunzTarPerm modified mode [ 'lib-esm/text.js.map', 420, 438 ]
22396 silly gunzTarPerm extractEntry lib/text.js.map
22397 silly gunzTarPerm modified mode [ 'lib/text.js.map', 420, 438 ]
22398 silly gunzTarPerm extractEntry README.md
22399 silly gunzTarPerm modified mode [ 'README.md', 420, 438 ]
22400 silly gunzTarPerm extractEntry lib/IOBuffer.d.ts
22401 silly gunzTarPerm modified mode [ 'lib/IOBuffer.d.ts', 420, 438 ]
22402 silly gunzTarPerm extractEntry src/IOBuffer.ts
22403 silly gunzTarPerm modified mode [ 'src/IOBuffer.ts', 420, 438 ]
22404 silly gunzTarPerm extractEntry lib/text.d.ts
22405 silly gunzTarPerm modified mode [ 'lib/text.d.ts', 420, 438 ]
22406 silly gunzTarPerm extractEntry src/text.ts
22407 silly gunzTarPerm modified mode [ 'src/text.ts', 420, 438 ]
22408 silly gunzTarPerm extractEntry lib/zlib/README
22409 silly gunzTarPerm modified mode [ 'lib/zlib/README', 420, 438 ]
22410 silly gunzTarPerm extractEntry lib/zlib/adler32.js
22411 silly gunzTarPerm modified mode [ 'lib/zlib/adler32.js', 420, 438 ]
22412 silly gunzTarPerm extractEntry locale/tet.js
22413 silly gunzTarPerm modified mode [ 'locale/tet.js', 420, 438 ]
22414 silly gunzTarPerm extractEntry esm/locale/tg.js
22415 silly gunzTarPerm modified mode [ 'esm/locale/tg.js', 420, 438 ]
22416 silly gunzTarPerm extractEntry es/iterator/concat.js
22417 silly gunzTarPerm modified mode [ 'es/iterator/concat.js', 420, 438 ]
22418 silly gunzTarPerm extractEntry features/array/concat.js
22419 silly gunzTarPerm modified mode [ 'features/array/concat.js', 420, 438 ]
22420 silly gunzTarPerm extractEntry
22421 silly gunzTarPerm modified mode [ '', 420, 438 ]
22422 silly gunzTarPerm extractEntry
22423 silly gunzTarPerm modified mode [ '', 420, 438 ]
22424 silly gunzTarPerm extractEntry
22425 silly gunzTarPerm modified mode [ '', 420, 438 ]
22426 silly gunzTarPerm extractEntry
22427 silly gunzTarPerm modified mode [ '', 420, 438 ]
22428 silly gunzTarPerm extractEntry features/array/virtual/concat.js
22429 silly gunzTarPerm modified mode [ 'features/array/virtual/concat.js', 420, 438 ]
22430 silly gunzTarPerm extractEntry features/instance/concat.js
22431 silly gunzTarPerm modified mode [ 'features/instance/concat.js', 420, 438 ]
22432 silly gunzTarPerm extractEntry lib/utils/common.js
22433 silly gunzTarPerm modified mode [ 'lib/utils/common.js', 420, 438 ]
22434 silly gunzTarPerm extractEntry lib/zlib/constants.js
22435 silly gunzTarPerm modified mode [ 'lib/zlib/constants.js', 420, 438 ]
22436 silly gunzTarPerm extractEntry locale/tg.js
22437 silly gunzTarPerm modified mode [ 'locale/tg.js', 420, 438 ]
22438 silly gunzTarPerm extractEntry esm/locale/th.js
22439 silly gunzTarPerm modified mode [ 'esm/locale/th.js', 420, 438 ]
22440 info preinstall balanced-match@1.0.2
22441 silly gunzTarPerm extractEntry features/iterator/concat.js
22442 silly gunzTarPerm modified mode [ 'features/iterator/concat.js', 420, 438 ]
22443 silly gunzTarPerm extractEntry full/array/concat.js
22444 silly gunzTarPerm modified mode [ 'full/array/concat.js', 420, 438 ]
22445 silly install resolved []
22446 verbose about to build C:\chef-master-pro\node_modules\exceljs\node_modules\unzipper\node_modules\fstream\node_modules\rimraf\node_modules\glob\node_modules\minimatch\node_modules\brace-expansion\node_modules\balanced-match
22447 info build C:\chef-master-pro\node_modules\exceljs\node_modules\unzipper\node_modules\fstream\node_modules\rimraf\node_modules\glob\node_modules\minimatch\node_modules\brace-expansion\node_modules\balanced-match
22448 verbose linkStuff [ false,
22448 verbose linkStuff   false,
22448 verbose linkStuff   false,
22448 verbose linkStuff   'C:\\chef-master-pro\\node_modules\\exceljs\\node_modules\\unzipper\\node_modules\\fstream\\node_modules\\rimraf\\node_modules\\glob\\node_modules\\minimatch\\node_modules\\brace-expansion\\node_modules' ]
22449 info linkStuff balanced-match@1.0.2
22450 verbose linkBins balanced-match@1.0.2
22451 verbose linkMans balanced-match@1.0.2
22452 verbose rebuildBundles balanced-match@1.0.2
22453 info install balanced-match@1.0.2
22454 info postinstall balanced-match@1.0.2
22455 silly gunzTarPerm extractEntry full/array/virtual/concat.js
22456 silly gunzTarPerm modified mode [ 'full/array/virtual/concat.js', 420, 438 ]
22457 silly gunzTarPerm extractEntry full/instance/concat.js
22458 silly gunzTarPerm modified mode [ 'full/instance/concat.js', 420, 438 ]
22459 silly gunzTarPerm extractEntry
22460 silly gunzTarPerm modified mode [ '', 420, 438 ]
22461 silly gunzTarPerm extractEntry lib/zlib/crc32.js
22462 silly gunzTarPerm modified mode [ 'lib/zlib/crc32.js', 420, 438 ]
22463 silly gunzTarPerm extractEntry lib/deflate.js
22464 silly gunzTarPerm modified mode [ 'lib/deflate.js', 420, 438 ]
22465 verbose unlock done using C:\Users\Carlos García\AppData\Roaming\npm-cache\_locks\balanced-match-ef7ef10e7aa817b7.lock for C:\chef-master-pro\node_modules\exceljs\node_modules\unzipper\node_modules\fstream\node_modules\rimraf\node_modules\glob\node_modules\minimatch\node_modules\brace-expansion\node_modules\balanced-match
22466 info preinstall concat-map@0.0.1
22467 silly gunzTarPerm extractEntry dist/lib/css/property-descriptors/background-origin.js.map
22468 silly gunzTarPerm modified mode [ 'dist/lib/css/property-descriptors/background-origin.js.map',
22468 silly gunzTarPerm   420,
22468 silly gunzTarPerm   438 ]
22469 silly gunzTarPerm extractEntry lib/presets/offscreen.d.ts.map
22470 silly gunzTarPerm modified mode [ 'lib/presets/offscreen.d.ts.map', 420, 438 ]
22471 silly gunzTarPerm extractEntry full/iterator/concat.js
22472 silly gunzTarPerm modified mode [ 'full/iterator/concat.js', 420, 438 ]
22473 silly gunzTarPerm extractEntry stable/array/concat.js
22474 silly gunzTarPerm modified mode [ 'stable/array/concat.js', 420, 438 ]
22475 silly install resolved []
22476 verbose about to build C:\chef-master-pro\node_modules\exceljs\node_modules\unzipper\node_modules\fstream\node_modules\rimraf\node_modules\glob\node_modules\minimatch\node_modules\brace-expansion\node_modules\concat-map
22477 info build C:\chef-master-pro\node_modules\exceljs\node_modules\unzipper\node_modules\fstream\node_modules\rimraf\node_modules\glob\node_modules\minimatch\node_modules\brace-expansion\node_modules\concat-map
22478 verbose linkStuff [ false,
22478 verbose linkStuff   false,
22478 verbose linkStuff   false,
22478 verbose linkStuff   'C:\\chef-master-pro\\node_modules\\exceljs\\node_modules\\unzipper\\node_modules\\fstream\\node_modules\\rimraf\\node_modules\\glob\\node_modules\\minimatch\\node_modules\\brace-expansion\\node_modules' ]
22479 info linkStuff concat-map@0.0.1
22480 verbose linkBins concat-map@0.0.1
22481 verbose linkMans concat-map@0.0.1
22482 verbose rebuildBundles concat-map@0.0.1
22483 info install concat-map@0.0.1
22484 info postinstall concat-map@0.0.1
22485 silly gunzTarPerm extractEntry
22486 silly gunzTarPerm modified mode [ '', 420, 438 ]
22487 silly gunzTarPerm extractEntry
22488 silly gunzTarPerm modified mode [ '', 493, 511 ]
22489 silly gunzTarPerm extractEntry
22490 silly gunzTarPerm modified mode [ '', 420, 438 ]
22491 verbose unlock done using C:\Users\Carlos García\AppData\Roaming\npm-cache\_locks\concat-map-9f88004336492634.lock for C:\chef-master-pro\node_modules\exceljs\node_modules\unzipper\node_modules\fstream\node_modules\rimraf\node_modules\glob\node_modules\minimatch\node_modules\brace-expansion\node_modules\concat-map
22492 verbose about to build C:\chef-master-pro\node_modules\exceljs\node_modules\unzipper\node_modules\fstream\node_modules\rimraf\node_modules\glob\node_modules\minimatch\node_modules\brace-expansion
22493 info build C:\chef-master-pro\node_modules\exceljs\node_modules\unzipper\node_modules\fstream\node_modules\rimraf\node_modules\glob\node_modules\minimatch\node_modules\brace-expansion
22494 verbose linkStuff [ false,
22494 verbose linkStuff   false,
22494 verbose linkStuff   false,
22494 verbose linkStuff   'C:\\chef-master-pro\\node_modules\\exceljs\\node_modules\\unzipper\\node_modules\\fstream\\node_modules\\rimraf\\node_modules\\glob\\node_modules\\minimatch\\node_modules' ]
22495 info linkStuff brace-expansion@1.1.14
22496 verbose linkBins brace-expansion@1.1.14
22497 verbose linkMans brace-expansion@1.1.14
22498 verbose rebuildBundles brace-expansion@1.1.14
22499 silly gunzTarPerm extractEntry locale/th.js
22500 silly gunzTarPerm modified mode [ 'locale/th.js', 420, 438 ]
22501 silly gunzTarPerm extractEntry plugin/timezone.js
22502 silly gunzTarPerm modified mode [ 'plugin/timezone.js', 420, 438 ]
22503 silly gunzTarPerm extractEntry lib/zlib/deflate.js
22504 silly gunzTarPerm modified mode [ 'lib/zlib/deflate.js', 420, 438 ]
22505 verbose rebuildBundles [ 'balanced-match', 'concat-map' ]
22506 info install brace-expansion@1.1.14
22507 silly gunzTarPerm extractEntry stable/array/virtual/concat.js
22508 silly gunzTarPerm modified mode [ 'stable/array/virtual/concat.js', 420, 438 ]
22509 silly gunzTarPerm extractEntry stable/instance/concat.js
22510 silly gunzTarPerm modified mode [ 'stable/instance/concat.js', 420, 438 ]
22511 info postinstall brace-expansion@1.1.14
22512 verbose unlock done using C:\Users\Carlos García\AppData\Roaming\npm-cache\_locks\brace-expansion-2abb3e0e7ee32563.lock for C:\chef-master-pro\node_modules\exceljs\node_modules\unzipper\node_modules\fstream\node_modules\rimraf\node_modules\glob\node_modules\minimatch\node_modules\brace-expansion
22513 verbose about to build C:\chef-master-pro\node_modules\exceljs\node_modules\unzipper\node_modules\fstream\node_modules\rimraf\node_modules\glob\node_modules\minimatch
22514 info build C:\chef-master-pro\node_modules\exceljs\node_modules\unzipper\node_modules\fstream\node_modules\rimraf\node_modules\glob\node_modules\minimatch
22515 verbose linkStuff [ false,
22515 verbose linkStuff   false,
22515 verbose linkStuff   false,
22515 verbose linkStuff   'C:\\chef-master-pro\\node_modules\\exceljs\\node_modules\\unzipper\\node_modules\\fstream\\node_modules\\rimraf\\node_modules\\glob\\node_modules' ]
22516 info linkStuff minimatch@3.1.5
22517 verbose linkBins minimatch@3.1.5
22518 verbose linkMans minimatch@3.1.5
22519 verbose rebuildBundles minimatch@3.1.5
22520 verbose rebuildBundles [ 'brace-expansion' ]
22521 info install minimatch@3.1.5
22522 silly gunzTarPerm extractEntry esm/locale/tk.js
22523 silly gunzTarPerm modified mode [ 'esm/locale/tk.js', 420, 438 ]
22524 silly gunzTarPerm extractEntry locale/tk.js
22525 silly gunzTarPerm modified mode [ 'locale/tk.js', 420, 438 ]
22526 info postinstall minimatch@3.1.5
22527 silly gunzTarPerm extractEntry stable/iterator/concat.js
22528 silly gunzTarPerm modified mode [ 'stable/iterator/concat.js', 420, 438 ]
22529 silly gunzTarPerm extractEntry configurator.js
22530 silly gunzTarPerm modified mode [ 'configurator.js', 420, 438 ]
22531 silly gunzTarPerm extractEntry lib/zlib/gzheader.js
22532 silly gunzTarPerm modified mode [ 'lib/zlib/gzheader.js', 420, 438 ]
22533 silly gunzTarPerm extractEntry index.js
22534 silly gunzTarPerm modified mode [ 'index.js', 420, 438 ]
22535 verbose unlock done using C:\Users\Carlos García\AppData\Roaming\npm-cache\_locks\minimatch-5edcf82713c14d56.lock for C:\chef-master-pro\node_modules\exceljs\node_modules\unzipper\node_modules\fstream\node_modules\rimraf\node_modules\glob\node_modules\minimatch
22536 verbose about to build C:\chef-master-pro\node_modules\exceljs\node_modules\unzipper\node_modules\fstream\node_modules\rimraf\node_modules\glob
22537 info build C:\chef-master-pro\node_modules\exceljs\node_modules\unzipper\node_modules\fstream\node_modules\rimraf\node_modules\glob
22538 verbose linkStuff [ false,
22538 verbose linkStuff   false,
22538 verbose linkStuff   false,
22538 verbose linkStuff   'C:\\chef-master-pro\\node_modules\\exceljs\\node_modules\\unzipper\\node_modules\\fstream\\node_modules\\rimraf\\node_modules' ]
22539 info linkStuff glob@7.2.3
22540 verbose linkBins glob@7.2.3
22541 verbose linkMans glob@7.2.3
22542 verbose rebuildBundles glob@7.2.3
22543 verbose rebuildBundles [ 'fs.realpath',
22543 verbose rebuildBundles   'inflight',
22543 verbose rebuildBundles   'minimatch',
22543 verbose rebuildBundles   'once',
22543 verbose rebuildBundles   'path-is-absolute' ]
22544 info install glob@7.2.3
22545 info postinstall glob@7.2.3
22546 silly gunzTarPerm extractEntry esm/locale/tl-ph.js
22547 silly gunzTarPerm modified mode [ 'esm/locale/tl-ph.js', 420, 438 ]
22548 silly gunzTarPerm extractEntry locale/tl-ph.js
22549 silly gunzTarPerm modified mode [ 'locale/tl-ph.js', 420, 438 ]
22550 silly gunzTarPerm extractEntry actual/reflect/construct.js
22551 silly gunzTarPerm modified mode [ 'actual/reflect/construct.js', 420, 438 ]
22552 silly gunzTarPerm extractEntry es/reflect/construct.js
22553 silly gunzTarPerm modified mode [ 'es/reflect/construct.js', 420, 438 ]
22554 silly gunzTarPerm extractEntry
22555 silly gunzTarPerm modified mode [ '', 420, 438 ]
22556 verbose unlock done using C:\Users\Carlos García\AppData\Roaming\npm-cache\_locks\glob-2c2f8a20a69e597e.lock for C:\chef-master-pro\node_modules\exceljs\node_modules\unzipper\node_modules\fstream\node_modules\rimraf\node_modules\glob
22557 verbose about to build C:\chef-master-pro\node_modules\exceljs\node_modules\unzipper\node_modules\fstream\node_modules\rimraf
22558 info build C:\chef-master-pro\node_modules\exceljs\node_modules\unzipper\node_modules\fstream\node_modules\rimraf
22559 verbose linkStuff [ false,
22559 verbose linkStuff   false,
22559 verbose linkStuff   false,
22559 verbose linkStuff   'C:\\chef-master-pro\\node_modules\\exceljs\\node_modules\\unzipper\\node_modules\\fstream\\node_modules' ]
22560 info linkStuff rimraf@2.7.1
22561 verbose linkBins rimraf@2.7.1
22562 verbose link bins [ { rimraf: './bin.js' },
22562 verbose link bins   'C:\\chef-master-pro\\node_modules\\exceljs\\node_modules\\unzipper\\node_modules\\fstream\\node_modules\\.bin',
22562 verbose link bins   false ]
22563 verbose linkMans rimraf@2.7.1
22564 verbose rebuildBundles rimraf@2.7.1
22565 silly gunzTarPerm extractEntry dist/lib/css/property-descriptors/background-position.js.map
22566 silly gunzTarPerm modified mode [ 'dist/lib/css/property-descriptors/background-position.js.map',
22566 silly gunzTarPerm   420,
22566 silly gunzTarPerm   438 ]
22567 verbose rebuildBundles [ 'glob' ]
22568 silly gunzTarPerm extractEntry lib/Parser.d.ts.map
22569 silly gunzTarPerm modified mode [ 'lib/Parser.d.ts.map', 420, 438 ]
22570 silly gunzTarPerm extractEntry lib/zlib/inffast.js
22571 silly gunzTarPerm modified mode [ 'lib/zlib/inffast.js', 420, 438 ]
22572 silly gunzTarPerm extractEntry lib/inflate.js
22573 silly gunzTarPerm modified mode [ 'lib/inflate.js', 420, 438 ]
22574 verbose unlock done using C:\Users\Carlos García\AppData\Roaming\npm-cache\_locks\types-pako-96bda1d6fb88b662.lock for C:\chef-master-pro\node_modules\jspdf\node_modules\fast-png\node_modules\@types\pako
22575 silly gunzTarPerm extractEntry esm/locale/tlh.js
22576 silly gunzTarPerm modified mode [ 'esm/locale/tlh.js', 420, 438 ]
22577 silly gunzTarPerm extractEntry locale/tlh.js
22578 silly gunzTarPerm modified mode [ 'locale/tlh.js', 420, 438 ]
22579 silly gunzTarPerm extractEntry features/reflect/construct.js
22580 silly gunzTarPerm modified mode [ 'features/reflect/construct.js', 420, 438 ]
22581 silly gunzTarPerm extractEntry full/reflect/construct.js
22582 silly gunzTarPerm modified mode [ 'full/reflect/construct.js', 420, 438 ]
22583 silly gunzTarPerm extractEntry
22584 silly gunzTarPerm modified mode [ '', 420, 438 ]
22585 silly gunzTarPerm extractEntry lib/zlib/inflate.js
22586 silly gunzTarPerm modified mode [ 'lib/zlib/inflate.js', 420, 438 ]
22587 silly gunzTarPerm extractEntry lib/zlib/inftrees.js
22588 silly gunzTarPerm modified mode [ 'lib/zlib/inftrees.js', 420, 438 ]
22589 info install rimraf@2.7.1
22590 silly gunzTarPerm extractEntry stable/reflect/construct.js
22591 silly gunzTarPerm modified mode [ 'stable/reflect/construct.js', 420, 438 ]
22592 silly gunzTarPerm extractEntry actual/array-buffer/constructor.js
22593 silly gunzTarPerm modified mode [ 'actual/array-buffer/constructor.js', 420, 438 ]
22594 info postinstall rimraf@2.7.1
22595 silly gunzTarPerm extractEntry plugin/toArray.js
22596 silly gunzTarPerm modified mode [ 'plugin/toArray.js', 420, 438 ]
22597 silly gunzTarPerm extractEntry plugin/toObject.js
22598 silly gunzTarPerm modified mode [ 'plugin/toObject.js', 420, 438 ]
22599 verbose unlock done using C:\Users\Carlos García\AppData\Roaming\npm-cache\_locks\rimraf-e4af1647c0273c1e.lock for C:\chef-master-pro\node_modules\exceljs\node_modules\unzipper\node_modules\fstream\node_modules\rimraf
22600 verbose about to build C:\chef-master-pro\node_modules\exceljs\node_modules\unzipper\node_modules\fstream
22601 info build C:\chef-master-pro\node_modules\exceljs\node_modules\unzipper\node_modules\fstream
22602 verbose linkStuff [ false,
22602 verbose linkStuff   false,
22602 verbose linkStuff   false,
22602 verbose linkStuff   'C:\\chef-master-pro\\node_modules\\exceljs\\node_modules\\unzipper\\node_modules' ]
22603 info linkStuff fstream@1.0.12
22604 verbose linkBins fstream@1.0.12
22605 verbose linkMans fstream@1.0.12
22606 verbose rebuildBundles fstream@1.0.12
22607 verbose rebuildBundles [ '.bin', 'inherits', 'mkdirp', 'rimraf' ]
22608 info install fstream@1.0.12
22609 silly gunzTarPerm extractEntry actual/async-disposable-stack/constructor.js
22610 silly gunzTarPerm modified mode [ 'actual/async-disposable-stack/constructor.js', 420, 438 ]
22611 silly gunzTarPerm extractEntry actual/disposable-stack/constructor.js
22612 silly gunzTarPerm modified mode [ 'actual/disposable-stack/constructor.js', 420, 438 ]
22613 info postinstall fstream@1.0.12
22614 silly gunzTarPerm extractEntry esm/locale/tr.js
22615 silly gunzTarPerm modified mode [ 'esm/locale/tr.js', 420, 438 ]
22616 silly gunzTarPerm extractEntry locale/tr.js
22617 silly gunzTarPerm modified mode [ 'locale/tr.js', 420, 438 ]
22618 verbose unlock done using C:\Users\Carlos García\AppData\Roaming\npm-cache\_locks\fstream-7b67ef5784ed0838.lock for C:\chef-master-pro\node_modules\exceljs\node_modules\unzipper\node_modules\fstream
22619 silly gunzTarPerm extractEntry actual/dom-exception/constructor.js
22620 silly gunzTarPerm modified mode [ 'actual/dom-exception/constructor.js', 420, 438 ]
22621 silly gunzTarPerm extractEntry actual/error/constructor.js
22622 silly gunzTarPerm modified mode [ 'actual/error/constructor.js', 420, 438 ]
22623 silly gunzTarPerm extractEntry
22624 silly gunzTarPerm modified mode [ '', 420, 438 ]
22625 silly gunzTarPerm extractEntry dist/lib/css/property-descriptors/background-repeat.js.map
22626 silly gunzTarPerm modified mode [ 'dist/lib/css/property-descriptors/background-repeat.js.map',
22626 silly gunzTarPerm   420,
22626 silly gunzTarPerm   438 ]
22627 silly gunzTarPerm extractEntry lib/Document/PathElement.d.ts.map
22628 silly gunzTarPerm modified mode [ 'lib/Document/PathElement.d.ts.map', 420, 438 ]
22629 silly gunzTarPerm extractEntry esm/locale/tzl.js
22630 silly gunzTarPerm modified mode [ 'esm/locale/tzl.js', 420, 438 ]
22631 silly gunzTarPerm extractEntry locale/tzl.js
22632 silly gunzTarPerm modified mode [ 'locale/tzl.js', 420, 438 ]
22633 silly gunzTarPerm extractEntry actual/number/constructor.js
22634 silly gunzTarPerm modified mode [ 'actual/number/constructor.js', 420, 438 ]
22635 silly gunzTarPerm extractEntry actual/regexp/constructor.js
22636 silly gunzTarPerm modified mode [ 'actual/regexp/constructor.js', 420, 438 ]
22637 silly gunzTarPerm extractEntry lib/zlib/messages.js
22638 silly gunzTarPerm modified mode [ 'lib/zlib/messages.js', 420, 438 ]
22639 silly gunzTarPerm extractEntry dist/pako_deflate.es5.js
22640 silly gunzTarPerm modified mode [ 'dist/pako_deflate.es5.js', 420, 438 ]
22641 silly gunzTarPerm extractEntry esm/locale/tzm-latn.js
22642 silly gunzTarPerm modified mode [ 'esm/locale/tzm-latn.js', 420, 438 ]
22643 silly gunzTarPerm extractEntry locale/tzm-latn.js
22644 silly gunzTarPerm modified mode [ 'locale/tzm-latn.js', 420, 438 ]
22645 silly gunzTarPerm extractEntry
22646 silly gunzTarPerm modified mode [ '', 420, 438 ]
22647 silly gunzTarPerm extractEntry es/array-buffer/constructor.js
22648 silly gunzTarPerm modified mode [ 'es/array-buffer/constructor.js', 420, 438 ]
22649 silly gunzTarPerm extractEntry es/async-disposable-stack/constructor.js
22650 silly gunzTarPerm modified mode [ 'es/async-disposable-stack/constructor.js', 420, 438 ]
22651 silly gunzTarPerm extractEntry esm/locale/tzm.js
22652 silly gunzTarPerm modified mode [ 'esm/locale/tzm.js', 420, 438 ]
22653 silly gunzTarPerm extractEntry locale/tzm.js
22654 silly gunzTarPerm modified mode [ 'locale/tzm.js', 420, 438 ]
22655 silly gunzTarPerm extractEntry es/disposable-stack/constructor.js
22656 silly gunzTarPerm modified mode [ 'es/disposable-stack/constructor.js', 420, 438 ]
22657 silly gunzTarPerm extractEntry es/error/constructor.js
22658 silly gunzTarPerm modified mode [ 'es/error/constructor.js', 420, 438 ]
22659 silly gunzTarPerm extractEntry esm/locale/ug-cn.js
22660 silly gunzTarPerm modified mode [ 'esm/locale/ug-cn.js', 420, 438 ]
22661 silly gunzTarPerm extractEntry locale/ug-cn.js
22662 silly gunzTarPerm modified mode [ 'locale/ug-cn.js', 420, 438 ]
22663 silly gunzTarPerm extractEntry
22664 silly gunzTarPerm modified mode [ '', 420, 438 ]
22665 silly gunzTarPerm extractEntry dist/lib/css/property-descriptors/background-size.js.map
22666 silly gunzTarPerm modified mode [ 'dist/lib/css/property-descriptors/background-size.js.map',
22666 silly gunzTarPerm   420,
22666 silly gunzTarPerm   438 ]
22667 silly gunzTarPerm extractEntry es/number/constructor.js
22668 silly gunzTarPerm modified mode [ 'es/number/constructor.js', 420, 438 ]
22669 silly gunzTarPerm extractEntry es/regexp/constructor.js
22670 silly gunzTarPerm modified mode [ 'es/regexp/constructor.js', 420, 438 ]
22671 silly gunzTarPerm extractEntry lib/PathParser.d.ts.map
22672 silly gunzTarPerm modified mode [ 'lib/PathParser.d.ts.map', 420, 438 ]
22673 silly gunzTarPerm extractEntry esm/locale/uk.js
22674 silly gunzTarPerm modified mode [ 'esm/locale/uk.js', 420, 438 ]
22675 silly gunzTarPerm extractEntry locale/uk.js
22676 silly gunzTarPerm modified mode [ 'locale/uk.js', 420, 438 ]
22677 silly gunzTarPerm extractEntry features/array-buffer/constructor.js
22678 silly gunzTarPerm modified mode [ 'features/array-buffer/constructor.js', 420, 438 ]
22679 silly gunzTarPerm extractEntry features/async-disposable-stack/constructor.js
22680 silly gunzTarPerm modified mode [ 'features/async-disposable-stack/constructor.js', 420, 438 ]
22681 silly gunzTarPerm extractEntry dist/pako_deflate.es5.min.js
22682 silly gunzTarPerm modified mode [ 'dist/pako_deflate.es5.min.js', 420, 438 ]
22683 silly gunzTarPerm extractEntry
22684 silly gunzTarPerm modified mode [ '', 420, 438 ]
22685 silly gunzTarPerm extractEntry features/disposable-stack/constructor.js
22686 silly gunzTarPerm modified mode [ 'features/disposable-stack/constructor.js', 420, 438 ]
22687 silly gunzTarPerm extractEntry features/dom-exception/constructor.js
22688 silly gunzTarPerm modified mode [ 'features/dom-exception/constructor.js', 420, 438 ]
22689 silly gunzTarPerm extractEntry plugin/updateLocale.js
22690 silly gunzTarPerm modified mode [ 'plugin/updateLocale.js', 420, 438 ]
22691 silly gunzTarPerm extractEntry esm/locale/ur.js
22692 silly gunzTarPerm modified mode [ 'esm/locale/ur.js', 420, 438 ]
22693 silly gunzTarPerm extractEntry features/error/constructor.js
22694 silly gunzTarPerm modified mode [ 'features/error/constructor.js', 420, 438 ]
22695 silly gunzTarPerm extractEntry features/number/constructor.js
22696 silly gunzTarPerm modified mode [ 'features/number/constructor.js', 420, 438 ]
22697 silly gunzTarPerm extractEntry
22698 silly gunzTarPerm modified mode [ '', 420, 438 ]
22699 silly gunzTarPerm extractEntry dist/lib/css/property-descriptors/__tests__/background-tests.js.map
22700 silly gunzTarPerm modified mode [ 'dist/lib/css/property-descriptors/__tests__/background-tests.js.map',
22700 silly gunzTarPerm   420,
22700 silly gunzTarPerm   438 ]
22701 silly gunzTarPerm extractEntry lib/Document/PatternElement.d.ts.map
22702 silly gunzTarPerm modified mode [ 'lib/Document/PatternElement.d.ts.map', 420, 438 ]
22703 silly gunzTarPerm extractEntry locale/ur.js
22704 silly gunzTarPerm modified mode [ 'locale/ur.js', 420, 438 ]
22705 silly gunzTarPerm extractEntry plugin/utc.js
22706 silly gunzTarPerm modified mode [ 'plugin/utc.js', 420, 438 ]
22707 silly gunzTarPerm extractEntry features/regexp/constructor.js
22708 silly gunzTarPerm modified mode [ 'features/regexp/constructor.js', 420, 438 ]
22709 silly gunzTarPerm extractEntry full/array-buffer/constructor.js
22710 silly gunzTarPerm modified mode [ 'full/array-buffer/constructor.js', 420, 438 ]
22711 silly gunzTarPerm extractEntry
22712 silly gunzTarPerm modified mode [ '', 420, 438 ]
22713 silly gunzTarPerm extractEntry
22714 silly gunzTarPerm modified mode [ '', 420, 438 ]
22715 silly gunzTarPerm extractEntry dist/pako_deflate.js
22716 silly gunzTarPerm modified mode [ 'dist/pako_deflate.js', 420, 438 ]
22717 silly gunzTarPerm extractEntry esm/plugin/localizedFormat/utils.js
22718 silly gunzTarPerm modified mode [ 'esm/plugin/localizedFormat/utils.js', 420, 438 ]
22719 silly gunzTarPerm extractEntry esm/utils.js
22720 silly gunzTarPerm modified mode [ 'esm/utils.js', 420, 438 ]
22721 silly gunzTarPerm extractEntry full/async-disposable-stack/constructor.js
22722 silly gunzTarPerm modified mode [ 'full/async-disposable-stack/constructor.js', 420, 438 ]
22723 silly gunzTarPerm extractEntry full/disposable-stack/constructor.js
22724 silly gunzTarPerm modified mode [ 'full/disposable-stack/constructor.js', 420, 438 ]
22725 silly gunzTarPerm extractEntry full/dom-exception/constructor.js
22726 silly gunzTarPerm modified mode [ 'full/dom-exception/constructor.js', 420, 438 ]
22727 silly gunzTarPerm extractEntry full/error/constructor.js
22728 silly gunzTarPerm modified mode [ 'full/error/constructor.js', 420, 438 ]
22729 silly gunzTarPerm extractEntry esm/locale/uz-latn.js
22730 silly gunzTarPerm modified mode [ 'esm/locale/uz-latn.js', 420, 438 ]
22731 silly gunzTarPerm extractEntry locale/uz-latn.js
22732 silly gunzTarPerm modified mode [ 'locale/uz-latn.js', 420, 438 ]
22733 silly gunzTarPerm extractEntry full/number/constructor.js
22734 silly gunzTarPerm modified mode [ 'full/number/constructor.js', 420, 438 ]
22735 silly gunzTarPerm extractEntry full/regexp/constructor.js
22736 silly gunzTarPerm modified mode [ 'full/regexp/constructor.js', 420, 438 ]
22737 silly gunzTarPerm extractEntry
22738 silly gunzTarPerm modified mode [ '', 420, 438 ]
22739 silly gunzTarPerm extractEntry dist/lib/render/background.js.map
22740 silly gunzTarPerm modified mode [ 'dist/lib/render/background.js.map', 420, 438 ]
22741 silly gunzTarPerm extractEntry lib/Point.d.ts.map
22742 silly gunzTarPerm modified mode [ 'lib/Point.d.ts.map', 420, 438 ]
22743 silly gunzTarPerm extractEntry esm/locale/uz.js
22744 silly gunzTarPerm modified mode [ 'esm/locale/uz.js', 420, 438 ]
22745 silly gunzTarPerm extractEntry locale/uz.js
22746 silly gunzTarPerm modified mode [ 'locale/uz.js', 420, 438 ]
22747 silly gunzTarPerm extractEntry stable/array-buffer/constructor.js
22748 silly gunzTarPerm modified mode [ 'stable/array-buffer/constructor.js', 420, 438 ]
22749 silly gunzTarPerm extractEntry stable/async-disposable-stack/constructor.js
22750 silly gunzTarPerm modified mode [ 'stable/async-disposable-stack/constructor.js', 420, 438 ]
22751 silly gunzTarPerm extractEntry dist/pako_deflate.min.js
22752 silly gunzTarPerm modified mode [ 'dist/pako_deflate.min.js', 420, 438 ]
22753 silly gunzTarPerm extractEntry esm/locale/vi.js
22754 silly gunzTarPerm modified mode [ 'esm/locale/vi.js', 420, 438 ]
22755 silly gunzTarPerm extractEntry locale/vi.js
22756 silly gunzTarPerm modified mode [ 'locale/vi.js', 420, 438 ]
22757 silly gunzTarPerm extractEntry stable/disposable-stack/constructor.js
22758 silly gunzTarPerm modified mode [ 'stable/disposable-stack/constructor.js', 420, 438 ]
22759 silly gunzTarPerm extractEntry stable/dom-exception/constructor.js
22760 silly gunzTarPerm modified mode [ 'stable/dom-exception/constructor.js', 420, 438 ]
22761 silly gunzTarPerm extractEntry stable/error/constructor.js
22762 silly gunzTarPerm modified mode [ 'stable/error/constructor.js', 420, 438 ]
22763 silly gunzTarPerm extractEntry stable/number/constructor.js
22764 silly gunzTarPerm modified mode [ 'stable/number/constructor.js', 420, 438 ]
22765 silly gunzTarPerm extractEntry plugin/weekday.js
22766 silly gunzTarPerm modified mode [ 'plugin/weekday.js', 420, 438 ]
22767 silly gunzTarPerm extractEntry plugin/weekOfYear.js
22768 silly gunzTarPerm modified mode [ 'plugin/weekOfYear.js', 420, 438 ]
22769 silly gunzTarPerm extractEntry
22770 silly gunzTarPerm modified mode [ '', 420, 438 ]
22771 silly gunzTarPerm extractEntry
22772 silly gunzTarPerm modified mode [ '', 420, 438 ]
22773 silly gunzTarPerm extractEntry
22774 silly gunzTarPerm modified mode [ '', 420, 438 ]
22775 silly gunzTarPerm extractEntry stable/regexp/constructor.js
22776 silly gunzTarPerm modified mode [ 'stable/regexp/constructor.js', 420, 438 ]
22777 silly gunzTarPerm extractEntry features/string/cooked.js
22778 silly gunzTarPerm modified mode [ 'features/string/cooked.js', 420, 438 ]
22779 silly gunzTarPerm extractEntry
22780 silly gunzTarPerm modified mode [ '', 420, 438 ]
22781 silly gunzTarPerm extractEntry
22782 silly gunzTarPerm modified mode [ '', 420, 438 ]
22783 silly gunzTarPerm extractEntry dist/lib/render/bezier-curve.js.map
22784 silly gunzTarPerm modified mode [ 'dist/lib/render/bezier-curve.js.map', 420, 438 ]
22785 silly gunzTarPerm extractEntry lib/Document/PolygonElement.d.ts.map
22786 silly gunzTarPerm modified mode [ 'lib/Document/PolygonElement.d.ts.map', 420, 438 ]
22787 silly gunzTarPerm extractEntry full/string/cooked.js
22788 silly gunzTarPerm modified mode [ 'full/string/cooked.js', 420, 438 ]
22789 silly gunzTarPerm extractEntry internals/copy-constructor-properties.js
22790 silly gunzTarPerm modified mode [ 'internals/copy-constructor-properties.js', 420, 438 ]
22791 silly gunzTarPerm extractEntry plugin/weekYear.js
22792 silly gunzTarPerm modified mode [ 'plugin/weekYear.js', 420, 438 ]
22793 silly gunzTarPerm extractEntry esm/locale/x-pseudo.js
22794 silly gunzTarPerm modified mode [ 'esm/locale/x-pseudo.js', 420, 438 ]
22795 silly gunzTarPerm extractEntry actual/array/copy-within.js
22796 silly gunzTarPerm modified mode [ 'actual/array/copy-within.js', 420, 438 ]
22797 silly gunzTarPerm extractEntry actual/array/virtual/copy-within.js
22798 silly gunzTarPerm modified mode [ 'actual/array/virtual/copy-within.js', 420, 438 ]
22799 silly gunzTarPerm extractEntry dist/pako_inflate.es5.js
22800 silly gunzTarPerm modified mode [ 'dist/pako_inflate.es5.js', 420, 438 ]
22801 silly gunzTarPerm extractEntry
22802 silly gunzTarPerm modified mode [ '', 420, 438 ]
22803 silly gunzTarPerm extractEntry
22804 silly gunzTarPerm modified mode [ '', 420, 438 ]
22805 silly gunzTarPerm extractEntry
22806 silly gunzTarPerm modified mode [ '', 420, 438 ]
22807 silly gunzTarPerm extractEntry locale/x-pseudo.js
22808 silly gunzTarPerm modified mode [ 'locale/x-pseudo.js', 420, 438 ]
22809 silly gunzTarPerm extractEntry esm/locale/yo.js
22810 silly gunzTarPerm modified mode [ 'esm/locale/yo.js', 420, 438 ]
22811 silly gunzTarPerm extractEntry actual/instance/copy-within.js
22812 silly gunzTarPerm modified mode [ 'actual/instance/copy-within.js', 420, 438 ]
22813 silly gunzTarPerm extractEntry actual/typed-array/copy-within.js
22814 silly gunzTarPerm modified mode [ 'actual/typed-array/copy-within.js', 420, 438 ]
22815 silly gunzTarPerm extractEntry es/array/copy-within.js
22816 silly gunzTarPerm modified mode [ 'es/array/copy-within.js', 420, 438 ]
22817 silly gunzTarPerm extractEntry es/array/virtual/copy-within.js
22818 silly gunzTarPerm modified mode [ 'es/array/virtual/copy-within.js', 420, 438 ]
22819 silly gunzTarPerm extractEntry dist/pako_inflate.es5.min.js
22820 silly gunzTarPerm modified mode [ 'dist/pako_inflate.es5.min.js', 420, 438 ]
22821 silly gunzTarPerm extractEntry
22822 silly gunzTarPerm modified mode [ '', 420, 438 ]
22823 silly gunzTarPerm extractEntry es/instance/copy-within.js
22824 silly gunzTarPerm modified mode [ 'es/instance/copy-within.js', 420, 438 ]
22825 silly gunzTarPerm extractEntry es/typed-array/copy-within.js
22826 silly gunzTarPerm modified mode [ 'es/typed-array/copy-within.js', 420, 438 ]
22827 silly gunzTarPerm extractEntry dist/lib/core/bitwise.js.map
22828 silly gunzTarPerm modified mode [ 'dist/lib/core/bitwise.js.map', 420, 438 ]
22829 silly gunzTarPerm extractEntry lib/Document/PolylineElement.d.ts.map
22830 silly gunzTarPerm modified mode [ 'lib/Document/PolylineElement.d.ts.map', 420, 438 ]
22831 silly gunzTarPerm extractEntry locale/yo.js
22832 silly gunzTarPerm modified mode [ 'locale/yo.js', 420, 438 ]
22833 silly gunzTarPerm extractEntry esm/locale/zh-cn.js
22834 silly gunzTarPerm modified mode [ 'esm/locale/zh-cn.js', 420, 438 ]
22835 silly gunzTarPerm extractEntry dist/pako_inflate.js
22836 silly gunzTarPerm modified mode [ 'dist/pako_inflate.js', 420, 438 ]
22837 silly gunzTarPerm extractEntry dist/pako_inflate.min.js
22838 silly gunzTarPerm modified mode [ 'dist/pako_inflate.min.js', 420, 438 ]
22839 silly gunzTarPerm extractEntry features/array/copy-within.js
22840 silly gunzTarPerm modified mode [ 'features/array/copy-within.js', 420, 438 ]
22841 silly gunzTarPerm extractEntry features/array/virtual/copy-within.js
22842 silly gunzTarPerm modified mode [ 'features/array/virtual/copy-within.js', 420, 438 ]
22843 info preinstall jszip@3.10.1
22844 silly prepareForInstallMany adding lie@~3.3.0 from jszip dependencies
22845 silly prepareForInstallMany adding pako@~1.0.2 from jszip dependencies
22846 silly prepareForInstallMany adding readable-stream@~2.3.6 from jszip dependencies
22847 silly prepareForInstallMany adding setimmediate@^1.0.5 from jszip dependencies
22848 silly gunzTarPerm extractEntry locale/zh-cn.js
22849 silly gunzTarPerm modified mode [ 'locale/zh-cn.js', 420, 438 ]
22850 silly gunzTarPerm extractEntry esm/locale/zh-hk.js
22851 silly gunzTarPerm modified mode [ 'esm/locale/zh-hk.js', 420, 438 ]
22852 silly gunzTarPerm extractEntry dist/pako.es5.js
22853 silly gunzTarPerm modified mode [ 'dist/pako.es5.js', 420, 438 ]
22854 silly cache add args [ 'setimmediate@^1.0.5', null ]
22855 verbose cache add spec setimmediate@^1.0.5
22856 silly cache add parsed spec { raw: 'setimmediate@^1.0.5',
22856 silly cache add   scope: null,
22856 silly cache add   name: 'setimmediate',
22856 silly cache add   rawSpec: '^1.0.5',
22856 silly cache add   spec: '>=1.0.5 <2.0.0',
22856 silly cache add   type: 'range' }
22857 verbose addNamed setimmediate@>=1.0.5 <2.0.0
22858 silly addNamed semver.valid null
22859 silly addNamed semver.validRange >=1.0.5 <2.0.0
22860 silly addNameRange { name: 'setimmediate', range: '>=1.0.5 <2.0.0', hasData: false }
22861 silly mapToRegistry name setimmediate
22862 silly mapToRegistry using default registry
22863 silly mapToRegistry registry https://registry.npmjs.org/
22864 silly mapToRegistry uri https://registry.npmjs.org/setimmediate
22865 verbose addNameRange registry:https://registry.npmjs.org/setimmediate not in flight; fetching
22866 silly gunzTarPerm extractEntry features/instance/copy-within.js
22867 silly gunzTarPerm modified mode [ 'features/instance/copy-within.js', 420, 438 ]
22868 silly gunzTarPerm extractEntry features/typed-array/copy-within.js
22869 silly gunzTarPerm modified mode [ 'features/typed-array/copy-within.js', 420, 438 ]
22870 info preinstall fflate@0.8.2
22871 silly cache add args [ 'lie@~3.3.0', null ]
22872 verbose cache add spec lie@~3.3.0
22873 silly cache add parsed spec { raw: 'lie@~3.3.0',
22873 silly cache add   scope: null,
22873 silly cache add   name: 'lie',
22873 silly cache add   rawSpec: '~3.3.0',
22873 silly cache add   spec: '>=3.3.0 <3.4.0',
22873 silly cache add   type: 'range' }
22874 verbose addNamed lie@>=3.3.0 <3.4.0
22875 silly addNamed semver.valid null
22876 silly addNamed semver.validRange >=3.3.0 <3.4.0
22877 silly addNameRange { name: 'lie', range: '>=3.3.0 <3.4.0', hasData: false }
22878 silly mapToRegistry name lie
22879 silly mapToRegistry using default registry
22880 silly mapToRegistry registry https://registry.npmjs.org/
22881 silly mapToRegistry uri https://registry.npmjs.org/lie
22882 verbose addNameRange registry:https://registry.npmjs.org/lie not in flight; fetching
22883 silly cache add args [ 'pako@~1.0.2', null ]
22884 verbose cache add spec pako@~1.0.2
22885 silly cache add parsed spec { raw: 'pako@~1.0.2',
22885 silly cache add   scope: null,
22885 silly cache add   name: 'pako',
22885 silly cache add   rawSpec: '~1.0.2',
22885 silly cache add   spec: '>=1.0.2 <1.1.0',
22885 silly cache add   type: 'range' }
22886 verbose addNamed pako@>=1.0.2 <1.1.0
22887 silly addNamed semver.valid null
22888 silly addNamed semver.validRange >=1.0.2 <1.1.0
22889 silly addNameRange { name: 'pako', range: '>=1.0.2 <1.1.0', hasData: false }
22890 silly mapToRegistry name pako
22891 silly mapToRegistry using default registry
22892 silly mapToRegistry registry https://registry.npmjs.org/
22893 silly mapToRegistry uri https://registry.npmjs.org/pako
22894 verbose addNameRange registry:https://registry.npmjs.org/pako not in flight; fetching
22895 silly gunzTarPerm extractEntry
22896 silly gunzTarPerm modified mode [ '', 420, 438 ]
22897 silly cache add args [ 'readable-stream@~2.3.6', null ]
22898 verbose cache add spec readable-stream@~2.3.6
22899 silly cache add parsed spec { raw: 'readable-stream@~2.3.6',
22899 silly cache add   scope: null,
22899 silly cache add   name: 'readable-stream',
22899 silly cache add   rawSpec: '~2.3.6',
22899 silly cache add   spec: '>=2.3.6 <2.4.0',
22899 silly cache add   type: 'range' }
22900 verbose addNamed readable-stream@>=2.3.6 <2.4.0
22901 silly addNamed semver.valid null
22902 silly addNamed semver.validRange >=2.3.6 <2.4.0
22903 silly addNameRange { name: 'readable-stream',
22903 silly addNameRange   range: '>=2.3.6 <2.4.0',
22903 silly addNameRange   hasData: false }
22904 silly mapToRegistry name readable-stream
22905 silly mapToRegistry using default registry
22906 silly mapToRegistry registry https://registry.npmjs.org/
22907 silly mapToRegistry uri https://registry.npmjs.org/readable-stream
22908 verbose addNameRange registry:https://registry.npmjs.org/readable-stream not in flight; fetching
22909 verbose get https://registry.npmjs.org/setimmediate not expired, no request
22910 silly addNameRange number 2 { name: 'setimmediate', range: '>=1.0.5 <2.0.0', hasData: true }
22911 silly addNameRange versions [ 'setimmediate',
22911 silly addNameRange   [ '1.0.0', '1.0.1', '1.0.2', '1.0.3', '1.0.4', '1.0.5' ] ]
22912 verbose addNamed setimmediate@1.0.5
22913 silly addNamed semver.valid 1.0.5
22914 silly addNamed semver.validRange 1.0.5
22915 silly gunzTarPerm extractEntry locale/zh-hk.js
22916 silly gunzTarPerm modified mode [ 'locale/zh-hk.js', 420, 438 ]
22917 silly gunzTarPerm extractEntry esm/locale/zh-tw.js
22918 silly gunzTarPerm modified mode [ 'esm/locale/zh-tw.js', 420, 438 ]
22919 silly install resolved []
22920 verbose about to build C:\chef-master-pro\node_modules\jspdf\node_modules\fflate
22921 info build C:\chef-master-pro\node_modules\jspdf\node_modules\fflate
22922 verbose linkStuff [ false,
22922 verbose linkStuff   false,
22922 verbose linkStuff   false,
22922 verbose linkStuff   'C:\\chef-master-pro\\node_modules\\jspdf\\node_modules' ]
22923 info linkStuff fflate@0.8.2
22924 verbose linkBins fflate@0.8.2
22925 verbose linkMans fflate@0.8.2
22926 verbose rebuildBundles fflate@0.8.2
22927 silly cache afterAdd setimmediate@1.0.5
22928 verbose afterAdd C:\Users\Carlos García\AppData\Roaming\npm-cache\setimmediate\1.0.5\package\package.json not in flight; writing
22929 info install fflate@0.8.2
22930 verbose request uri https://registry.npmjs.org/lie
22931 verbose request no auth needed
22932 info attempt registry request try #1 at 10:27:33
22933 verbose etag W/"bd2dc8110164181b5c7e4249f2b2535b"
22934 verbose lastModified Sun, 19 Jun 2022 12:13:01 GMT
22935 http request GET https://registry.npmjs.org/lie
22936 verbose get https://registry.npmjs.org/pako not expired, no request
22937 silly addNameRange number 2 { name: 'pako', range: '>=1.0.2 <1.1.0', hasData: true }
22938 silly addNameRange versions [ 'pako',
22938 silly addNameRange   [ '0.0.0',
22938 silly addNameRange     '0.1.0',
22938 silly addNameRange     '0.1.1',
22938 silly addNameRange     '0.2.0',
22938 silly addNameRange     '0.2.1',
22938 silly addNameRange     '0.2.2',
22938 silly addNameRange     '0.2.3',
22938 silly addNameRange     '0.2.4',
22938 silly addNameRange     '0.2.5',
22938 silly addNameRange     '0.2.6',
22938 silly addNameRange     '0.2.7',
22938 silly addNameRange     '0.2.8',
22938 silly addNameRange     '1.0.0',
22938 silly addNameRange     '1.0.1',
22938 silly addNameRange     '1.0.2',
22938 silly addNameRange     '0.2.9',
22938 silly addNameRange     '1.0.3',
22938 silly addNameRange     '1.0.4',
22938 silly addNameRange     '1.0.5',
22938 silly addNameRange     '1.0.6',
22938 silly addNameRange     '1.0.7',
22938 silly addNameRange     '1.0.8',
22938 silly addNameRange     '1.0.9',
22938 silly addNameRange     '1.0.10',
22938 silly addNameRange     '1.0.11',
22938 silly addNameRange     '2.0.0',
22938 silly addNameRange     '2.0.1',
22938 silly addNameRange     '2.0.2',
22938 silly addNameRange     '2.0.3',
22938 silly addNameRange     '2.0.4',
22938 silly addNameRange     '2.1.0' ] ]
22939 verbose addNamed pako@1.0.11
22940 silly addNamed semver.valid 1.0.11
22941 silly addNamed semver.validRange 1.0.11
22942 verbose get https://registry.npmjs.org/readable-stream not expired, no request
22943 silly addNameRange number 2 { name: 'readable-stream',
22943 silly addNameRange   range: '>=2.3.6 <2.4.0',
22943 silly addNameRange   hasData: true }
22944 silly addNameRange versions [ 'readable-stream',
22944 silly addNameRange   [ '0.0.1',
22944 silly addNameRange     '0.0.2',
22944 silly addNameRange     '0.0.3',
22944 silly addNameRange     '0.0.4',
22944 silly addNameRange     '0.1.0',
22944 silly addNameRange     '0.2.0',
22944 silly addNameRange     '0.3.0',
22944 silly addNameRange     '0.3.1',
22944 silly addNameRange     '1.0.0',
22944 silly addNameRange     '1.0.1',
22944 silly addNameRange     '1.0.2',
22944 silly addNameRange     '1.0.15',
22944 silly addNameRange     '1.0.17',
22944 silly addNameRange     '1.1.7',
22944 silly addNameRange     '1.1.8',
22944 silly addNameRange     '1.1.9',
22944 silly addNameRange     '1.0.24',
22944 silly addNameRange     '1.1.10',
22944 silly addNameRange     '1.0.25',
22944 silly addNameRange     '1.0.25-1',
22944 silly addNameRange     '1.1.11',
22944 silly addNameRange     '1.0.26',
22944 silly addNameRange     '1.0.26-1',
22944 silly addNameRange     '1.1.11-1',
22944 silly addNameRange     '1.0.26-2',
22944 silly addNameRange     '1.1.12',
22944 silly addNameRange     '1.0.26-3',
22944 silly addNameRange     '1.0.26-4',
22944 silly addNameRange     '1.1.12-1',
22944 silly addNameRange     '1.0.27-1',
22944 silly addNameRange     '1.1.13-1',
22944 silly addNameRange     '1.0.31',
22944 silly addNameRange     '1.1.13',
22944 silly addNameRange     '1.0.32',
22944 silly addNameRange     '1.0.32-1',
22944 silly addNameRange     '1.0.33-1',
22944 silly addNameRange     '1.0.33-2',
22944 silly addNameRange     '1.0.33',
22944 silly addNameRange     '2.0.0',
22944 silly addNameRange     '2.0.1',
22944 silly addNameRange     '2.0.2',
22944 silly addNameRange     '2.0.3',
22944 silly addNameRange     '2.0.4',
22944 silly addNameRange     '2.0.5',
22944 silly addNameRange     '2.0.6',
22944 silly addNameRange     '1.0.34',
22944 silly addNameRange     '1.1.14',
22944 silly addNameRange     '2.1.0',
22944 silly addNameRange     '2.1.1',
22944 silly addNameRange     '2.1.2',
22944 silly addNameRange     '2.1.3',
22944 silly addNameRange     '2.1.4',
22944 silly addNameRange     '2.1.5',
22944 silly addNameRange     '2.2.0',
22944 silly addNameRange     '2.2.1',
22944 silly addNameRange     '2.2.2',
22944 silly addNameRange     '2.2.3',
22944 silly addNameRange     '2.2.4',
22944 silly addNameRange     '2.2.5',
22944 silly addNameRange     '2.2.6',
22944 silly addNameRange     '2.2.7',
22944 silly addNameRange     '2.2.8',
22944 silly addNameRange     '2.2.9',
22944 silly addNameRange     '2.2.10',
22944 silly addNameRange     '2.2.11',
22944 silly addNameRange     '2.3.0',
22944 silly addNameRange     '2.3.1',
22944 silly addNameRange     '2.3.2',
22944 silly addNameRange     '2.3.3',
22944 silly addNameRange     '2.3.4',
22944 silly addNameRange     '2.3.5',
22944 silly addNameRange     '2.3.6',
22944 silly addNameRange     '3.0.0-rc.1',
22944 silly addNameRange     '3.0.0-rc.2',
22944 silly addNameRange     '3.0.0-rc.3',
22944 silly addNameRange     '3.0.0',
22944 silly addNameRange     '3.0.1',
22944 silly addNameRange     '3.0.2',
22944 silly addNameRange     '3.0.3',
22944 silly addNameRange     '3.0.4',
22944 silly addNameRange     '3.0.5',
22944 silly addNameRange     '3.0.6',
22944 silly addNameRange     '3.1.0',
22944 silly addNameRange     '3.1.1',
22944 silly addNameRange     '3.2.0',
22944 silly addNameRange     '3.3.0',
22944 silly addNameRange     '3.4.0',
22944 silly addNameRange     '2.3.7',
22944 silly addNameRange     '3.5.0',
22944 silly addNameRange     '3.6.0',
22944 silly addNameRange     '4.0.0',
22944 silly addNameRange     '4.1.0',
22944 silly addNameRange     '4.2.0',
22944 silly addNameRange     '4.3.0',
22944 silly addNameRange     '2.3.8',
22944 silly addNameRange     '3.6.1',
22944 silly addNameRange     '3.6.2',
22944 silly addNameRange     '4.4.0',
22944 silly addNameRange     '4.4.1',
22944 silly addNameRange     '4.4.2',
22944 silly addNameRange     '4.5.0',
22944 silly addNameRange     '4.5.1',
22944 silly addNameRange     '4.5.2',
22944 silly addNameRange     '4.6.0',
22944 silly addNameRange     '4.7.0' ] ]
22945 verbose addNamed readable-stream@2.3.8
22946 silly addNamed semver.valid 2.3.8
22947 silly addNamed semver.validRange 2.3.8
22948 silly gunzTarPerm extractEntry full/array/copy-within.js
22949 silly gunzTarPerm modified mode [ 'full/array/copy-within.js', 420, 438 ]
22950 silly gunzTarPerm extractEntry full/array/virtual/copy-within.js
22951 silly gunzTarPerm modified mode [ 'full/array/virtual/copy-within.js', 420, 438 ]
22952 info postinstall fflate@0.8.2
22953 silly gunzTarPerm extractEntry
22954 silly gunzTarPerm modified mode [ '', 420, 438 ]
22955 silly gunzTarPerm extractEntry
22956 silly gunzTarPerm modified mode [ '', 420, 438 ]
22957 silly cache afterAdd readable-stream@2.3.8
22958 verbose afterAdd C:\Users\Carlos García\AppData\Roaming\npm-cache\readable-stream\2.3.8\package\package.json not in flight; writing
22959 verbose unlock done using C:\Users\Carlos García\AppData\Roaming\npm-cache\_locks\fflate-607c1a6bb33738a1.lock for C:\chef-master-pro\node_modules\jspdf\node_modules\fflate
22960 verbose afterAdd C:\Users\Carlos García\AppData\Roaming\npm-cache\setimmediate\1.0.5\package\package.json written
22961 silly cache afterAdd pako@1.0.11
22962 verbose afterAdd C:\Users\Carlos García\AppData\Roaming\npm-cache\pako\1.0.11\package\package.json not in flight; writing
22963 silly gunzTarPerm extractEntry
22964 silly gunzTarPerm modified mode [ '', 420, 438 ]
22965 silly gunzTarPerm extractEntry
22966 silly gunzTarPerm modified mode [ '', 420, 438 ]
22967 silly gunzTarPerm extractEntry full/instance/copy-within.js
22968 silly gunzTarPerm modified mode [ 'full/instance/copy-within.js', 420, 438 ]
22969 silly gunzTarPerm extractEntry full/typed-array/copy-within.js
22970 silly gunzTarPerm modified mode [ 'full/typed-array/copy-within.js', 420, 438 ]
22971 verbose afterAdd C:\Users\Carlos García\AppData\Roaming\npm-cache\readable-stream\2.3.8\package\package.json written
22972 silly gunzTarPerm extractEntry locale/zh-tw.js
22973 silly gunzTarPerm modified mode [ 'locale/zh-tw.js', 420, 438 ]
22974 silly gunzTarPerm extractEntry esm/locale/zh.js
22975 silly gunzTarPerm modified mode [ 'esm/locale/zh.js', 420, 438 ]
22976 silly gunzTarPerm extractEntry dist/lib/css/property-descriptors/border-color.js.map
22977 silly gunzTarPerm modified mode [ 'dist/lib/css/property-descriptors/border-color.js.map',
22977 silly gunzTarPerm   420,
22977 silly gunzTarPerm   438 ]
22978 silly gunzTarPerm extractEntry lib/Property.d.ts.map
22979 silly gunzTarPerm modified mode [ 'lib/Property.d.ts.map', 420, 438 ]
22980 verbose afterAdd C:\Users\Carlos García\AppData\Roaming\npm-cache\pako\1.0.11\package\package.json written
22981 silly gunzTarPerm extractEntry stable/array/copy-within.js
22982 silly gunzTarPerm modified mode [ 'stable/array/copy-within.js', 420, 438 ]
22983 silly gunzTarPerm extractEntry stable/array/virtual/copy-within.js
22984 silly gunzTarPerm modified mode [ 'stable/array/virtual/copy-within.js', 420, 438 ]
22985 silly gunzTarPerm extractEntry dist/pako.es5.min.js
22986 silly gunzTarPerm modified mode [ 'dist/pako.es5.min.js', 420, 438 ]
22987 silly gunzTarPerm extractEntry dist/pako.js
22988 silly gunzTarPerm modified mode [ 'dist/pako.js', 420, 438 ]
22989 silly gunzTarPerm extractEntry stable/instance/copy-within.js
22990 silly gunzTarPerm modified mode [ 'stable/instance/copy-within.js', 420, 438 ]
22991 silly gunzTarPerm extractEntry stable/typed-array/copy-within.js
22992 silly gunzTarPerm modified mode [ 'stable/typed-array/copy-within.js', 420, 438 ]
22993 silly gunzTarPerm extractEntry locale/zh.js
22994 silly gunzTarPerm modified mode [ 'locale/zh.js', 420, 438 ]
22995 silly gunzTarPerm extractEntry locale.json
22996 silly gunzTarPerm modified mode [ 'locale.json', 420, 438 ]
22997 silly gunzTarPerm extractEntry
22998 silly gunzTarPerm modified mode [ '', 420, 438 ]
22999 silly gunzTarPerm extractEntry internals/correct-is-regexp-logic.js
23000 silly gunzTarPerm modified mode [ 'internals/correct-is-regexp-logic.js', 420, 438 ]
23001 silly gunzTarPerm extractEntry internals/correct-prototype-getter.js
23002 silly gunzTarPerm modified mode [ 'internals/correct-prototype-getter.js', 420, 438 ]
23003 silly gunzTarPerm extractEntry package.json
23004 silly gunzTarPerm modified mode [ 'package.json', 420, 438 ]
23005 silly gunzTarPerm extractEntry CHANGELOG.md
23006 silly gunzTarPerm modified mode [ 'CHANGELOG.md', 420, 438 ]
23007 silly gunzTarPerm extractEntry actual/math/cosh.js
23008 silly gunzTarPerm modified mode [ 'actual/math/cosh.js', 420, 438 ]
23009 silly gunzTarPerm extractEntry es/math/cosh.js
23010 silly gunzTarPerm modified mode [ 'es/math/cosh.js', 420, 438 ]
23011 info preinstall iobuffer@5.4.0
23012 silly gunzTarPerm extractEntry
23013 silly gunzTarPerm modified mode [ '', 420, 438 ]
23014 silly gunzTarPerm extractEntry dist/lib/css/property-descriptors/border-radius.js.map
23015 silly gunzTarPerm modified mode [ 'dist/lib/css/property-descriptors/border-radius.js.map',
23015 silly gunzTarPerm   420,
23015 silly gunzTarPerm   438 ]
23016 silly install resolved []
23017 verbose about to build C:\chef-master-pro\node_modules\jspdf\node_modules\fast-png\node_modules\iobuffer
23018 info build C:\chef-master-pro\node_modules\jspdf\node_modules\fast-png\node_modules\iobuffer
23019 verbose linkStuff [ false,
23019 verbose linkStuff   false,
23019 verbose linkStuff   false,
23019 verbose linkStuff   'C:\\chef-master-pro\\node_modules\\jspdf\\node_modules\\fast-png\\node_modules' ]
23020 info linkStuff iobuffer@5.4.0
23021 verbose linkBins iobuffer@5.4.0
23022 verbose linkMans iobuffer@5.4.0
23023 verbose rebuildBundles iobuffer@5.4.0
23024 silly gunzTarPerm extractEntry lib/Document/RadialGradientElement.d.ts.map
23025 silly gunzTarPerm modified mode [ 'lib/Document/RadialGradientElement.d.ts.map', 420, 438 ]
23026 silly gunzTarPerm extractEntry README.md
23027 silly gunzTarPerm modified mode [ 'README.md', 420, 438 ]
23028 silly gunzTarPerm extractEntry plugin/advancedFormat.d.ts
23029 silly gunzTarPerm modified mode [ 'plugin/advancedFormat.d.ts', 420, 438 ]
23030 info install iobuffer@5.4.0
23031 silly gunzTarPerm extractEntry features/math/cosh.js
23032 silly gunzTarPerm modified mode [ 'features/math/cosh.js', 420, 438 ]
23033 silly gunzTarPerm extractEntry full/math/cosh.js
23034 silly gunzTarPerm modified mode [ 'full/math/cosh.js', 420, 438 ]
23035 info postinstall iobuffer@5.4.0
23036 verbose unlock done using C:\Users\Carlos García\AppData\Roaming\npm-cache\_locks\iobuffer-ad37446e2d7521fb.lock for C:\chef-master-pro\node_modules\jspdf\node_modules\fast-png\node_modules\iobuffer
23037 silly gunzTarPerm extractEntry dist/pako.min.js
23038 silly gunzTarPerm modified mode [ 'dist/pako.min.js', 420, 438 ]
23039 silly gunzTarPerm extractEntry lib/utils/strings.js
23040 silly gunzTarPerm modified mode [ 'lib/utils/strings.js', 420, 438 ]
23041 silly gunzTarPerm extractEntry plugin/arraySupport.d.ts
23042 silly gunzTarPerm modified mode [ 'plugin/arraySupport.d.ts', 493, 511 ]
23043 silly gunzTarPerm extractEntry plugin/badMutable.d.ts
23044 silly gunzTarPerm modified mode [ 'plugin/badMutable.d.ts', 420, 438 ]
23045 silly gunzTarPerm extractEntry stable/math/cosh.js
23046 silly gunzTarPerm modified mode [ 'stable/math/cosh.js', 420, 438 ]
23047 silly gunzTarPerm extractEntry internals/create-html.js
23048 silly gunzTarPerm modified mode [ 'internals/create-html.js', 420, 438 ]
23049 silly gunzTarPerm extractEntry
23050 silly gunzTarPerm modified mode [ '', 420, 438 ]
23051 silly gunzTarPerm extractEntry internals/create-iter-result-object.js
23052 silly gunzTarPerm modified mode [ 'internals/create-iter-result-object.js', 420, 438 ]
23053 silly gunzTarPerm extractEntry internals/create-non-enumerable-property.js
23054 silly gunzTarPerm modified mode [ 'internals/create-non-enumerable-property.js', 420, 438 ]
23055 silly gunzTarPerm extractEntry plugin/bigIntSupport.d.ts
23056 silly gunzTarPerm modified mode [ 'plugin/bigIntSupport.d.ts', 420, 438 ]
23057 silly gunzTarPerm extractEntry plugin/buddhistEra.d.ts
23058 silly gunzTarPerm modified mode [ 'plugin/buddhistEra.d.ts', 420, 438 ]
23059 silly gunzTarPerm extractEntry internals/create-property-descriptor.js
23060 silly gunzTarPerm modified mode [ 'internals/create-property-descriptor.js', 420, 438 ]
23061 silly gunzTarPerm extractEntry internals/create-property.js
23062 silly gunzTarPerm modified mode [ 'internals/create-property.js', 420, 438 ]
23063 silly gunzTarPerm extractEntry dist/lib/css/property-descriptors/border-style.js.map
23064 silly gunzTarPerm modified mode [ 'dist/lib/css/property-descriptors/border-style.js.map',
23064 silly gunzTarPerm   420,
23064 silly gunzTarPerm   438 ]
23065 silly gunzTarPerm extractEntry lib/Document/RectElement.d.ts.map
23066 silly gunzTarPerm modified mode [ 'lib/Document/RectElement.d.ts.map', 420, 438 ]
23067 silly gunzTarPerm extractEntry plugin/calendar.d.ts
23068 silly gunzTarPerm modified mode [ 'plugin/calendar.d.ts', 420, 438 ]
23069 silly gunzTarPerm extractEntry plugin/customParseFormat.d.ts
23070 silly gunzTarPerm modified mode [ 'plugin/customParseFormat.d.ts', 420, 438 ]
23071 silly gunzTarPerm extractEntry actual/object/create.js
23072 silly gunzTarPerm modified mode [ 'actual/object/create.js', 420, 438 ]
23073 silly gunzTarPerm extractEntry es/object/create.js
23074 silly gunzTarPerm modified mode [ 'es/object/create.js', 420, 438 ]
23075 silly gunzTarPerm extractEntry plugin/dayOfYear.d.ts
23076 silly gunzTarPerm modified mode [ 'plugin/dayOfYear.d.ts', 420, 438 ]
23077 silly gunzTarPerm extractEntry plugin/devHelper.d.ts
23078 silly gunzTarPerm modified mode [ 'plugin/devHelper.d.ts', 420, 438 ]
23079 info preinstall dompurify@3.4.0
23080 silly gunzTarPerm extractEntry lib/zlib/trees.js
23081 silly gunzTarPerm modified mode [ 'lib/zlib/trees.js', 420, 438 ]
23082 silly gunzTarPerm extractEntry features/object/create.js
23083 silly gunzTarPerm modified mode [ 'features/object/create.js', 420, 438 ]
23084 silly gunzTarPerm extractEntry full/object/create.js
23085 silly gunzTarPerm modified mode [ 'full/object/create.js', 420, 438 ]
23086 silly prepareForInstallMany adding @types/trusted-types@^2.0.7 from dompurify dependencies
23087 silly gunzTarPerm extractEntry
23088 silly gunzTarPerm modified mode [ '', 420, 438 ]
23089 silly cache add args [ '@types/trusted-types@^2.0.7', null ]
23090 verbose cache add spec @types/trusted-types@^2.0.7
23091 silly cache add parsed spec { raw: '@types/trusted-types@^2.0.7',
23091 silly cache add   scope: '@types',
23091 silly cache add   name: '@types/trusted-types',
23091 silly cache add   rawSpec: '^2.0.7',
23091 silly cache add   spec: '>=2.0.7 <3.0.0',
23091 silly cache add   type: 'range' }
23092 verbose addNamed @types/trusted-types@>=2.0.7 <3.0.0
23093 silly addNamed semver.valid null
23094 silly addNamed semver.validRange >=2.0.7 <3.0.0
23095 silly addNameRange { name: '@types/trusted-types',
23095 silly addNameRange   range: '>=2.0.7 <3.0.0',
23095 silly addNameRange   hasData: false }
23096 silly mapToRegistry name @types/trusted-types
23097 silly mapToRegistry scope (from package name) @types
23098 verbose mapToRegistry no registry URL found in name for scope @types
23099 silly mapToRegistry using default registry
23100 silly mapToRegistry registry https://registry.npmjs.org/
23101 silly mapToRegistry uri https://registry.npmjs.org/@types%2ftrusted-types
23102 verbose addNameRange registry:https://registry.npmjs.org/@types%2ftrusted-types not in flight; fetching
23103 silly gunzTarPerm extractEntry
23104 silly gunzTarPerm modified mode [ '', 420, 438 ]
23105 silly gunzTarPerm extractEntry
23106 silly gunzTarPerm modified mode [ '', 493, 511 ]
23107 silly gunzTarPerm extractEntry
23108 silly gunzTarPerm modified mode [ '', 420, 438 ]
23109 silly gunzTarPerm extractEntry plugin/duration.d.ts
23110 silly gunzTarPerm modified mode [ 'plugin/duration.d.ts', 420, 438 ]
23111 silly gunzTarPerm extractEntry lib/Document/RenderedElement.d.ts.map
23112 silly gunzTarPerm modified mode [ 'lib/Document/RenderedElement.d.ts.map', 420, 438 ]
23113 silly gunzTarPerm extractEntry lib/Transform/Rotate.d.ts.map
23114 silly gunzTarPerm modified mode [ 'lib/Transform/Rotate.d.ts.map', 420, 438 ]
23115 silly gunzTarPerm extractEntry stable/object/create.js
23116 silly gunzTarPerm modified mode [ 'stable/object/create.js', 420, 438 ]
23117 silly gunzTarPerm extractEntry features/symbol/custom-matcher.js
23118 silly gunzTarPerm modified mode [ 'features/symbol/custom-matcher.js', 420, 438 ]
23119 verbose request uri https://registry.npmjs.org/@types%2ftrusted-types
23120 verbose request no auth needed
23121 info attempt registry request try #1 at 10:27:34
23122 verbose etag W/"62c1c67ceb601db2e53674831bb39f81"
23123 verbose lastModified Sun, 03 Aug 2025 07:54:39 GMT
23124 http request GET https://registry.npmjs.org/@types%2ftrusted-types
23125 silly gunzTarPerm extractEntry esm/index.d.ts
23126 silly gunzTarPerm modified mode [ 'esm/index.d.ts', 420, 438 ]
23127 silly gunzTarPerm extractEntry esm/locale/index.d.ts
23128 silly gunzTarPerm modified mode [ 'esm/locale/index.d.ts', 420, 438 ]
23129 silly gunzTarPerm extractEntry full/symbol/custom-matcher.js
23130 silly gunzTarPerm modified mode [ 'full/symbol/custom-matcher.js', 420, 438 ]
23131 silly gunzTarPerm extractEntry proposals/data-view-get-set-uint8-clamped.js
23132 silly gunzTarPerm modified mode [ 'proposals/data-view-get-set-uint8-clamped.js', 420, 438 ]
23133 silly gunzTarPerm extractEntry lib/Transform/Scale.d.ts.map
23134 silly gunzTarPerm modified mode [ 'lib/Transform/Scale.d.ts.map', 420, 438 ]
23135 silly gunzTarPerm extractEntry lib/Screen.d.ts.map
23136 silly gunzTarPerm modified mode [ 'lib/Screen.d.ts.map', 420, 438 ]
23137 silly gunzTarPerm extractEntry esm/plugin/advancedFormat/index.d.ts
23138 silly gunzTarPerm modified mode [ 'esm/plugin/advancedFormat/index.d.ts', 420, 438 ]
23139 silly gunzTarPerm extractEntry esm/plugin/arraySupport/index.d.ts
23140 silly gunzTarPerm modified mode [ 'esm/plugin/arraySupport/index.d.ts', 420, 438 ]
23141 silly gunzTarPerm extractEntry dist/lib/css/property-descriptors/border-width.js.map
23142 silly gunzTarPerm modified mode [ 'dist/lib/css/property-descriptors/border-width.js.map',
23142 silly gunzTarPerm   420,
23142 silly gunzTarPerm   438 ]
23143 silly gunzTarPerm extractEntry dist/lib/render/border.js.map
23144 silly gunzTarPerm modified mode [ 'dist/lib/render/border.js.map', 420, 438 ]
23145 silly gunzTarPerm extractEntry dist/lib/render/bound-curves.js.map
23146 silly gunzTarPerm modified mode [ 'dist/lib/render/bound-curves.js.map', 420, 438 ]
23147 silly gunzTarPerm extractEntry internals/date-to-iso-string.js
23148 silly gunzTarPerm modified mode [ 'internals/date-to-iso-string.js', 420, 438 ]
23149 silly gunzTarPerm extractEntry internals/date-to-primitive.js
23150 silly gunzTarPerm modified mode [ 'internals/date-to-primitive.js', 420, 438 ]
23151 silly gunzTarPerm extractEntry lib/Transform/Skew.d.ts.map
23152 silly gunzTarPerm modified mode [ 'lib/Transform/Skew.d.ts.map', 420, 438 ]
23153 silly gunzTarPerm extractEntry lib/Transform/SkewX.d.ts.map
23154 silly gunzTarPerm modified mode [ 'lib/Transform/SkewX.d.ts.map', 420, 438 ]
23155 silly gunzTarPerm extractEntry esm/plugin/badMutable/index.d.ts
23156 silly gunzTarPerm modified mode [ 'esm/plugin/badMutable/index.d.ts', 420, 438 ]
23157 silly gunzTarPerm extractEntry esm/plugin/bigIntSupport/index.d.ts
23158 silly gunzTarPerm modified mode [ 'esm/plugin/bigIntSupport/index.d.ts', 420, 438 ]
23159 silly gunzTarPerm extractEntry lib/zlib/zstream.js
23160 silly gunzTarPerm modified mode [ 'lib/zlib/zstream.js', 420, 438 ]
23161 silly gunzTarPerm extractEntry proposals/decorator-metadata-v2.js
23162 silly gunzTarPerm modified mode [ 'proposals/decorator-metadata-v2.js', 420, 438 ]
23163 silly gunzTarPerm extractEntry proposals/decorator-metadata.js
23164 silly gunzTarPerm modified mode [ 'proposals/decorator-metadata.js', 420, 438 ]
23165 silly gunzTarPerm extractEntry
23166 silly gunzTarPerm modified mode [ '', 420, 438 ]
23167 silly gunzTarPerm extractEntry lib/Transform/SkewY.d.ts.map
23168 silly gunzTarPerm modified mode [ 'lib/Transform/SkewY.d.ts.map', 420, 438 ]
23169 silly gunzTarPerm extractEntry lib/Document/StopElement.d.ts.map
23170 silly gunzTarPerm modified mode [ 'lib/Document/StopElement.d.ts.map', 420, 438 ]
23171 silly gunzTarPerm extractEntry esm/plugin/buddhistEra/index.d.ts
23172 silly gunzTarPerm modified mode [ 'esm/plugin/buddhistEra/index.d.ts', 420, 438 ]
23173 silly gunzTarPerm extractEntry esm/plugin/calendar/index.d.ts
23174 silly gunzTarPerm modified mode [ 'esm/plugin/calendar/index.d.ts', 420, 438 ]
23175 silly gunzTarPerm extractEntry
23176 silly gunzTarPerm modified mode [ '', 420, 438 ]
23177 silly gunzTarPerm extractEntry proposals/decorators.js
23178 silly gunzTarPerm modified mode [ 'proposals/decorators.js', 420, 438 ]
23179 silly gunzTarPerm extractEntry features/string/dedent.js
23180 silly gunzTarPerm modified mode [ 'features/string/dedent.js', 420, 438 ]
23181 silly gunzTarPerm extractEntry esm/plugin/customParseFormat/index.d.ts
23182 silly gunzTarPerm modified mode [ 'esm/plugin/customParseFormat/index.d.ts', 420, 438 ]
23183 silly gunzTarPerm extractEntry esm/plugin/dayOfYear/index.d.ts
23184 silly gunzTarPerm modified mode [ 'esm/plugin/dayOfYear/index.d.ts', 420, 438 ]
23185 silly gunzTarPerm extractEntry lib/util/string.d.ts.map
23186 silly gunzTarPerm modified mode [ 'lib/util/string.d.ts.map', 420, 438 ]
23187 silly gunzTarPerm extractEntry lib/Document/StyleElement.d.ts.map
23188 silly gunzTarPerm modified mode [ 'lib/Document/StyleElement.d.ts.map', 420, 438 ]
23189 silly gunzTarPerm extractEntry full/string/dedent.js
23190 silly gunzTarPerm modified mode [ 'full/string/dedent.js', 420, 438 ]
23191 silly gunzTarPerm extractEntry internals/define-built-in-accessor.js
23192 silly gunzTarPerm modified mode [ 'internals/define-built-in-accessor.js', 420, 438 ]
23193 silly gunzTarPerm extractEntry esm/plugin/devHelper/index.d.ts
23194 silly gunzTarPerm modified mode [ 'esm/plugin/devHelper/index.d.ts', 420, 438 ]
23195 silly gunzTarPerm extractEntry esm/plugin/duration/index.d.ts
23196 silly gunzTarPerm modified mode [ 'esm/plugin/duration/index.d.ts', 420, 438 ]
23197 silly gunzTarPerm extractEntry lib/util/styles.d.ts.map
23198 silly gunzTarPerm modified mode [ 'lib/util/styles.d.ts.map', 420, 438 ]
23199 silly gunzTarPerm extractEntry lib/Document/SVGElement.d.ts.map
23200 silly gunzTarPerm modified mode [ 'lib/Document/SVGElement.d.ts.map', 420, 438 ]
23201 info preinstall bluebird@3.4.7
23202 silly gunzTarPerm extractEntry internals/define-built-in.js
23203 silly gunzTarPerm modified mode [ 'internals/define-built-in.js', 420, 438 ]
23204 silly gunzTarPerm extractEntry internals/define-built-ins.js
23205 silly gunzTarPerm modified mode [ 'internals/define-built-ins.js', 420, 438 ]
23206 silly install resolved []
23207 verbose about to build C:\chef-master-pro\node_modules\exceljs\node_modules\unzipper\node_modules\bluebird
23208 info build C:\chef-master-pro\node_modules\exceljs\node_modules\unzipper\node_modules\bluebird
23209 verbose linkStuff [ false,
23209 verbose linkStuff   false,
23209 verbose linkStuff   false,
23209 verbose linkStuff   'C:\\chef-master-pro\\node_modules\\exceljs\\node_modules\\unzipper\\node_modules' ]
23210 info linkStuff bluebird@3.4.7
23211 verbose linkBins bluebird@3.4.7
23212 verbose linkMans bluebird@3.4.7
23213 verbose rebuildBundles bluebird@3.4.7
23214 silly gunzTarPerm extractEntry esm/plugin/isBetween/index.d.ts
23215 silly gunzTarPerm modified mode [ 'esm/plugin/isBetween/index.d.ts', 420, 438 ]
23216 silly gunzTarPerm extractEntry esm/plugin/isLeapYear/index.d.ts
23217 silly gunzTarPerm modified mode [ 'esm/plugin/isLeapYear/index.d.ts', 420, 438 ]
23218 info install bluebird@3.4.7
23219 silly gunzTarPerm extractEntry dist/lib/css/layout/__mocks__/bounds.js.map
23220 silly gunzTarPerm modified mode [ 'dist/lib/css/layout/__mocks__/bounds.js.map', 420, 438 ]
23221 silly gunzTarPerm extractEntry lib/SVGFontLoader.d.ts.map
23222 silly gunzTarPerm modified mode [ 'lib/SVGFontLoader.d.ts.map', 420, 438 ]
23223 silly gunzTarPerm extractEntry lib/Document/SymbolElement.d.ts.map
23224 silly gunzTarPerm modified mode [ 'lib/Document/SymbolElement.d.ts.map', 420, 438 ]
23225 info postinstall bluebird@3.4.7
23226 silly gunzTarPerm extractEntry package.json
23227 silly gunzTarPerm modified mode [ 'package.json', 420, 438 ]
23228 silly gunzTarPerm extractEntry actual/object/define-getter.js
23229 silly gunzTarPerm modified mode [ 'actual/object/define-getter.js', 420, 438 ]
23230 silly gunzTarPerm extractEntry es/object/define-getter.js
23231 silly gunzTarPerm modified mode [ 'es/object/define-getter.js', 420, 438 ]
23232 verbose unlock done using C:\Users\Carlos García\AppData\Roaming\npm-cache\_locks\bluebird-118c9e880d75801e.lock for C:\chef-master-pro\node_modules\exceljs\node_modules\unzipper\node_modules\bluebird
23233 verbose about to build C:\chef-master-pro\node_modules\exceljs\node_modules\unzipper
23234 info build C:\chef-master-pro\node_modules\exceljs\node_modules\unzipper
23235 verbose linkStuff [ false,
23235 verbose linkStuff   false,
23235 verbose linkStuff   false,
23235 verbose linkStuff   'C:\\chef-master-pro\\node_modules\\exceljs\\node_modules' ]
23236 info linkStuff unzipper@0.10.14
23237 verbose linkBins unzipper@0.10.14
23238 verbose linkMans unzipper@0.10.14
23239 verbose rebuildBundles unzipper@0.10.14
23240 silly gunzTarPerm extractEntry
23241 silly gunzTarPerm modified mode [ '', 420, 438 ]
23242 verbose rebuildBundles [ 'big-integer',
23242 verbose rebuildBundles   'binary',
23242 verbose rebuildBundles   'bluebird',
23242 verbose rebuildBundles   'buffer-indexof-polyfill',
23242 verbose rebuildBundles   'duplexer2',
23242 verbose rebuildBundles   'fstream',
23242 verbose rebuildBundles   'graceful-fs',
23242 verbose rebuildBundles   'listenercount',
23242 verbose rebuildBundles   'readable-stream',
23242 verbose rebuildBundles   'setimmediate' ]
23243 info install unzipper@0.10.14
23244 silly gunzTarPerm extractEntry esm/plugin/isMoment/index.d.ts
23245 silly gunzTarPerm modified mode [ 'esm/plugin/isMoment/index.d.ts', 420, 438 ]
23246 silly gunzTarPerm extractEntry esm/plugin/isoWeek/index.d.ts
23247 silly gunzTarPerm modified mode [ 'esm/plugin/isoWeek/index.d.ts', 420, 438 ]
23248 info postinstall unzipper@0.10.14
23249 silly gunzTarPerm extractEntry lib/Document/TextElement.d.ts.map
23250 silly gunzTarPerm modified mode [ 'lib/Document/TextElement.d.ts.map', 420, 438 ]
23251 silly gunzTarPerm extractEntry lib/Document/TextNode.d.ts.map
23252 silly gunzTarPerm modified mode [ 'lib/Document/TextNode.d.ts.map', 420, 438 ]
23253 silly gunzTarPerm extractEntry
23254 silly gunzTarPerm modified mode [ '', 420, 438 ]
23255 verbose unlock done using C:\Users\Carlos García\AppData\Roaming\npm-cache\_locks\unzipper-7ed53c21703df8b1.lock for C:\chef-master-pro\node_modules\exceljs\node_modules\unzipper
23256 silly gunzTarPerm extractEntry README.md
23257 silly gunzTarPerm modified mode [ 'README.md', 420, 438 ]
23258 silly gunzTarPerm extractEntry dist/pako.esm.mjs
23259 silly gunzTarPerm modified mode [ 'dist/pako.esm.mjs', 420, 438 ]
23260 silly gunzTarPerm extractEntry features/object/define-getter.js
23261 silly gunzTarPerm modified mode [ 'features/object/define-getter.js', 420, 438 ]
23262 silly gunzTarPerm extractEntry full/object/define-getter.js
23263 silly gunzTarPerm modified mode [ 'full/object/define-getter.js', 420, 438 ]
23264 silly gunzTarPerm extractEntry esm/plugin/isoWeeksInYear/index.d.ts
23265 silly gunzTarPerm modified mode [ 'esm/plugin/isoWeeksInYear/index.d.ts', 420, 438 ]
23266 silly gunzTarPerm extractEntry esm/plugin/isSameOrAfter/index.d.ts
23267 silly gunzTarPerm modified mode [ 'esm/plugin/isSameOrAfter/index.d.ts', 420, 438 ]
23268 silly gunzTarPerm extractEntry lib/Document/TextPathElement.d.ts.map
23269 silly gunzTarPerm modified mode [ 'lib/Document/TextPathElement.d.ts.map', 420, 438 ]
23270 silly gunzTarPerm extractEntry lib/Document/TitleElement.d.ts.map
23271 silly gunzTarPerm modified mode [ 'lib/Document/TitleElement.d.ts.map', 420, 438 ]
23272 silly gunzTarPerm extractEntry stable/object/define-getter.js
23273 silly gunzTarPerm modified mode [ 'stable/object/define-getter.js', 420, 438 ]
23274 silly gunzTarPerm extractEntry internals/define-global-property.js
23275 silly gunzTarPerm modified mode [ 'internals/define-global-property.js', 420, 438 ]
23276 silly gunzTarPerm extractEntry lib/Transform/Transform.d.ts.map
23277 silly gunzTarPerm modified mode [ 'lib/Transform/Transform.d.ts.map', 420, 438 ]
23278 silly gunzTarPerm extractEntry lib/Transform/Translate.d.ts.map
23279 silly gunzTarPerm modified mode [ 'lib/Transform/Translate.d.ts.map', 420, 438 ]
23280 silly gunzTarPerm extractEntry esm/plugin/isSameOrBefore/index.d.ts
23281 silly gunzTarPerm modified mode [ 'esm/plugin/isSameOrBefore/index.d.ts', 420, 438 ]
23282 silly gunzTarPerm extractEntry esm/plugin/isToday/index.d.ts
23283 silly gunzTarPerm modified mode [ 'esm/plugin/isToday/index.d.ts', 420, 438 ]
23284 silly gunzTarPerm extractEntry features/reflect/define-metadata.js
23285 silly gunzTarPerm modified mode [ 'features/reflect/define-metadata.js', 420, 438 ]
23286 silly gunzTarPerm extractEntry full/reflect/define-metadata.js
23287 silly gunzTarPerm modified mode [ 'full/reflect/define-metadata.js', 420, 438 ]
23288 silly gunzTarPerm extractEntry dist/lib/css/layout/bounds.js.map
23289 silly gunzTarPerm modified mode [ 'dist/lib/css/layout/bounds.js.map', 420, 438 ]
23290 silly gunzTarPerm extractEntry lib/Document/TRefElement.d.ts.map
23291 silly gunzTarPerm modified mode [ 'lib/Document/TRefElement.d.ts.map', 420, 438 ]
23292 silly gunzTarPerm extractEntry lib/Document/TSpanElement.d.ts.map
23293 silly gunzTarPerm modified mode [ 'lib/Document/TSpanElement.d.ts.map', 420, 438 ]
23294 silly gunzTarPerm extractEntry
23295 silly gunzTarPerm modified mode [ '', 420, 438 ]
23296 silly gunzTarPerm extractEntry
23297 silly gunzTarPerm modified mode [ '', 420, 438 ]
23298 silly gunzTarPerm extractEntry
23299 silly gunzTarPerm modified mode [ '', 420, 438 ]
23300 silly gunzTarPerm extractEntry
23301 silly gunzTarPerm modified mode [ '', 420, 438 ]
23302 silly gunzTarPerm extractEntry
23303 silly gunzTarPerm modified mode [ '', 420, 438 ]
23304 silly gunzTarPerm extractEntry
23305 silly gunzTarPerm modified mode [ '', 420, 438 ]
23306 silly gunzTarPerm extractEntry
23307 silly gunzTarPerm modified mode [ '', 420, 438 ]
23308 silly gunzTarPerm extractEntry
23309 silly gunzTarPerm modified mode [ '', 420, 438 ]
23310 silly gunzTarPerm extractEntry
23311 silly gunzTarPerm modified mode [ '', 420, 438 ]
23312 silly gunzTarPerm extractEntry
23313 silly gunzTarPerm modified mode [ '', 420, 438 ]
23314 silly gunzTarPerm extractEntry
23315 silly gunzTarPerm modified mode [ '', 420, 438 ]
23316 silly gunzTarPerm extractEntry
23317 silly gunzTarPerm modified mode [ '', 420, 438 ]
23318 silly gunzTarPerm extractEntry
23319 silly gunzTarPerm modified mode [ '', 420, 438 ]
23320 silly gunzTarPerm extractEntry
23321 silly gunzTarPerm modified mode [ '', 420, 438 ]
23322 silly gunzTarPerm extractEntry
23323 silly gunzTarPerm modified mode [ '', 420, 438 ]
23324 silly gunzTarPerm extractEntry actual/object/define-properties.js
23325 silly gunzTarPerm modified mode [ 'actual/object/define-properties.js', 420, 438 ]
23326 silly gunzTarPerm extractEntry es/object/define-properties.js
23327 silly gunzTarPerm modified mode [ 'es/object/define-properties.js', 420, 438 ]
23328 silly gunzTarPerm extractEntry lib/presets/types.d.ts.map
23329 silly gunzTarPerm modified mode [ 'lib/presets/types.d.ts.map', 420, 438 ]
23330 silly gunzTarPerm extractEntry lib/Transform/types.d.ts.map
23331 silly gunzTarPerm modified mode [ 'lib/Transform/types.d.ts.map', 420, 438 ]
23332 silly gunzTarPerm extractEntry
23333 silly gunzTarPerm modified mode [ '', 420, 438 ]
23334 silly gunzTarPerm extractEntry esm/plugin/isTomorrow/index.d.ts
23335 silly gunzTarPerm modified mode [ 'esm/plugin/isTomorrow/index.d.ts', 420, 438 ]
23336 silly gunzTarPerm extractEntry esm/plugin/isYesterday/index.d.ts
23337 silly gunzTarPerm modified mode [ 'esm/plugin/isYesterday/index.d.ts', 420, 438 ]
23338 silly gunzTarPerm extractEntry features/object/define-properties.js
23339 silly gunzTarPerm modified mode [ 'features/object/define-properties.js', 420, 438 ]
23340 silly gunzTarPerm extractEntry full/object/define-properties.js
23341 silly gunzTarPerm modified mode [ 'full/object/define-properties.js', 420, 438 ]
23342 http 304 https://registry.npmjs.org/lie
23343 silly get cb [ 304,
23343 silly get   { date: 'Tue, 21 Apr 2026 16:27:33 GMT',
23343 silly get     connection: 'keep-alive',
23343 silly get     'set-cookie': [ '_cfuvid=W115VK9_pPG7jK3jkVlZk9YHaL5nCjzP5FBvwJk3ics-1776788852.943839-1.0.1.1-BNfEvE7ECAOmZSGHbEgk3sP78.fSwrccoJ41sptx2kk; HttpOnly; SameSite=None; Secure; Path=/; Domain=npmjs.org' ],
23343 silly get     'cf-ray': '9efdc1baedd62cdd-SAP',
23343 silly get     'cf-cache-status': 'HIT',
23343 silly get     'access-control-allow-origin': '*',
23343 silly get     'cache-control': 'public, max-age=300',
23343 silly get     etag: '"bd2dc8110164181b5c7e4249f2b2535b"',
23343 silly get     'last-modified': 'Sun, 19 Jun 2022 12:13:01 GMT',
23343 silly get     server: 'cloudflare',
23343 silly get     vary: 'Accept-Encoding' } ]
23344 verbose etag https://registry.npmjs.org/lie from cache
23345 verbose get saving lie to C:\Users\Carlos García\AppData\Roaming\npm-cache\registry.npmjs.org\lie\.cache.json
23346 silly gunzTarPerm extractEntry lib/types.d.ts.map
23347 silly gunzTarPerm modified mode [ 'lib/types.d.ts.map', 420, 438 ]
23348 silly gunzTarPerm extractEntry lib/umd.js.map
23349 silly gunzTarPerm modified mode [ 'lib/umd.js.map', 420, 438 ]
23350 silly gunzTarPerm extractEntry stable/object/define-properties.js
23351 silly gunzTarPerm modified mode [ 'stable/object/define-properties.js', 420, 438 ]
23352 silly gunzTarPerm extractEntry actual/object/define-property.js
23353 silly gunzTarPerm modified mode [ 'actual/object/define-property.js', 420, 438 ]
23354 silly gunzTarPerm extractEntry esm/plugin/localeData/index.d.ts
23355 silly gunzTarPerm modified mode [ 'esm/plugin/localeData/index.d.ts', 420, 438 ]
23356 silly gunzTarPerm extractEntry esm/plugin/localizedFormat/index.d.ts
23357 silly gunzTarPerm modified mode [ 'esm/plugin/localizedFormat/index.d.ts', 420, 438 ]
23358 silly gunzTarPerm extractEntry actual/reflect/define-property.js
23359 silly gunzTarPerm modified mode [ 'actual/reflect/define-property.js', 420, 438 ]
23360 silly gunzTarPerm extractEntry es/object/define-property.js
23361 silly gunzTarPerm modified mode [ 'es/object/define-property.js', 420, 438 ]
23362 silly gunzTarPerm extractEntry dist/lib/css/property-descriptors/box-shadow.js.map
23363 silly gunzTarPerm modified mode [ 'dist/lib/css/property-descriptors/box-shadow.js.map',
23363 silly gunzTarPerm   420,
23363 silly gunzTarPerm   438 ]
23364 silly gunzTarPerm extractEntry lib/Document/UnknownElement.d.ts.map
23365 silly gunzTarPerm modified mode [ 'lib/Document/UnknownElement.d.ts.map', 420, 438 ]
23366 silly gunzTarPerm extractEntry esm/plugin/minMax/index.d.ts
23367 silly gunzTarPerm modified mode [ 'esm/plugin/minMax/index.d.ts', 420, 438 ]
23368 silly gunzTarPerm extractEntry esm/plugin/negativeYear/index.d.ts
23369 silly gunzTarPerm modified mode [ 'esm/plugin/negativeYear/index.d.ts', 420, 438 ]
23370 silly gunzTarPerm extractEntry lib/Document/UseElement.d.ts.map
23371 silly gunzTarPerm modified mode [ 'lib/Document/UseElement.d.ts.map', 420, 438 ]
23372 silly gunzTarPerm extractEntry lib/ViewPort.d.ts.map
23373 silly gunzTarPerm modified mode [ 'lib/ViewPort.d.ts.map', 420, 438 ]
23374 silly addNameRange number 2 { name: 'lie', range: '>=3.3.0 <3.4.0', hasData: true }
23375 silly addNameRange versions [ 'lie',
23375 silly addNameRange   [ '0.5.0',
23375 silly addNameRange     '0.5.1',
23375 silly addNameRange     '0.6.0',
23375 silly addNameRange     '0.6.1',
23375 silly addNameRange     '0.6.2',
23375 silly addNameRange     '1.0.0',
23375 silly addNameRange     '1.0.3',
23375 silly addNameRange     '1.1.0',
23375 silly addNameRange     '1.3.0',
23375 silly addNameRange     '1.4.0',
23375 silly addNameRange     '2.0.0',
23375 silly addNameRange     '2.0.1',
23375 silly addNameRange     '2.0.3',
23375 silly addNameRange     '2.0.5',
23375 silly addNameRange     '2.0.6',
23375 silly addNameRange     '2.0.7',
23375 silly addNameRange     '2.1.0',
23375 silly addNameRange     '2.2.0',
23375 silly addNameRange     '2.2.1',
23375 silly addNameRange     '2.3.0',
23375 silly addNameRange     '2.4.0',
23375 silly addNameRange     '2.5.0',
23375 silly addNameRange     '2.5.1',
23375 silly addNameRange     '2.5.2',
23375 silly addNameRange     '2.5.3',
23375 silly addNameRange     '2.5.4',
23375 silly addNameRange     '2.6.0',
23375 silly addNameRange     '2.7.0',
23375 silly addNameRange     '2.7.2',
23375 silly addNameRange     '2.7.3',
23375 silly addNameRange     '2.7.4',
23375 silly addNameRange     '2.7.5',
23375 silly addNameRange     '2.7.6',
23375 silly addNameRange     '2.7.7',
23375 silly addNameRange     '2.8.0',
23375 silly addNameRange     '2.8.1',
23375 silly addNameRange     '2.9.0',
23375 silly addNameRange     '2.9.1',
23375 silly addNameRange     '3.0.0',
23375 silly addNameRange     '3.0.1',
23375 silly addNameRange     '3.0.2',
23375 silly addNameRange     '3.0.3',
23375 silly addNameRange     '3.0.4',
23375 silly addNameRange     '3.1.0',
23375 silly addNameRange     '3.1.1',
23375 silly addNameRange     '3.2.0',
23375 silly addNameRange     '3.3.0' ] ]
23376 verbose addNamed lie@3.3.0
23377 silly addNamed semver.valid 3.3.0
23378 silly addNamed semver.validRange 3.3.0
23379 silly gunzTarPerm extractEntry es/reflect/define-property.js
23380 silly gunzTarPerm modified mode [ 'es/reflect/define-property.js', 420, 438 ]
23381 silly gunzTarPerm extractEntry features/object/define-property.js
23382 silly gunzTarPerm modified mode [ 'features/object/define-property.js', 420, 438 ]
23383 silly cache afterAdd lie@3.3.0
23384 verbose afterAdd C:\Users\Carlos García\AppData\Roaming\npm-cache\lie\3.3.0\package\package.json not in flight; writing
23385 silly gunzTarPerm extractEntry esm/plugin/objectSupport/index.d.ts
23386 silly gunzTarPerm modified mode [ 'esm/plugin/objectSupport/index.d.ts', 420, 438 ]
23387 silly gunzTarPerm extractEntry esm/plugin/pluralGetSet/index.d.ts
23388 silly gunzTarPerm modified mode [ 'esm/plugin/pluralGetSet/index.d.ts', 420, 438 ]
23389 silly gunzTarPerm extractEntry features/reflect/define-property.js
23390 silly gunzTarPerm modified mode [ 'features/reflect/define-property.js', 420, 438 ]
23391 silly gunzTarPerm extractEntry full/object/define-property.js
23392 silly gunzTarPerm modified mode [ 'full/object/define-property.js', 420, 438 ]
23393 verbose afterAdd C:\Users\Carlos García\AppData\Roaming\npm-cache\lie\3.3.0\package\package.json written
23394 silly install resolved [ { name: 'setimmediate',
23394 silly install resolved     description: 'A shim for the setImmediate efficient script yielding API',
23394 silly install resolved     version: '1.0.5',
23394 silly install resolved     author: { name: 'YuzuJS' },
23394 silly install resolved     contributors: [ [Object], [Object], [Object] ],
23394 silly install resolved     license: 'MIT',
23394 silly install resolved     repository:
23394 silly install resolved      { type: 'git',
23394 silly install resolved        url: 'git+https://github.com/yuzujs/setImmediate.git' },
23394 silly install resolved     main: 'setImmediate.js',
23394 silly install resolved     files: [ 'setImmediate.js' ],
23394 silly install resolved     scripts:
23394 silly install resolved      { lint: 'jshint setImmediate.js',
23394 silly install resolved        test: 'mocha test/tests.js',
23394 silly install resolved        'test-browser': 'opener http://localhost:9008/__zuul && zuul test/tests.js --ui mocha-bdd --local 9008',
23394 silly install resolved        'test-browser-only': 'opener http://localhost:9007/test/browserOnly/index.html && http-server . -p 9007' },
23394 silly install resolved     devDependencies:
23394 silly install resolved      { jshint: '^2.5.0',
23394 silly install resolved        mocha: '~1.18.2',
23394 silly install resolved        'http-server': '~0.6.1',
23394 silly install resolved        opener: '^1.3',
23394 silly install resolved        zuul: '^1.6.4' },
23394 silly install resolved     gitHead: 'f1ccbfdf09cb93aadf77c4aa749ea554503b9234',
23394 silly install resolved     bugs: { url: 'https://github.com/yuzujs/setImmediate/issues' },
23394 silly install resolved     homepage: 'https://github.com/yuzujs/setImmediate#readme',
23394 silly install resolved     _id: 'setimmediate@1.0.5',
23394 silly install resolved     _shasum: '290cbb232e306942d7d7ea9b83732ab7856f8285',
23394 silly install resolved     _from: 'setimmediate@>=1.0.5 <2.0.0',
23394 silly install resolved     _npmVersion: '3.9.5',
23394 silly install resolved     _nodeVersion: '6.2.2',
23394 silly install resolved     _npmUser: { name: 'domenic', email: 'd@domenic.me' },
23394 silly install resolved     dist:
23394 silly install resolved      { shasum: '290cbb232e306942d7d7ea9b83732ab7856f8285',
23394 silly install resolved        tarball: 'https://registry.npmjs.org/setimmediate/-/setimmediate-1.0.5.tgz',
23394 silly install resolved        integrity: 'sha512-MATJdZp8sLqDl/68LfQmbP8zKPLQNV6BIZoIgrscFDQ+RsvK/BxeDQOgyxKKoh0y/8h3BqVFnCqQ/gd+reiIXA==',
23394 silly install resolved        signatures: [Object] },
23394 silly install resolved     maintainers: [ [Object] ],
23394 silly install resolved     _npmOperationalInternal:
23394 silly install resolved      { host: 'packages-12-west.internal.npmjs.com',
23394 silly install resolved        tmp: 'tmp/setimmediate-1.0.5.tgz_1473641994770_0.26671745581552386' },
23394 silly install resolved     directories: {},
23394 silly install resolved     _resolved: 'https://registry.npmjs.org/setimmediate/-/setimmediate-1.0.5.tgz',
23394 silly install resolved     readme: 'ERROR: No README data found!' },
23394 silly install resolved   { name: 'readable-stream',
23394 silly install resolved     version: '2.3.8',
23394 silly install resolved     keywords: [ 'readable', 'stream', 'pipe' ],
23394 silly install resolved     license: 'MIT',
23394 silly install resolved     _id: 'readable-stream@2.3.8',
23394 silly install resolved     maintainers: [ [Object], [Object], [Object] ],
23394 silly install resolved     homepage: 'https://github.com/nodejs/readable-stream#readme',
23394 silly install resolved     bugs: { url: 'https://github.com/nodejs/readable-stream/issues' },
23394 silly install resolved     nyc: { include: [Object] },
23394 silly install resolved     dist:
23394 silly install resolved      { shasum: '91125e8042bba1b9887f49345f6277027ce8be9b',
23394 silly install resolved        tarball: 'https://registry.npmjs.org/readable-stream/-/readable-stream-2.3.8.tgz',
23394 silly install resolved        fileCount: 24,
23394 silly install resolved        integrity: 'sha512-8p0AUk4XODgIewSi0l8Epjs+EVnWiK7NoDIEGU0HhE7+ZyY8D1IMY7odu5lRrFXGg71L15KG8QrPmum45RTtdA==',
23394 silly install resolved        signatures: [Object],
23394 silly install resolved        unpackedSize: 88115,
23394 silly install resolved        'npm-signature': '-----BEGIN PGP SIGNATURE-----\r\nVersion: OpenPGP.js v4.10.10\r\nComment: https://openpgpjs.org\r\n\r\nwsFzBAEBCAAGBQJj9zoWACEJED1NWxICdlZqFiEECWMYAoorWMhJKdjhPU1b\r\nEgJ2VmpkCg/+IHV/F8d6OLDjFTfUzbQM/I558PM8SWrXigxb8Y+Tfr4l7V5E\r\nIpp/3jyCILm4/WY27bkKvE6/iiRsiS6m2Wvl2tbwTLR3kcfiUNPMLezD8WVZ\r\nAFwUvZSYnd79SxkC++/JTvC9qcnfcq87apsaO387nJ0Vcjydkd1rj82EVx+7\r\nk3JA/msFr8JHoZ1LSCCe3gdQzsIsyryO1Kh605+CTgJNh9LkhzFut/zMxpt7\r\nI0Fmbk+VE7WJjTZH9YOZ07rkSPVsL8ZnL0RL6vacO3DBJAGSQb0iaK1DqNge\r\nmbIq+jyfaxgeta4VmEQLnJzF+d9LrVZ80syEneoad64hQY47DxQLa4LaGwMB\r\n7AfzL3Wx3fk806vIf2i3V7VGefzlRhF/Ul8VTEGCdWOTcWKfff3Avcz44zxY\r\ngi+laqrvmIlBXRU3r0dGB9wMmziHHS3LLSEIPGb671JQ/kAMwlbsOaKytNZA\r\nMFu21BrVIZswXvF8vJ7pjPi1927rbSMnqyp/pPklEtPlbnrggzAPeALU3J5t\r\nntPxWeVz7K5eQrFlBGv5q9ued601zMzM6rA59dJ2oa+CGbZPXjcGpifcP8Jt\r\nFJdQlP6Kj0KMkfQyH0dUQjweg0+S85ifX/+AOntzunLCxBAzWreto2bZx1is\r\nd6vHYcIvli8HCCuSApAeLKZy1XWuBm45w+A=\r\n=5rTp\r\n-----END PGP SIGNATURE-----\r\n' },
23394 silly install resolved     main: 'readable.js',
23394 silly install resolved     browser:
23394 silly install resolved      { util: false,
23394 silly install resolved        './duplex.js': './duplex-browser.js',
23394 silly install resolved        './readable.js': './readable-browser.js',
23394 silly install resolved        './writable.js': './writable-browser.js',
23394 silly install resolved        './lib/internal/streams/stream.js': './lib/internal/streams/stream-browser.js' },
23394 silly install resolved     gitHead: 'c85db76d4c41f64fd082c9263c3a918bec6f38a0',
23394 silly install resolved     scripts:
23394 silly install resolved      { ci: 'tap test/parallel/*.js test/ours/*.js --tap | tee test.tap && node test/verify-dependencies.js',
23394 silly install resolved        test: 'tap test/parallel/*.js test/ours/*.js && node test/verify-dependencies.js',
23394 silly install resolved        cover: 'nyc npm test',
23394 silly install resolved        report: 'nyc report --reporter=lcov' },
23394 silly install resolved     _npmUser: { name: 'matteo.collina', email: 'hello@matteocollina.com' },
23394 silly install resolved     repository:
23394 silly install resolved      { url: 'git://github.com/nodejs/readable-stream.git',
23394 silly install resolved        type: 'git' },
23394 silly install resolved     _npmVersion: '6.14.17',
23394 silly install resolved     description: 'Streams3, a user-land copy of the stream library from Node.js',
23394 silly install resolved     directories: {},
23394 silly install resolved     _nodeVersion: '14.21.2',
23394 silly install resolved     dependencies:
23394 silly install resolved      { isarray: '~1.0.0',
23394 silly install resolved        inherits: '~2.0.3',
23394 silly install resolved        'safe-buffer': '~5.1.1',
23394 silly install resolved        'core-util-is': '~1.0.0',
23394 silly install resolved        string_decoder: '~1.1.1',
23394 silly install resolved        'util-deprecate': '~1.0.1',
23394 silly install resolved        'process-nextick-args': '~2.0.0' },
23394 silly install resolved     _hasShrinkwrap: false,
23394 silly install resolved     readmeFilename: 'README.md',
23394 silly install resolved     devDependencies:
23394 silly install resolved      { nyc: '^6.4.0',
23394 silly install resolved        tap: '^0.7.0',
23394 silly install resolved        tape: '^4.8.0',
23394 silly install resolved        lolex: '^2.3.2',
23394 silly install resolved        assert: '^1.4.0',
23394 silly install resolved        buffer: '^4.9.0',
23394 silly install resolved        'babel-polyfill': '^6.9.1' },
23394 silly install resolved     _npmOperationalInternal:
23394 silly install resolved      { tmp: 'tmp/readable-stream_2.3.8_1677146645963_0.8011812824012474',
23394 silly install resolved        host: 's3://npm-registry-packages' },
23394 silly install resolved     _shasum: '91125e8042bba1b9887f49345f6277027ce8be9b',
23394 silly install resolved     _resolved: 'https://registry.npmjs.org/readable-stream/-/readable-stream-2.3.8.tgz',
23394 silly install resolved     _from: 'readable-stream@>=2.3.6 <2.4.0',
23394 silly install resolved     readme: 'ERROR: No README data found!' },
23394 silly install resolved   { name: 'pako',
23394 silly install resolved     description: 'zlib port to javascript - fast, modularized, with browser support',
23394 silly install resolved     version: '1.0.11',
23394 silly install resolved     keywords: [ 'zlib', 'deflate', 'inflate', 'gzip' ],
23394 silly install resolved     homepage: 'https://github.com/nodeca/pako',
23394 silly install resolved     contributors: [ [Object], [Object], [Object], [Object], [Object], [Object] ],
23394 silly install resolved     license: '(MIT AND Zlib)',
23394 silly install resolved     repository: { type: 'git', url: 'git+https://github.com/nodeca/pako.git' },
23394 silly install resolved     scripts: { test: 'make test' },
23394 silly install resolved     devDependencies:
23394 silly install resolved      { ansi: '^0.3.1',
23394 silly install resolved        benchmark: '^2.1.4',
23394 silly install resolved        browserify: '^16.2.3',
23394 silly install resolved        'buffer-from': '^1.1.1',
23394 silly install resolved        eslint: '^5.9.0',
23394 silly install resolved        istanbul: '^0.4.5',
23394 silly install resolved        mocha: '^5.2.0',
23394 silly install resolved        multiparty: '^4.1.3',
23394 silly install resolved        ndoc: '^5.0.1',
23394 silly install resolved        'uglify-js': '=3.4.8',
23394 silly install resolved        zlibjs: '^0.3.1' },
23394 silly install resolved     dependencies: {},
23394 silly install resolved     gitHead: 'a718e4f6e5ce87b0964d8f84541d92a23263365b',
23394 silly install resolved     bugs: { url: 'https://github.com/nodeca/pako/issues' },
23394 silly install resolved     _id: 'pako@1.0.11',
23394 silly install resolved     _nodeVersion: '12.14.1',
23394 silly install resolved     _npmVersion: '6.13.4',
23394 silly install resolved     dist:
23394 silly install resolved      { integrity: 'sha512-4hLB8Py4zZce5s4yd9XzopqwVv/yGNhV1Bl8NTmCq1763HeK2+EwVTv+leGeL13Dnh2wfbqowVPXCIO0z4taYw==',
23394 silly install resolved        shasum: '6c9599d340d54dfd3946380252a35705a6b992bf',
23394 silly install resolved        tarball: 'https://registry.npmjs.org/pako/-/pako-1.0.11.tgz',
23394 silly install resolved        fileCount: 27,
23394 silly install resolved        unpackedSize: 788283,
23394 silly install resolved        'npm-signature': '-----BEGIN PGP SIGNATURE-----\r\nVersion: OpenPGP.js v3.0.4\r\nComment: https://openpgpjs.org\r\n\r\nwsFcBAEBCAAQBQJeMThCCRA9TVsSAnZWagAAUokQAIXP/sogHkcjaJDsXEm4\nxwCJ6+XRKT706p/6wpHxglDgR9ea47MeHXc4+M6orKXFVUFaN/DIDTDnfNC0\nrzuwOxcLs3OkA32xpiEq15U6MDIqv8vUuVUL8tR5Gr24H3z4ie4P0VBuJ5F5\nzCEEi7/hfMxyaqxSh/SkH5bJemQhJRUekFOW3vYxqAM3665ZNCXkuYWcE1jy\nNMPTDvX4EkeLDCxPLIRWjwmEUrhXj14NKy6bQSBoGGivVP+SXP9TVUFk46p7\n6mTHxJeLJqHitjTRUsSQjl060u8C9gP3Fcmbt4eEMJyAGFajz0Sc8HKUQkM0\noC9JY8anTgWXTxAX8UkVsm42sWI6oyQe1poAa85+L72PZLJJeamvVFNeJoqd\ndWJpTj1Ak1cNxxul4DPi3F1I2LQXU3RyKUEHE8Vl8ZFTRwZdeVGQD/gms3D9\n28hyagU/02x+Wy3Z4NzLIBhB7p9MEsZd3HVDF2tEs1SnLTSp1AdNwtnyHJaD\neEln3zjVs5SIxfgNiJR9ycD/CmZpV1YGtLDPBFWM8XN2u6YaoxZ+VZI6390A\nJTrKW9u/nu7DlT839v/GTOKpmt6yGPCfm0jKywVQGhyWq8WlZF5EZENm5ilA\nZ0QvGDTUSkv93idyYXDXunBQT3qx9SqVGeaBXdeQCCLOJt/knizQJTYfjgOa\nRo6X\r\n=Ndry\r\n-----END PGP SIGNATURE-----\r\n',
23394 silly install resolved        signatures: [Object] },
23394 silly install resolved     maintainers: [ [Object] ],
23394 silly install resolved     _npmUser: { name: 'vitaly', email: 'vitaly@rcdesign.ru' },
23394 silly install resolved     directories: {},
23394 silly install resolved     _npmOperationalInternal:
23394 silly install resolved      { host: 's3://npm-registry-packages',
23394 silly install resolved        tmp: 'tmp/pako_1.0.11_1580283969487_0.1408742612529914' },
23394 silly install resolved     _hasShrinkwrap: false,
23394 silly install resolved     _shasum: '6c9599d340d54dfd3946380252a35705a6b992bf',
23394 silly install resolved     _resolved: 'https://registry.npmjs.org/pako/-/pako-1.0.11.tgz',
23394 silly install resolved     _from: 'pako@>=1.0.2 <1.1.0',
23394 silly install resolved     readme: 'ERROR: No README data found!' },
23394 silly install resolved   { name: 'lie',
23394 silly install resolved     version: '3.3.0',
23394 silly install resolved     description: 'A basic but performant promise implementation',
23394 silly install resolved     license: 'MIT',
23394 silly install resolved     repository:
23394 silly install resolved      { type: 'git',
23394 silly install resolved        url: 'git+https://github.com/calvinmetcalf/lie.git' },
23394 silly install resolved     bugs: { url: 'https://github.com/calvinmetcalf/lie/issues' },
23394 silly install resolved     keywords: [ 'lie', 'promise', 'async', 'aplus' ],
23394 silly install resolved     main: 'lib/index.js',
23394 silly install resolved     scripts:
23394 silly install resolved      { pretest: 'npm run build',
23394 silly install resolved        test: 'npm run jshint && mocha -R nyan ./test/cover.js && tsc --noEmit ./test/types.ts',
23394 silly install resolved        'build-node': 'copyfiles -f src/index.js lib && browserify-transform-cli inline-process-browser unreachable-branch-transform es3ify < src/index.js > lib/browser.js',
23394 silly install resolved        'build-js': 'browserify -s Promise -p bundle-collapser/plugin . | derequire > ./dist/lie.js',
23394 silly install resolved        'build-min': 'uglifyjs ./dist/lie.js -mc > ./dist/lie.min.js',
23394 silly install resolved        'build-poly-js': 'browserify -p bundle-collapser/plugin ./polyfill.js | derequire > ./dist/lie.polyfill.js',
23394 silly install resolved        'build-poly-min': 'uglifyjs ./dist/lie.polyfill.js -mc > ./dist/lie.polyfill.min.js',
23394 silly install resolved        'build-poly': 'npm run build-poly-js && npm run build-poly-min',
23394 silly install resolved        build: 'npm run build-node && npm run build-js && npm run build-min && npm run build-poly',
23394 silly install resolved        prebuild: 'rimraf lib dist && mkdirp lib dist',
23394 silly install resolved        cover: 'istanbul cover _mocha ./test/cover.js -- -R spec && istanbul check-coverage --lines 100 --function 100 --statements 100 --branches 100',
23394 silly install resolved        jshint: 'jshint src',
23394 silly install resolved        node: 'mocha -R spec ./test/cover.js',
23394 silly install resolved        browser: 'browserify test/cover.js > test/browser.js && mocha-phantomjs test/test.html' },
23394 silly install resolved     devDependencies:
23394 silly install resolved      { browserify: '^13.0.0',
23394 silly install resolved        'browserify-transform-cli': '^1.1.1',
23394 silly install resolved        'bundle-collapser': '^1.2.1',
23394 silly install resolved        copyfiles: '^1.0.0',
23394 silly install resolved        derequire: '^1.2.0',
23394 silly install resolved        es3ify: '^0.2.2',
23394 silly install resolved        'inline-process-browser': '^1.0.0',
23394 silly install resolved        istanbul: '^0.2.6',
23394 silly install resolved        jshint: '^2.4.4',
23394 silly install resolved        mkdirp: '^0.5.1',
23394 silly install resolved        mocha: '^1.18.0',
23394 silly install resolved        'mocha-phantomjs': '~3.5.0',
23394 silly install resolved        phantomjs: '^1.9.9',
23394 silly install resolved        'promises-aplus-tests': 'github:calvinmetcalf/promises-tests#phantom',
23394 silly install resolved        rimraf: '^2.5.4',
23394 silly install resolved        typescript: '^2.7.1',
23394 silly install resolved        'uglify-js': '^2.4.13',
23394 silly install resolved        'unreachable-branch-transform': '^0.3.0' },
23394 silly install resolved     dependencies: { immediate: '~3.0.5' },
23394 silly install resolved     browser: { './lib/index.js': './lib/browser.js' },
23394 silly install resolved     files: [ 'lib', 'dist', 'polyfill.js', 'lie.d.ts' ],
23394 silly install resolved     types: 'lie.d.ts',
23394 silly install resolved     contributors: [ [Object], [Object], [Object], [Object] ],
23394 silly install resolved     gitHead: 'fa42cdf72817a963186538d8f8a32c8c1dea6e14',
23394 silly install resolved     homepage: 'https://github.com/calvinmetcalf/lie#readme',
23394 silly install resolved     _id: 'lie@3.3.0',
23394 silly install resolved     _npmVersion: '5.7.1',
23394 silly install resolved     _nodeVersion: '8.6.0',
23394 silly install resolved     _npmUser: { name: 'cwmma', email: 'calvin.metcalf@gmail.com' },
23394 silly install resolved     dist:
23394 silly install resolved      { integrity: 'sha512-UaiMJzeWRlEujzAuw5LokY1L5ecNQYZKfmyZ9L7wDHb/p5etKaxXhohBcrw0EYby+G/NA52vRSN4N39dxHAIwQ==',
23394 silly install resolved        shasum: 'dcf82dee545f46074daf200c7c1c5a08e0f40f6a',
23394 silly install resolved        tarball: 'https://registry.npmjs.org/lie/-/lie-3.3.0.tgz',
23394 silly install resolved        fileCount: 11,
23394 silly install resolved        unpackedSize: 59145,
23394 silly install resolved        signatures: [Object] },
23394 silly install resolved     maintainers: [ [Object] ],
23394 silly install resolved     directories: {},
23394 silly install resolved     _npmOperationalInternal:
23394 silly install resolved      { host: 's3://npm-registry-packages',
23394 silly install resolved        tmp: 'tmp/lie_3.3.0_1520348048303_0.9436495242094991' },
23394 silly install resolved     _hasShrinkwrap: false,
23394 silly install resolved     _shasum: 'dcf82dee545f46074daf200c7c1c5a08e0f40f6a',
23394 silly install resolved     _resolved: 'https://registry.npmjs.org/lie/-/lie-3.3.0.tgz',
23394 silly install resolved     _from: 'lie@>=3.3.0 <3.4.0',
23394 silly install resolved     readme: 'ERROR: No README data found!' } ]
23395 info install setimmediate@1.0.5 into C:\chef-master-pro\node_modules\exceljs\node_modules\jszip
23396 info install readable-stream@2.3.8 into C:\chef-master-pro\node_modules\exceljs\node_modules\jszip
23397 info install pako@1.0.11 into C:\chef-master-pro\node_modules\exceljs\node_modules\jszip
23398 info install lie@3.3.0 into C:\chef-master-pro\node_modules\exceljs\node_modules\jszip
23399 info installOne setimmediate@1.0.5
23400 verbose installOne of setimmediate to C:\chef-master-pro\node_modules\exceljs\node_modules\jszip not in flight; installing
23401 info installOne readable-stream@2.3.8
23402 verbose installOne of readable-stream to C:\chef-master-pro\node_modules\exceljs\node_modules\jszip not in flight; installing
23403 info installOne pako@1.0.11
23404 verbose installOne of pako to C:\chef-master-pro\node_modules\exceljs\node_modules\jszip not in flight; installing
23405 info installOne lie@3.3.0
23406 verbose installOne of lie to C:\chef-master-pro\node_modules\exceljs\node_modules\jszip not in flight; installing
23407 verbose lock using C:\Users\Carlos García\AppData\Roaming\npm-cache\_locks\setimmediate-61efbb9ef0c816fc.lock for C:\chef-master-pro\node_modules\exceljs\node_modules\jszip\node_modules\setimmediate
23408 verbose lock using C:\Users\Carlos García\AppData\Roaming\npm-cache\_locks\readable-stream-a1e2b72b4d433aa7.lock for C:\chef-master-pro\node_modules\exceljs\node_modules\jszip\node_modules\readable-stream
23409 silly gunzTarPerm extractEntry README.md
23410 silly gunzTarPerm modified mode [ 'README.md', 420, 438 ]
23411 silly gunzTarPerm extractEntry lib/Document/AElement.d.ts
23412 silly gunzTarPerm modified mode [ 'lib/Document/AElement.d.ts', 420, 438 ]
23413 verbose lock using C:\Users\Carlos García\AppData\Roaming\npm-cache\_locks\pako-54dde38ba8316b52.lock for C:\chef-master-pro\node_modules\exceljs\node_modules\jszip\node_modules\pako
23414 silly gunzTarPerm extractEntry full/reflect/define-property.js
23415 silly gunzTarPerm modified mode [ 'full/reflect/define-property.js', 420, 438 ]
23416 silly gunzTarPerm extractEntry stable/object/define-property.js
23417 silly gunzTarPerm modified mode [ 'stable/object/define-property.js', 420, 438 ]
23418 silly install write writing setimmediate 1.0.5 to C:\chef-master-pro\node_modules\exceljs\node_modules\jszip\node_modules\setimmediate
23419 silly cache addNamed cb setimmediate@1.0.5
23420 verbose unbuild node_modules\exceljs\node_modules\jszip\node_modules\setimmediate
23421 silly install write writing readable-stream 2.3.8 to C:\chef-master-pro\node_modules\exceljs\node_modules\jszip\node_modules\readable-stream
23422 silly cache addNamed cb readable-stream@2.3.8
23423 verbose unbuild node_modules\exceljs\node_modules\jszip\node_modules\readable-stream
23424 verbose lock using C:\Users\Carlos García\AppData\Roaming\npm-cache\_locks\lie-7babee6dbaa018ba.lock for C:\chef-master-pro\node_modules\exceljs\node_modules\jszip\node_modules\lie
23425 silly install write writing pako 1.0.11 to C:\chef-master-pro\node_modules\exceljs\node_modules\jszip\node_modules\pako
23426 silly cache addNamed cb pako@1.0.11
23427 verbose unbuild node_modules\exceljs\node_modules\jszip\node_modules\pako
23428 silly install write writing lie 3.3.0 to C:\chef-master-pro\node_modules\exceljs\node_modules\jszip\node_modules\lie
23429 silly cache addNamed cb lie@3.3.0
23430 verbose unbuild node_modules\exceljs\node_modules\jszip\node_modules\lie
23431 silly gentlyRm C:\chef-master-pro\node_modules\exceljs\node_modules\jszip\node_modules\setimmediate is being purged from base C:\chef-master-pro
23432 verbose gentlyRm don't care about contents; nuking C:\chef-master-pro\node_modules\exceljs\node_modules\jszip\node_modules\setimmediate
23433 silly gentlyRm C:\chef-master-pro\node_modules\exceljs\node_modules\jszip\node_modules\readable-stream is being purged from base C:\chef-master-pro
23434 verbose gentlyRm don't care about contents; nuking C:\chef-master-pro\node_modules\exceljs\node_modules\jszip\node_modules\readable-stream
23435 silly gentlyRm C:\chef-master-pro\node_modules\exceljs\node_modules\jszip\node_modules\pako is being purged from base C:\chef-master-pro
23436 verbose gentlyRm don't care about contents; nuking C:\chef-master-pro\node_modules\exceljs\node_modules\jszip\node_modules\pako
23437 silly gunzTarPerm extractEntry esm/plugin/preParsePostFormat/index.d.ts
23438 silly gunzTarPerm modified mode [ 'esm/plugin/preParsePostFormat/index.d.ts', 420, 438 ]
23439 silly gunzTarPerm extractEntry esm/plugin/quarterOfYear/index.d.ts
23440 silly gunzTarPerm modified mode [ 'esm/plugin/quarterOfYear/index.d.ts', 420, 438 ]
23441 verbose tar unpack C:\Users\Carlos García\AppData\Roaming\npm-cache\setimmediate\1.0.5\package.tgz
23442 verbose tar unpacking to C:\chef-master-pro\node_modules\exceljs\node_modules\jszip\node_modules\setimmediate
23443 silly gentlyRm C:\chef-master-pro\node_modules\exceljs\node_modules\jszip\node_modules\setimmediate is being purged
23444 verbose gentlyRm don't care about contents; nuking C:\chef-master-pro\node_modules\exceljs\node_modules\jszip\node_modules\setimmediate
23445 verbose tar unpack C:\Users\Carlos García\AppData\Roaming\npm-cache\readable-stream\2.3.8\package.tgz
23446 verbose tar unpacking to C:\chef-master-pro\node_modules\exceljs\node_modules\jszip\node_modules\readable-stream
23447 silly gentlyRm C:\chef-master-pro\node_modules\exceljs\node_modules\jszip\node_modules\readable-stream is being purged
23448 verbose gentlyRm don't care about contents; nuking C:\chef-master-pro\node_modules\exceljs\node_modules\jszip\node_modules\readable-stream
23449 verbose tar unpack C:\Users\Carlos García\AppData\Roaming\npm-cache\pako\1.0.11\package.tgz
23450 verbose tar unpacking to C:\chef-master-pro\node_modules\exceljs\node_modules\jszip\node_modules\pako
23451 silly gentlyRm C:\chef-master-pro\node_modules\exceljs\node_modules\jszip\node_modules\pako is being purged
23452 verbose gentlyRm don't care about contents; nuking C:\chef-master-pro\node_modules\exceljs\node_modules\jszip\node_modules\pako
23453 silly gentlyRm C:\chef-master-pro\node_modules\exceljs\node_modules\jszip\node_modules\lie is being purged from base C:\chef-master-pro
23454 verbose gentlyRm don't care about contents; nuking C:\chef-master-pro\node_modules\exceljs\node_modules\jszip\node_modules\lie
23455 silly gunzTarPerm modes [ '777', '666' ]
23456 silly gunzTarPerm modes [ '777', '666' ]
23457 silly gunzTarPerm modes [ '777', '666' ]
23458 verbose tar unpack C:\Users\Carlos García\AppData\Roaming\npm-cache\lie\3.3.0\package.tgz
23459 verbose tar unpacking to C:\chef-master-pro\node_modules\exceljs\node_modules\jszip\node_modules\lie
23460 silly gentlyRm C:\chef-master-pro\node_modules\exceljs\node_modules\jszip\node_modules\lie is being purged
23461 verbose gentlyRm don't care about contents; nuking C:\chef-master-pro\node_modules\exceljs\node_modules\jszip\node_modules\lie
23462 silly gunzTarPerm modes [ '777', '666' ]
23463 silly gunzTarPerm extractEntry dist/lib/render/box-sizing.js.map
23464 silly gunzTarPerm modified mode [ 'dist/lib/render/box-sizing.js.map', 420, 438 ]
23465 silly gunzTarPerm extractEntry lib/Document/AnimateColorElement.d.ts
23466 silly gunzTarPerm modified mode [ 'lib/Document/AnimateColorElement.d.ts', 420, 438 ]
23467 silly gunzTarPerm extractEntry lib/Document/AnimateElement.d.ts
23468 silly gunzTarPerm modified mode [ 'lib/Document/AnimateElement.d.ts', 420, 438 ]
23469 silly gunzTarPerm extractEntry stable/reflect/define-property.js
23470 silly gunzTarPerm modified mode [ 'stable/reflect/define-property.js', 420, 438 ]
23471 silly gunzTarPerm extractEntry actual/object/define-setter.js
23472 silly gunzTarPerm modified mode [ 'actual/object/define-setter.js', 420, 438 ]
23473 silly gunzTarPerm extractEntry package.json
23474 silly gunzTarPerm extractEntry
23475 silly gunzTarPerm modified mode [ '', 420, 438 ]
23476 silly gunzTarPerm extractEntry
23477 silly gunzTarPerm modified mode [ '', 420, 438 ]
23478 silly gunzTarPerm extractEntry LICENSE
23479 silly gunzTarPerm modified mode [ 'LICENSE', 420, 438 ]
23480 silly gunzTarPerm extractEntry LICENSE
23481 silly gunzTarPerm modified mode [ 'LICENSE', 420, 438 ]
23482 silly gunzTarPerm extractEntry package.json
23483 silly gunzTarPerm modified mode [ 'package.json', 420, 438 ]
23484 silly gunzTarPerm extractEntry esm/plugin/relativeTime/index.d.ts
23485 silly gunzTarPerm modified mode [ 'esm/plugin/relativeTime/index.d.ts', 420, 438 ]
23486 silly gunzTarPerm extractEntry esm/plugin/timezone/index.d.ts
23487 silly gunzTarPerm modified mode [ 'esm/plugin/timezone/index.d.ts', 420, 438 ]
23488 silly gunzTarPerm extractEntry setImmediate.js
23489 silly gunzTarPerm extractEntry LICENSE.txt
23490 silly gunzTarPerm extractEntry es/object/define-setter.js
23491 silly gunzTarPerm modified mode [ 'es/object/define-setter.js', 420, 438 ]
23492 silly gunzTarPerm extractEntry features/object/define-setter.js
23493 silly gunzTarPerm modified mode [ 'features/object/define-setter.js', 420, 438 ]
23494 silly gunzTarPerm extractEntry lib/zlib/README
23495 silly gunzTarPerm modified mode [ 'lib/zlib/README', 420, 438 ]
23496 silly gunzTarPerm extractEntry lib/zlib/adler32.js
23497 silly gunzTarPerm modified mode [ 'lib/zlib/adler32.js', 420, 438 ]
23498 silly gunzTarPerm extractEntry lib/_stream_duplex.js
23499 silly gunzTarPerm modified mode [ 'lib/_stream_duplex.js', 420, 438 ]
23500 silly gunzTarPerm extractEntry lib/_stream_passthrough.js
23501 silly gunzTarPerm modified mode [ 'lib/_stream_passthrough.js', 420, 438 ]
23502 silly gunzTarPerm extractEntry lib/Document/AnimateTransformElement.d.ts
23503 silly gunzTarPerm modified mode [ 'lib/Document/AnimateTransformElement.d.ts', 420, 438 ]
23504 silly gunzTarPerm extractEntry lib/BoundingBox.d.ts
23505 silly gunzTarPerm modified mode [ 'lib/BoundingBox.d.ts', 420, 438 ]
23506 silly gunzTarPerm extractEntry license.md
23507 silly gunzTarPerm modified mode [ 'license.md', 420, 438 ]
23508 silly gunzTarPerm extractEntry lie.d.ts
23509 silly gunzTarPerm modified mode [ 'lie.d.ts', 420, 438 ]
23510 silly gunzTarPerm extractEntry full/object/define-setter.js
23511 silly gunzTarPerm modified mode [ 'full/object/define-setter.js', 420, 438 ]
23512 silly gunzTarPerm extractEntry stable/object/define-setter.js
23513 silly gunzTarPerm modified mode [ 'stable/object/define-setter.js', 420, 438 ]
23514 silly gunzTarPerm extractEntry lib/Canvg.d.ts
23515 silly gunzTarPerm modified mode [ 'lib/Canvg.d.ts', 420, 438 ]
23516 silly gunzTarPerm extractEntry lib/Document/CircleElement.d.ts
23517 silly gunzTarPerm modified mode [ 'lib/Document/CircleElement.d.ts', 420, 438 ]
23518 silly gunzTarPerm extractEntry esm/plugin/toArray/index.d.ts
23519 silly gunzTarPerm modified mode [ 'esm/plugin/toArray/index.d.ts', 420, 438 ]
23520 silly gunzTarPerm extractEntry esm/plugin/toObject/index.d.ts
23521 silly gunzTarPerm modified mode [ 'esm/plugin/toObject/index.d.ts', 420, 438 ]
23522 silly gunzTarPerm extractEntry lib/_stream_readable.js
23523 silly gunzTarPerm modified mode [ 'lib/_stream_readable.js', 420, 438 ]
23524 silly gunzTarPerm extractEntry lib/_stream_transform.js
23525 silly gunzTarPerm modified mode [ 'lib/_stream_transform.js', 420, 438 ]
23526 silly gunzTarPerm extractEntry lib/_stream_writable.js
23527 silly gunzTarPerm modified mode [ 'lib/_stream_writable.js', 420, 438 ]
23528 silly gunzTarPerm extractEntry lib/internal/streams/BufferList.js
23529 silly gunzTarPerm modified mode [ 'lib/internal/streams/BufferList.js', 420, 438 ]
23530 silly gunzTarPerm extractEntry lib/internal/streams/destroy.js
23531 silly gunzTarPerm modified mode [ 'lib/internal/streams/destroy.js', 420, 438 ]
23532 silly gunzTarPerm extractEntry duplex-browser.js
23533 silly gunzTarPerm modified mode [ 'duplex-browser.js', 420, 438 ]
23534 silly gunzTarPerm extractEntry duplex.js
23535 silly gunzTarPerm modified mode [ 'duplex.js', 420, 438 ]
23536 silly gunzTarPerm extractEntry passthrough.js
23537 silly gunzTarPerm modified mode [ 'passthrough.js', 420, 438 ]
23538 silly gunzTarPerm extractEntry readable-browser.js
23539 silly gunzTarPerm modified mode [ 'readable-browser.js', 420, 438 ]
23540 silly gunzTarPerm extractEntry readable.js
23541 silly gunzTarPerm modified mode [ 'readable.js', 420, 438 ]
23542 silly gunzTarPerm extractEntry lib/internal/streams/stream-browser.js
23543 silly gunzTarPerm modified mode [ 'lib/internal/streams/stream-browser.js', 420, 438 ]
23544 silly gunzTarPerm extractEntry lib/internal/streams/stream.js
23545 silly gunzTarPerm modified mode [ 'lib/internal/streams/stream.js', 420, 438 ]
23546 silly gunzTarPerm extractEntry transform.js
23547 silly gunzTarPerm modified mode [ 'transform.js', 420, 438 ]
23548 silly gunzTarPerm extractEntry writable-browser.js
23549 silly gunzTarPerm modified mode [ 'writable-browser.js', 420, 438 ]
23550 silly gunzTarPerm extractEntry writable.js
23551 silly gunzTarPerm modified mode [ 'writable.js', 420, 438 ]
23552 silly gunzTarPerm extractEntry package.json
23553 silly gunzTarPerm modified mode [ 'package.json', 420, 438 ]
23554 silly gunzTarPerm extractEntry doc/wg-meetings/2015-01-30.md
23555 silly gunzTarPerm modified mode [ 'doc/wg-meetings/2015-01-30.md', 420, 438 ]
23556 silly gunzTarPerm extractEntry CONTRIBUTING.md
23557 silly gunzTarPerm modified mode [ 'CONTRIBUTING.md', 420, 438 ]
23558 silly gunzTarPerm extractEntry GOVERNANCE.md
23559 silly gunzTarPerm modified mode [ 'GOVERNANCE.md', 420, 438 ]
23560 silly gunzTarPerm extractEntry README.md
23561 silly gunzTarPerm modified mode [ 'README.md', 420, 438 ]
23562 silly gunzTarPerm extractEntry .travis.yml
23563 silly gunzTarPerm modified mode [ '.travis.yml', 420, 438 ]
23564 silly gunzTarPerm extractEntry lib/utils/common.js
23565 silly gunzTarPerm modified mode [ 'lib/utils/common.js', 420, 438 ]
23566 silly gunzTarPerm extractEntry lib/zlib/constants.js
23567 silly gunzTarPerm modified mode [ 'lib/zlib/constants.js', 420, 438 ]
23568 silly gunzTarPerm extractEntry polyfill.js
23569 silly gunzTarPerm modified mode [ 'polyfill.js', 420, 438 ]
23570 silly gunzTarPerm extractEntry lib/Document/ClipPathElement.d.ts
23571 silly gunzTarPerm modified mode [ 'lib/Document/ClipPathElement.d.ts', 420, 438 ]
23572 silly gunzTarPerm extractEntry lib/util/debug.d.ts
23573 silly gunzTarPerm modified mode [ 'lib/util/debug.d.ts', 420, 438 ]
23574 silly gunzTarPerm extractEntry features/math/deg-per-rad.js
23575 silly gunzTarPerm modified mode [ 'features/math/deg-per-rad.js', 420, 438 ]
23576 silly gunzTarPerm extractEntry full/math/deg-per-rad.js
23577 silly gunzTarPerm modified mode [ 'full/math/deg-per-rad.js', 420, 438 ]
23578 silly gunzTarPerm extractEntry esm/plugin/updateLocale/index.d.ts
23579 silly gunzTarPerm modified mode [ 'esm/plugin/updateLocale/index.d.ts', 420, 438 ]
23580 silly gunzTarPerm extractEntry esm/plugin/utc/index.d.ts
23581 silly gunzTarPerm modified mode [ 'esm/plugin/utc/index.d.ts', 420, 438 ]
23582 silly gunzTarPerm extractEntry dist/lib/core/__mocks__/cache-storage.js.map
23583 silly gunzTarPerm modified mode [ 'dist/lib/core/__mocks__/cache-storage.js.map', 420, 438 ]
23584 silly gunzTarPerm extractEntry README.md
23585 silly gunzTarPerm modified mode [ 'README.md', 420, 438 ]
23586 silly gunzTarPerm extractEntry dist/lie.js
23587 silly gunzTarPerm modified mode [ 'dist/lie.js', 420, 438 ]
23588 silly gunzTarPerm extractEntry features/math/degrees.js
23589 silly gunzTarPerm modified mode [ 'features/math/degrees.js', 420, 438 ]
23590 silly gunzTarPerm extractEntry full/math/degrees.js
23591 silly gunzTarPerm modified mode [ 'full/math/degrees.js', 420, 438 ]
23592 silly gunzTarPerm extractEntry lib/Document/DefsElement.d.ts
23593 silly gunzTarPerm modified mode [ 'lib/Document/DefsElement.d.ts', 420, 438 ]
23594 silly gunzTarPerm extractEntry lib/Document/DescElement.d.ts
23595 silly gunzTarPerm modified mode [ 'lib/Document/DescElement.d.ts', 420, 438 ]
23596 silly gunzTarPerm extractEntry lib/zlib/crc32.js
23597 silly gunzTarPerm modified mode [ 'lib/zlib/crc32.js', 420, 438 ]
23598 silly gunzTarPerm extractEntry esm/plugin/weekday/index.d.ts
23599 silly gunzTarPerm modified mode [ 'esm/plugin/weekday/index.d.ts', 420, 438 ]
23600 silly gunzTarPerm extractEntry esm/plugin/weekOfYear/index.d.ts
23601 silly gunzTarPerm modified mode [ 'esm/plugin/weekOfYear/index.d.ts', 420, 438 ]
23602 silly gunzTarPerm extractEntry lib/deflate.js
23603 silly gunzTarPerm modified mode [ 'lib/deflate.js', 420, 438 ]
23604 silly gunzTarPerm extractEntry features/map/delete-all.js
23605 silly gunzTarPerm modified mode [ 'features/map/delete-all.js', 420, 438 ]
23606 silly gunzTarPerm extractEntry features/set/delete-all.js
23607 silly gunzTarPerm modified mode [ 'features/set/delete-all.js', 420, 438 ]
23608 silly gunzTarPerm extractEntry lib/Document/Document.d.ts
23609 silly gunzTarPerm modified mode [ 'lib/Document/Document.d.ts', 420, 438 ]
23610 silly gunzTarPerm extractEntry lib/Document/Element.d.ts
23611 silly gunzTarPerm modified mode [ 'lib/Document/Element.d.ts', 420, 438 ]
23612 silly gunzTarPerm extractEntry lib/Document/elements.d.ts
23613 silly gunzTarPerm modified mode [ 'lib/Document/elements.d.ts', 420, 438 ]
23614 silly gunzTarPerm extractEntry lib/Document/EllipseElement.d.ts
23615 silly gunzTarPerm modified mode [ 'lib/Document/EllipseElement.d.ts', 420, 438 ]
23616 silly gunzTarPerm extractEntry lib/Document/FeColorMatrixElement.d.ts
23617 silly gunzTarPerm modified mode [ 'lib/Document/FeColorMatrixElement.d.ts', 420, 438 ]
23618 silly gunzTarPerm extractEntry lib/Document/FeCompositeElement.d.ts
23619 silly gunzTarPerm modified mode [ 'lib/Document/FeCompositeElement.d.ts', 420, 438 ]
23620 silly gunzTarPerm extractEntry lib/Document/FeDropShadowElement.d.ts
23621 silly gunzTarPerm modified mode [ 'lib/Document/FeDropShadowElement.d.ts', 420, 438 ]
23622 silly gunzTarPerm extractEntry lib/Document/FeGaussianBlurElement.d.ts
23623 silly gunzTarPerm modified mode [ 'lib/Document/FeGaussianBlurElement.d.ts', 420, 438 ]
23624 silly gunzTarPerm extractEntry lib/Document/FeMorphologyElement.d.ts
23625 silly gunzTarPerm modified mode [ 'lib/Document/FeMorphologyElement.d.ts', 420, 438 ]
23626 silly gunzTarPerm extractEntry lib/Document/FilterElement.d.ts
23627 silly gunzTarPerm modified mode [ 'lib/Document/FilterElement.d.ts', 420, 438 ]
23628 silly gunzTarPerm extractEntry lib/Font.d.ts
23629 silly gunzTarPerm modified mode [ 'lib/Font.d.ts', 420, 438 ]
23630 silly gunzTarPerm extractEntry lib/Document/FontElement.d.ts
23631 silly gunzTarPerm modified mode [ 'lib/Document/FontElement.d.ts', 420, 438 ]
23632 silly gunzTarPerm extractEntry lib/Document/FontFaceElement.d.ts
23633 silly gunzTarPerm modified mode [ 'lib/Document/FontFaceElement.d.ts', 420, 438 ]
23634 silly gunzTarPerm extractEntry lib/Document/GElement.d.ts
23635 silly gunzTarPerm modified mode [ 'lib/Document/GElement.d.ts', 420, 438 ]
23636 silly gunzTarPerm extractEntry lib/Document/GlyphElement.d.ts
23637 silly gunzTarPerm modified mode [ 'lib/Document/GlyphElement.d.ts', 420, 438 ]
23638 silly gunzTarPerm extractEntry lib/Document/GradientElement.d.ts
23639 silly gunzTarPerm modified mode [ 'lib/Document/GradientElement.d.ts', 420, 438 ]
23640 silly gunzTarPerm extractEntry lib/Document/ImageElement.d.ts
23641 silly gunzTarPerm modified mode [ 'lib/Document/ImageElement.d.ts', 420, 438 ]
23642 silly gunzTarPerm extractEntry lib/Document/index.d.ts
23643 silly gunzTarPerm modified mode [ 'lib/Document/index.d.ts', 420, 438 ]
23644 silly gunzTarPerm extractEntry lib/index.d.ts
23645 silly gunzTarPerm modified mode [ 'lib/index.d.ts', 420, 438 ]
23646 silly gunzTarPerm extractEntry lib/presets/index.d.ts
23647 silly gunzTarPerm modified mode [ 'lib/presets/index.d.ts', 420, 438 ]
23648 silly gunzTarPerm extractEntry lib/Transform/index.d.ts
23649 silly gunzTarPerm modified mode [ 'lib/Transform/index.d.ts', 420, 438 ]
23650 silly gunzTarPerm extractEntry lib/util/index.d.ts
23651 silly gunzTarPerm modified mode [ 'lib/util/index.d.ts', 420, 438 ]
23652 silly gunzTarPerm extractEntry lib/Document/LinearGradientElement.d.ts
23653 silly gunzTarPerm modified mode [ 'lib/Document/LinearGradientElement.d.ts', 420, 438 ]
23654 silly gunzTarPerm extractEntry lib/Document/LineElement.d.ts
23655 silly gunzTarPerm modified mode [ 'lib/Document/LineElement.d.ts', 420, 438 ]
23656 silly gunzTarPerm extractEntry lib/Document/MarkerElement.d.ts
23657 silly gunzTarPerm modified mode [ 'lib/Document/MarkerElement.d.ts', 420, 438 ]
23658 silly gunzTarPerm extractEntry lib/Document/MaskElement.d.ts
23659 silly gunzTarPerm modified mode [ 'lib/Document/MaskElement.d.ts', 420, 438 ]
23660 silly gunzTarPerm extractEntry lib/util/math.d.ts
23661 silly gunzTarPerm modified mode [ 'lib/util/math.d.ts', 420, 438 ]
23662 silly gunzTarPerm extractEntry lib/Transform/Matrix.d.ts
23663 silly gunzTarPerm modified mode [ 'lib/Transform/Matrix.d.ts', 420, 438 ]
23664 silly gunzTarPerm extractEntry lib/Document/MissingGlyphElement.d.ts
23665 silly gunzTarPerm modified mode [ 'lib/Document/MissingGlyphElement.d.ts', 420, 438 ]
23666 silly gunzTarPerm extractEntry lib/Mouse.d.ts
23667 silly gunzTarPerm modified mode [ 'lib/Mouse.d.ts', 420, 438 ]
23668 silly gunzTarPerm extractEntry lib/presets/node.d.ts
23669 silly gunzTarPerm modified mode [ 'lib/presets/node.d.ts', 420, 438 ]
23670 silly gunzTarPerm extractEntry lib/presets/offscreen.d.ts
23671 silly gunzTarPerm modified mode [ 'lib/presets/offscreen.d.ts', 420, 438 ]
23672 silly gunzTarPerm extractEntry lib/Parser.d.ts
23673 silly gunzTarPerm modified mode [ 'lib/Parser.d.ts', 420, 438 ]
23674 silly gunzTarPerm extractEntry lib/Document/PathElement.d.ts
23675 silly gunzTarPerm modified mode [ 'lib/Document/PathElement.d.ts', 420, 438 ]
23676 silly gunzTarPerm extractEntry lib/PathParser.d.ts
23677 silly gunzTarPerm modified mode [ 'lib/PathParser.d.ts', 420, 438 ]
23678 silly gunzTarPerm extractEntry lib/Document/PatternElement.d.ts
23679 silly gunzTarPerm modified mode [ 'lib/Document/PatternElement.d.ts', 420, 438 ]
23680 silly gunzTarPerm extractEntry lib/Point.d.ts
23681 silly gunzTarPerm modified mode [ 'lib/Point.d.ts', 420, 438 ]
23682 silly gunzTarPerm extractEntry lib/Document/PolygonElement.d.ts
23683 silly gunzTarPerm modified mode [ 'lib/Document/PolygonElement.d.ts', 420, 438 ]
23684 silly gunzTarPerm extractEntry lib/Document/PolylineElement.d.ts
23685 silly gunzTarPerm modified mode [ 'lib/Document/PolylineElement.d.ts', 420, 438 ]
23686 silly gunzTarPerm extractEntry lib/Property.d.ts
23687 silly gunzTarPerm modified mode [ 'lib/Property.d.ts', 420, 438 ]
23688 silly gunzTarPerm extractEntry lib/Document/RadialGradientElement.d.ts
23689 silly gunzTarPerm modified mode [ 'lib/Document/RadialGradientElement.d.ts', 420, 438 ]
23690 silly gunzTarPerm extractEntry lib/Document/RectElement.d.ts
23691 silly gunzTarPerm modified mode [ 'lib/Document/RectElement.d.ts', 420, 438 ]
23692 silly gunzTarPerm extractEntry lib/Document/RenderedElement.d.ts
23693 silly gunzTarPerm modified mode [ 'lib/Document/RenderedElement.d.ts', 420, 438 ]
23694 silly gunzTarPerm extractEntry lib/Transform/Rotate.d.ts
23695 silly gunzTarPerm modified mode [ 'lib/Transform/Rotate.d.ts', 420, 438 ]
23696 silly gunzTarPerm extractEntry lib/Transform/Scale.d.ts
23697 silly gunzTarPerm modified mode [ 'lib/Transform/Scale.d.ts', 420, 438 ]
23698 silly gunzTarPerm extractEntry lib/Screen.d.ts
23699 silly gunzTarPerm modified mode [ 'lib/Screen.d.ts', 420, 438 ]
23700 silly gunzTarPerm extractEntry lib/Transform/Skew.d.ts
23701 silly gunzTarPerm modified mode [ 'lib/Transform/Skew.d.ts', 420, 438 ]
23702 silly gunzTarPerm extractEntry lib/Transform/SkewX.d.ts
23703 silly gunzTarPerm modified mode [ 'lib/Transform/SkewX.d.ts', 420, 438 ]
23704 silly gunzTarPerm extractEntry lib/Transform/SkewY.d.ts
23705 silly gunzTarPerm modified mode [ 'lib/Transform/SkewY.d.ts', 420, 438 ]
23706 silly gunzTarPerm extractEntry lib/Document/StopElement.d.ts
23707 silly gunzTarPerm modified mode [ 'lib/Document/StopElement.d.ts', 420, 438 ]
23708 silly gunzTarPerm extractEntry lib/util/string.d.ts
23709 silly gunzTarPerm modified mode [ 'lib/util/string.d.ts', 420, 438 ]
23710 silly gunzTarPerm extractEntry lib/Document/StyleElement.d.ts
23711 silly gunzTarPerm modified mode [ 'lib/Document/StyleElement.d.ts', 420, 438 ]
23712 silly gunzTarPerm extractEntry lib/util/styles.d.ts
23713 silly gunzTarPerm modified mode [ 'lib/util/styles.d.ts', 420, 438 ]
23714 silly gunzTarPerm extractEntry lib/Document/SVGElement.d.ts
23715 silly gunzTarPerm modified mode [ 'lib/Document/SVGElement.d.ts', 420, 438 ]
23716 silly gunzTarPerm extractEntry lib/SVGFontLoader.d.ts
23717 silly gunzTarPerm modified mode [ 'lib/SVGFontLoader.d.ts', 420, 438 ]
23718 silly gunzTarPerm extractEntry lib/Document/SymbolElement.d.ts
23719 silly gunzTarPerm modified mode [ 'lib/Document/SymbolElement.d.ts', 420, 438 ]
23720 silly gunzTarPerm extractEntry lib/Document/TextElement.d.ts
23721 silly gunzTarPerm modified mode [ 'lib/Document/TextElement.d.ts', 420, 438 ]
23722 silly gunzTarPerm extractEntry lib/Document/TextNode.d.ts
23723 silly gunzTarPerm modified mode [ 'lib/Document/TextNode.d.ts', 420, 438 ]
23724 silly gunzTarPerm extractEntry lib/Document/TextPathElement.d.ts
23725 silly gunzTarPerm modified mode [ 'lib/Document/TextPathElement.d.ts', 420, 438 ]
23726 silly gunzTarPerm extractEntry lib/Document/TitleElement.d.ts
23727 silly gunzTarPerm modified mode [ 'lib/Document/TitleElement.d.ts', 420, 438 ]
23728 silly gunzTarPerm extractEntry lib/Transform/Transform.d.ts
23729 silly gunzTarPerm modified mode [ 'lib/Transform/Transform.d.ts', 420, 438 ]
23730 silly gunzTarPerm extractEntry lib/Transform/Translate.d.ts
23731 silly gunzTarPerm modified mode [ 'lib/Transform/Translate.d.ts', 420, 438 ]
23732 silly gunzTarPerm extractEntry lib/Document/TRefElement.d.ts
23733 silly gunzTarPerm modified mode [ 'lib/Document/TRefElement.d.ts', 420, 438 ]
23734 silly gunzTarPerm extractEntry lib/Document/TSpanElement.d.ts
23735 silly gunzTarPerm modified mode [ 'lib/Document/TSpanElement.d.ts', 420, 438 ]
23736 silly gunzTarPerm extractEntry lib/presets/types.d.ts
23737 silly gunzTarPerm modified mode [ 'lib/presets/types.d.ts', 420, 438 ]
23738 silly gunzTarPerm extractEntry lib/Transform/types.d.ts
23739 silly gunzTarPerm modified mode [ 'lib/Transform/types.d.ts', 420, 438 ]
23740 silly gunzTarPerm extractEntry lib/types.d.ts
23741 silly gunzTarPerm modified mode [ 'lib/types.d.ts', 420, 438 ]
23742 silly gunzTarPerm extractEntry lib/Document/UnknownElement.d.ts
23743 silly gunzTarPerm modified mode [ 'lib/Document/UnknownElement.d.ts', 420, 438 ]
23744 silly gunzTarPerm extractEntry lib/Document/UseElement.d.ts
23745 silly gunzTarPerm modified mode [ 'lib/Document/UseElement.d.ts', 420, 438 ]
23746 silly gunzTarPerm extractEntry lib/ViewPort.d.ts
23747 silly gunzTarPerm modified mode [ 'lib/ViewPort.d.ts', 420, 438 ]
23748 silly gunzTarPerm extractEntry
23749 silly gunzTarPerm modified mode [ '', 420, 438 ]
23750 silly gunzTarPerm extractEntry
23751 silly gunzTarPerm modified mode [ '', 420, 438 ]
23752 silly gunzTarPerm extractEntry esm/plugin/weekYear/index.d.ts
23753 silly gunzTarPerm modified mode [ 'esm/plugin/weekYear/index.d.ts', 420, 438 ]
23754 silly gunzTarPerm extractEntry index.d.ts
23755 silly gunzTarPerm modified mode [ 'index.d.ts', 420, 438 ]
23756 silly gunzTarPerm extractEntry lib/zlib/deflate.js
23757 silly gunzTarPerm modified mode [ 'lib/zlib/deflate.js', 420, 438 ]
23758 silly gunzTarPerm extractEntry lib/zlib/gzheader.js
23759 silly gunzTarPerm modified mode [ 'lib/zlib/gzheader.js', 420, 438 ]
23760 silly gunzTarPerm extractEntry features/weak-map/delete-all.js
23761 silly gunzTarPerm modified mode [ 'features/weak-map/delete-all.js', 420, 438 ]
23762 silly gunzTarPerm extractEntry features/weak-set/delete-all.js
23763 silly gunzTarPerm modified mode [ 'features/weak-set/delete-all.js', 420, 438 ]
23764 info preinstall setimmediate@1.0.5
23765 silly gunzTarPerm extractEntry full/map/delete-all.js
23766 silly gunzTarPerm modified mode [ 'full/map/delete-all.js', 420, 438 ]
23767 silly gunzTarPerm extractEntry full/set/delete-all.js
23768 silly gunzTarPerm modified mode [ 'full/set/delete-all.js', 420, 438 ]
23769 silly install resolved []
23770 verbose about to build C:\chef-master-pro\node_modules\exceljs\node_modules\jszip\node_modules\setimmediate
23771 info build C:\chef-master-pro\node_modules\exceljs\node_modules\jszip\node_modules\setimmediate
23772 verbose linkStuff [ false,
23772 verbose linkStuff   false,
23772 verbose linkStuff   false,
23772 verbose linkStuff   'C:\\chef-master-pro\\node_modules\\exceljs\\node_modules\\jszip\\node_modules' ]
23773 info linkStuff setimmediate@1.0.5
23774 verbose linkBins setimmediate@1.0.5
23775 verbose linkMans setimmediate@1.0.5
23776 verbose rebuildBundles setimmediate@1.0.5
23777 info install setimmediate@1.0.5
23778 silly gunzTarPerm extractEntry locale/index.d.ts
23779 silly gunzTarPerm modified mode [ 'locale/index.d.ts', 420, 438 ]
23780 silly gunzTarPerm extractEntry plugin/isBetween.d.ts
23781 silly gunzTarPerm modified mode [ 'plugin/isBetween.d.ts', 420, 438 ]
23782 info postinstall setimmediate@1.0.5
23783 silly gunzTarPerm extractEntry index.js
23784 silly gunzTarPerm modified mode [ 'index.js', 420, 438 ]
23785 silly gunzTarPerm extractEntry lib/zlib/inffast.js
23786 silly gunzTarPerm modified mode [ 'lib/zlib/inffast.js', 420, 438 ]
23787 silly gunzTarPerm extractEntry dist/lib/core/__tests__/cache-storage.js.map
23788 silly gunzTarPerm modified mode [ 'dist/lib/core/__tests__/cache-storage.js.map', 420, 438 ]
23789 verbose unlock done using C:\Users\Carlos García\AppData\Roaming\npm-cache\_locks\setimmediate-61efbb9ef0c816fc.lock for C:\chef-master-pro\node_modules\exceljs\node_modules\jszip\node_modules\setimmediate
23790 silly gunzTarPerm extractEntry full/weak-map/delete-all.js
23791 silly gunzTarPerm modified mode [ 'full/weak-map/delete-all.js', 420, 438 ]
23792 silly gunzTarPerm extractEntry full/weak-set/delete-all.js
23793 silly gunzTarPerm modified mode [ 'full/weak-set/delete-all.js', 420, 438 ]
23794 silly gunzTarPerm extractEntry dist/lie.min.js
23795 silly gunzTarPerm modified mode [ 'dist/lie.min.js', 420, 438 ]
23796 silly gunzTarPerm extractEntry dist/lie.polyfill.js
23797 silly gunzTarPerm modified mode [ 'dist/lie.polyfill.js', 420, 438 ]
23798 silly gunzTarPerm extractEntry plugin/isLeapYear.d.ts
23799 silly gunzTarPerm modified mode [ 'plugin/isLeapYear.d.ts', 420, 438 ]
23800 silly gunzTarPerm extractEntry plugin/isMoment.d.ts
23801 silly gunzTarPerm modified mode [ 'plugin/isMoment.d.ts', 420, 438 ]
23802 silly gunzTarPerm extractEntry features/reflect/delete-metadata.js
23803 silly gunzTarPerm modified mode [ 'features/reflect/delete-metadata.js', 420, 438 ]
23804 silly gunzTarPerm extractEntry full/reflect/delete-metadata.js
23805 silly gunzTarPerm modified mode [ 'full/reflect/delete-metadata.js', 420, 438 ]
23806 silly gunzTarPerm extractEntry lib/inflate.js
23807 silly gunzTarPerm modified mode [ 'lib/inflate.js', 420, 438 ]
23808 silly gunzTarPerm extractEntry lib/zlib/inflate.js
23809 silly gunzTarPerm modified mode [ 'lib/zlib/inflate.js', 420, 438 ]
23810 silly gunzTarPerm extractEntry dist/lie.polyfill.min.js
23811 silly gunzTarPerm modified mode [ 'dist/lie.polyfill.min.js', 420, 438 ]
23812 silly gunzTarPerm extractEntry lib/browser.js
23813 silly gunzTarPerm modified mode [ 'lib/browser.js', 420, 438 ]
23814 silly gunzTarPerm extractEntry internals/delete-property-or-throw.js
23815 silly gunzTarPerm modified mode [ 'internals/delete-property-or-throw.js', 420, 438 ]
23816 silly gunzTarPerm extractEntry actual/reflect/delete-property.js
23817 silly gunzTarPerm modified mode [ 'actual/reflect/delete-property.js', 420, 438 ]
23818 silly gunzTarPerm extractEntry plugin/isoWeek.d.ts
23819 silly gunzTarPerm modified mode [ 'plugin/isoWeek.d.ts', 420, 438 ]
23820 silly gunzTarPerm extractEntry plugin/isoWeeksInYear.d.ts
23821 silly gunzTarPerm modified mode [ 'plugin/isoWeeksInYear.d.ts', 420, 438 ]
23822 silly gunzTarPerm extractEntry lib/zlib/inftrees.js
23823 silly gunzTarPerm modified mode [ 'lib/zlib/inftrees.js', 420, 438 ]
23824 silly gunzTarPerm extractEntry lib/zlib/messages.js
23825 silly gunzTarPerm modified mode [ 'lib/zlib/messages.js', 420, 438 ]
23826 silly gunzTarPerm extractEntry lib/index.js
23827 silly gunzTarPerm modified mode [ 'lib/index.js', 420, 438 ]
23828 silly gunzTarPerm extractEntry es/reflect/delete-property.js
23829 silly gunzTarPerm modified mode [ 'es/reflect/delete-property.js', 420, 438 ]
23830 silly gunzTarPerm extractEntry features/reflect/delete-property.js
23831 silly gunzTarPerm modified mode [ 'features/reflect/delete-property.js', 420, 438 ]
23832 silly gunzTarPerm extractEntry
23833 silly gunzTarPerm modified mode [ '', 420, 438 ]
23834 silly gunzTarPerm extractEntry
23835 silly gunzTarPerm modified mode [ '', 420, 438 ]
23836 silly gunzTarPerm extractEntry
23837 silly gunzTarPerm modified mode [ '', 420, 438 ]
23838 silly gunzTarPerm extractEntry plugin/isSameOrAfter.d.ts
23839 silly gunzTarPerm modified mode [ 'plugin/isSameOrAfter.d.ts', 420, 438 ]
23840 silly gunzTarPerm extractEntry plugin/isSameOrBefore.d.ts
23841 silly gunzTarPerm modified mode [ 'plugin/isSameOrBefore.d.ts', 420, 438 ]
23842 silly gunzTarPerm extractEntry dist/lib/core/cache-storage.js.map
23843 silly gunzTarPerm modified mode [ 'dist/lib/core/cache-storage.js.map', 420, 438 ]
23844 silly gunzTarPerm extractEntry full/reflect/delete-property.js
23845 silly gunzTarPerm modified mode [ 'full/reflect/delete-property.js', 420, 438 ]
23846 silly gunzTarPerm extractEntry stable/reflect/delete-property.js
23847 silly gunzTarPerm modified mode [ 'stable/reflect/delete-property.js', 420, 438 ]
23848 silly gunzTarPerm extractEntry plugin/isToday.d.ts
23849 silly gunzTarPerm modified mode [ 'plugin/isToday.d.ts', 420, 438 ]
23850 silly gunzTarPerm extractEntry plugin/isTomorrow.d.ts
23851 silly gunzTarPerm modified mode [ 'plugin/isTomorrow.d.ts', 420, 438 ]
23852 silly gunzTarPerm extractEntry features/function/demethodize.js
23853 silly gunzTarPerm modified mode [ 'features/function/demethodize.js', 420, 438 ]
23854 silly gunzTarPerm extractEntry features/function/virtual/demethodize.js
23855 silly gunzTarPerm modified mode [ 'features/function/virtual/demethodize.js', 420, 438 ]
23856 silly gunzTarPerm extractEntry features/instance/demethodize.js
23857 silly gunzTarPerm modified mode [ 'features/instance/demethodize.js', 420, 438 ]
23858 silly gunzTarPerm extractEntry full/function/demethodize.js
23859 silly gunzTarPerm modified mode [ 'full/function/demethodize.js', 420, 438 ]
23860 silly gunzTarPerm extractEntry plugin/isYesterday.d.ts
23861 silly gunzTarPerm modified mode [ 'plugin/isYesterday.d.ts', 420, 438 ]
23862 silly gunzTarPerm extractEntry plugin/localeData.d.ts
23863 silly gunzTarPerm modified mode [ 'plugin/localeData.d.ts', 420, 438 ]
23864 silly gunzTarPerm extractEntry dist/pako_deflate.js
23865 silly gunzTarPerm modified mode [ 'dist/pako_deflate.js', 436, 438 ]
23866 silly gunzTarPerm extractEntry dist/pako_deflate.min.js
23867 silly gunzTarPerm modified mode [ 'dist/pako_deflate.min.js', 436, 438 ]
23868 silly gunzTarPerm extractEntry full/function/virtual/demethodize.js
23869 silly gunzTarPerm modified mode [ 'full/function/virtual/demethodize.js', 420, 438 ]
23870 silly gunzTarPerm extractEntry full/instance/demethodize.js
23871 silly gunzTarPerm modified mode [ 'full/instance/demethodize.js', 420, 438 ]
23872 silly gunzTarPerm extractEntry plugin/localizedFormat.d.ts
23873 silly gunzTarPerm modified mode [ 'plugin/localizedFormat.d.ts', 420, 438 ]
23874 silly gunzTarPerm extractEntry plugin/minMax.d.ts
23875 silly gunzTarPerm modified mode [ 'plugin/minMax.d.ts', 420, 438 ]
23876 silly gunzTarPerm extractEntry actual/symbol/description.js
23877 silly gunzTarPerm modified mode [ 'actual/symbol/description.js', 420, 438 ]
23878 silly gunzTarPerm extractEntry es/symbol/description.js
23879 silly gunzTarPerm modified mode [ 'es/symbol/description.js', 420, 438 ]
23880 silly gunzTarPerm extractEntry
23881 silly gunzTarPerm modified mode [ '', 420, 438 ]
23882 silly gunzTarPerm extractEntry dist/lib/dom/replaced-elements/canvas-element-container.js.map
23883 silly gunzTarPerm modified mode [ 'dist/lib/dom/replaced-elements/canvas-element-container.js.map',
23883 silly gunzTarPerm   420,
23883 silly gunzTarPerm   438 ]
23884 silly gunzTarPerm extractEntry plugin/negativeYear.d.ts
23885 silly gunzTarPerm modified mode [ 'plugin/negativeYear.d.ts', 420, 438 ]
23886 silly gunzTarPerm extractEntry plugin/objectSupport.d.ts
23887 silly gunzTarPerm modified mode [ 'plugin/objectSupport.d.ts', 493, 511 ]
23888 silly gunzTarPerm extractEntry features/symbol/description.js
23889 silly gunzTarPerm modified mode [ 'features/symbol/description.js', 420, 438 ]
23890 silly gunzTarPerm extractEntry full/symbol/description.js
23891 silly gunzTarPerm modified mode [ 'full/symbol/description.js', 420, 438 ]
23892 silly gunzTarPerm extractEntry stable/symbol/description.js
23893 silly gunzTarPerm modified mode [ 'stable/symbol/description.js', 420, 438 ]
23894 silly gunzTarPerm extractEntry internals/descriptors.js
23895 silly gunzTarPerm modified mode [ 'internals/descriptors.js', 420, 438 ]
23896 silly gunzTarPerm extractEntry plugin/pluralGetSet.d.ts
23897 silly gunzTarPerm modified mode [ 'plugin/pluralGetSet.d.ts', 420, 438 ]
23898 silly gunzTarPerm extractEntry plugin/preParsePostFormat.d.ts
23899 silly gunzTarPerm modified mode [ 'plugin/preParsePostFormat.d.ts', 420, 438 ]
23900 silly gunzTarPerm extractEntry dist/pako_inflate.js
23901 silly gunzTarPerm modified mode [ 'dist/pako_inflate.js', 436, 438 ]
23902 silly gunzTarPerm extractEntry internals/detach-transferable.js
23903 silly gunzTarPerm modified mode [ 'internals/detach-transferable.js', 420, 438 ]
23904 silly gunzTarPerm extractEntry actual/array-buffer/detached.js
23905 silly gunzTarPerm modified mode [ 'actual/array-buffer/detached.js', 420, 438 ]
23906 silly gunzTarPerm extractEntry plugin/quarterOfYear.d.ts
23907 silly gunzTarPerm modified mode [ 'plugin/quarterOfYear.d.ts', 420, 438 ]
23908 silly gunzTarPerm extractEntry plugin/relativeTime.d.ts
23909 silly gunzTarPerm modified mode [ 'plugin/relativeTime.d.ts', 420, 438 ]
23910 silly gunzTarPerm extractEntry es/array-buffer/detached.js
23911 silly gunzTarPerm modified mode [ 'es/array-buffer/detached.js', 420, 438 ]
23912 silly gunzTarPerm extractEntry features/array-buffer/detached.js
23913 silly gunzTarPerm modified mode [ 'features/array-buffer/detached.js', 420, 438 ]
23914 silly gunzTarPerm extractEntry
23915 silly gunzTarPerm modified mode [ '', 420, 438 ]
23916 silly gunzTarPerm extractEntry dist/lib/render/canvas/canvas-renderer.js.map
23917 silly gunzTarPerm modified mode [ 'dist/lib/render/canvas/canvas-renderer.js.map', 420, 438 ]
23918 silly gunzTarPerm extractEntry plugin/timezone.d.ts
23919 silly gunzTarPerm modified mode [ 'plugin/timezone.d.ts', 420, 438 ]
23920 silly gunzTarPerm extractEntry plugin/toArray.d.ts
23921 silly gunzTarPerm modified mode [ 'plugin/toArray.d.ts', 420, 438 ]
23922 silly gunzTarPerm extractEntry full/array-buffer/detached.js
23923 silly gunzTarPerm modified mode [ 'full/array-buffer/detached.js', 420, 438 ]
23924 silly gunzTarPerm extractEntry stable/array-buffer/detached.js
23925 silly gunzTarPerm modified mode [ 'stable/array-buffer/detached.js', 420, 438 ]
23926 silly gunzTarPerm extractEntry plugin/toObject.d.ts
23927 silly gunzTarPerm modified mode [ 'plugin/toObject.d.ts', 420, 438 ]
23928 silly gunzTarPerm extractEntry esm/locale/types.d.ts
23929 silly gunzTarPerm modified mode [ 'esm/locale/types.d.ts', 420, 438 ]
23930 silly gunzTarPerm extractEntry actual/set/difference.js
23931 silly gunzTarPerm modified mode [ 'actual/set/difference.js', 420, 438 ]
23932 silly gunzTarPerm extractEntry es/set/difference.js
23933 silly gunzTarPerm modified mode [ 'es/set/difference.js', 420, 438 ]
23934 silly gunzTarPerm extractEntry locale/types.d.ts
23935 silly gunzTarPerm modified mode [ 'locale/types.d.ts', 420, 438 ]
23936 silly gunzTarPerm extractEntry plugin/updateLocale.d.ts
23937 silly gunzTarPerm modified mode [ 'plugin/updateLocale.d.ts', 420, 438 ]
23938 silly gunzTarPerm extractEntry features/set/difference.js
23939 silly gunzTarPerm modified mode [ 'features/set/difference.js', 420, 438 ]
23940 silly gunzTarPerm extractEntry full/set/difference.js
23941 silly gunzTarPerm modified mode [ 'full/set/difference.js', 420, 438 ]
23942 silly gunzTarPerm extractEntry dist/pako_inflate.min.js
23943 silly gunzTarPerm modified mode [ 'dist/pako_inflate.min.js', 436, 438 ]
23944 silly gunzTarPerm extractEntry plugin/utc.d.ts
23945 silly gunzTarPerm modified mode [ 'plugin/utc.d.ts', 420, 438 ]
23946 silly gunzTarPerm extractEntry plugin/weekday.d.ts
23947 silly gunzTarPerm modified mode [ 'plugin/weekday.d.ts', 420, 438 ]
23948 silly gunzTarPerm extractEntry stable/set/difference.js
23949 silly gunzTarPerm modified mode [ 'stable/set/difference.js', 420, 438 ]
23950 silly gunzTarPerm extractEntry actual/iterator/dispose.js
23951 silly gunzTarPerm modified mode [ 'actual/iterator/dispose.js', 420, 438 ]
23952 silly gunzTarPerm extractEntry
23953 silly gunzTarPerm modified mode [ '', 420, 438 ]
23954 silly gunzTarPerm extractEntry dist/lib/css/types/__tests__/color-tests.js.map
23955 silly gunzTarPerm modified mode [ 'dist/lib/css/types/__tests__/color-tests.js.map', 420, 438 ]
23956 http 304 https://registry.npmjs.org/@types%2ftrusted-types
23957 silly get cb [ 304,
23957 silly get   { date: 'Tue, 21 Apr 2026 16:27:33 GMT',
23957 silly get     connection: 'keep-alive',
23957 silly get     'set-cookie': [ '_cfuvid=CEEYPXsGQlLPzYfI8Gn1W2TBtqWlAEni1EvYGt7J6n4-1776788853.0642247-1.0.1.1-4AddDnAhF40A7b3yTrMJiZ7win91NYcaUEa6Q_WZWX8; HttpOnly; SameSite=None; Secure; Path=/; Domain=npmjs.org' ],
23957 silly get     'cf-ray': '9efdc1bba870b643-SAP',
23957 silly get     'cf-cache-status': 'HIT',
23957 silly get     'access-control-allow-origin': '*',
23957 silly get     'cache-control': 'public, max-age=300',
23957 silly get     etag: '"62c1c67ceb601db2e53674831bb39f81"',
23957 silly get     'last-modified': 'Sun, 03 Aug 2025 07:54:39 GMT',
23957 silly get     server: 'cloudflare',
23957 silly get     vary: 'Accept-Encoding' } ]
23958 verbose etag https://registry.npmjs.org/@types%2ftrusted-types from cache
23959 verbose get saving @types/trusted-types to C:\Users\Carlos García\AppData\Roaming\npm-cache\registry.npmjs.org\_40types_252ftrusted-types\.cache.json
23960 silly gunzTarPerm extractEntry actual/symbol/dispose.js
23961 silly gunzTarPerm modified mode [ 'actual/symbol/dispose.js', 420, 438 ]
23962 silly gunzTarPerm extractEntry es/iterator/dispose.js
23963 silly gunzTarPerm modified mode [ 'es/iterator/dispose.js', 420, 438 ]
23964 silly gunzTarPerm extractEntry plugin/weekOfYear.d.ts
23965 silly gunzTarPerm modified mode [ 'plugin/weekOfYear.d.ts', 420, 438 ]
23966 silly gunzTarPerm extractEntry plugin/weekYear.d.ts
23967 silly gunzTarPerm modified mode [ 'plugin/weekYear.d.ts', 420, 438 ]
23968 silly gunzTarPerm extractEntry es/symbol/dispose.js
23969 silly gunzTarPerm modified mode [ 'es/symbol/dispose.js', 420, 438 ]
23970 silly gunzTarPerm extractEntry features/iterator/dispose.js
23971 silly gunzTarPerm modified mode [ 'features/iterator/dispose.js', 420, 438 ]
23972 silly gunzTarPerm extractEntry features/symbol/dispose.js
23973 silly gunzTarPerm modified mode [ 'features/symbol/dispose.js', 420, 438 ]
23974 silly gunzTarPerm extractEntry full/iterator/dispose.js
23975 silly gunzTarPerm modified mode [ 'full/iterator/dispose.js', 420, 438 ]
23976 silly gunzTarPerm extractEntry dist/pako.js
23977 silly gunzTarPerm modified mode [ 'dist/pako.js', 436, 438 ]
23978 silly gunzTarPerm extractEntry full/symbol/dispose.js
23979 silly gunzTarPerm modified mode [ 'full/symbol/dispose.js', 420, 438 ]
23980 silly gunzTarPerm extractEntry stable/iterator/dispose.js
23981 silly gunzTarPerm modified mode [ 'stable/iterator/dispose.js', 420, 438 ]
23982 silly addNameRange number 2 { name: '@types/trusted-types',
23982 silly addNameRange   range: '>=2.0.7 <3.0.0',
23982 silly addNameRange   hasData: true }
23983 silly addNameRange versions [ '@types/trusted-types',
23983 silly addNameRange   [ '1.0.0',
23983 silly addNameRange     '1.0.1',
23983 silly addNameRange     '1.0.2',
23983 silly addNameRange     '1.0.3',
23983 silly addNameRange     '1.0.4',
23983 silly addNameRange     '1.0.5',
23983 silly addNameRange     '1.0.6',
23983 silly addNameRange     '2.0.0',
23983 silly addNameRange     '2.0.1',
23983 silly addNameRange     '2.0.2',
23983 silly addNameRange     '2.0.3',
23983 silly addNameRange     '2.0.4',
23983 silly addNameRange     '2.0.5',
23983 silly addNameRange     '2.0.6',
23983 silly addNameRange     '2.0.7' ] ]
23984 verbose addNamed @types/trusted-types@2.0.7
23985 silly addNamed semver.valid 2.0.7
23986 silly addNamed semver.validRange 2.0.7
23987 silly gunzTarPerm extractEntry
23988 silly gunzTarPerm modified mode [ '', 420, 438 ]
23989 silly gunzTarPerm extractEntry dist/lib/css/property-descriptors/color.js.map
23990 silly gunzTarPerm modified mode [ 'dist/lib/css/property-descriptors/color.js.map', 420, 438 ]
23991 info preinstall lie@3.3.0
23992 silly gunzTarPerm extractEntry stable/symbol/dispose.js
23993 silly gunzTarPerm modified mode [ 'stable/symbol/dispose.js', 420, 438 ]
23994 silly gunzTarPerm extractEntry internals/document-create-element.js
23995 silly gunzTarPerm modified mode [ 'internals/document-create-element.js', 420, 438 ]
23996 silly cache afterAdd @types/trusted-types@2.0.7
23997 verbose afterAdd C:\Users\Carlos García\AppData\Roaming\npm-cache\@types\trusted-types\2.0.7\package\package.json not in flight; writing
23998 silly prepareForInstallMany adding immediate@~3.0.5 from lie dependencies
23999 silly cache add args [ 'immediate@~3.0.5', null ]
24000 verbose cache add spec immediate@~3.0.5
24001 silly cache add parsed spec { raw: 'immediate@~3.0.5',
24001 silly cache add   scope: null,
24001 silly cache add   name: 'immediate',
24001 silly cache add   rawSpec: '~3.0.5',
24001 silly cache add   spec: '>=3.0.5 <3.1.0',
24001 silly cache add   type: 'range' }
24002 verbose addNamed immediate@>=3.0.5 <3.1.0
24003 silly addNamed semver.valid null
24004 silly addNamed semver.validRange >=3.0.5 <3.1.0
24005 silly addNameRange { name: 'immediate', range: '>=3.0.5 <3.1.0', hasData: false }
24006 silly mapToRegistry name immediate
24007 silly mapToRegistry using default registry
24008 silly mapToRegistry registry https://registry.npmjs.org/
24009 silly mapToRegistry uri https://registry.npmjs.org/immediate
24010 verbose addNameRange registry:https://registry.npmjs.org/immediate not in flight; fetching
24011 verbose afterAdd C:\Users\Carlos García\AppData\Roaming\npm-cache\@types\trusted-types\2.0.7\package\package.json written
24012 silly install resolved [ { name: '@types/trusted-types',
24012 silly install resolved     version: '2.0.7',
24012 silly install resolved     license: 'MIT',
24012 silly install resolved     _id: '@types/trusted-types@2.0.7',
24012 silly install resolved     maintainers: [ [Object] ],
24012 silly install resolved     contributors: [ [Object], [Object], [Object], [Object], [Object] ],
24012 silly install resolved     homepage: 'https://github.com/DefinitelyTyped/DefinitelyTyped/tree/master/types/trusted-types',
24012 silly install resolved     dist:
24012 silly install resolved      { shasum: 'baccb07a970b91707df3a3e8ba6896c57ead2d11',
24012 silly install resolved        tarball: 'https://registry.npmjs.org/@types/trusted-types/-/trusted-types-2.0.7.tgz',
24012 silly install resolved        fileCount: 7,
24012 silly install resolved        integrity: 'sha512-ScaPdn1dQczgbl0QFTeTOmVHFULt394XJgOQNoyVhZ6r2vLnMLJfBPd53SB52T/3G36VI1/g2MZaX0cwDuXsfw==',
24012 silly install resolved        signatures: [Object],
24012 silly install resolved        unpackedSize: 8577 },
24012 silly install resolved     main: '',
24012 silly install resolved     types: 'index.d.ts',
24012 silly install resolved     scripts: {},
24012 silly install resolved     _npmUser: { name: 'types', email: 'ts-npm-types@microsoft.com' },
24012 silly install resolved     repository:
24012 silly install resolved      { url: 'https://github.com/DefinitelyTyped/DefinitelyTyped.git',
24012 silly install resolved        type: 'git',
24012 silly install resolved        directory: 'types/trusted-types' },
24012 silly install resolved     description: 'TypeScript definitions for trusted-types',
24012 silly install resolved     directories: {},
24012 silly install resolved     dependencies: {},
24012 silly install resolved     _hasShrinkwrap: false,
24012 silly install resolved     typeScriptVersion: '4.5',
24012 silly install resolved     _npmOperationalInternal:
24012 silly install resolved      { tmp: 'tmp/trusted-types_2.0.7_1700529205227_0.22129409281933987',
24012 silly install resolved        host: 's3://npm-registry-packages' },
24012 silly install resolved     typesPublisherContentHash: '20982c5e0452e662515e29b41f7be5a3c69e5918a9228929a563d9f1dfdfbbc5',
24012 silly install resolved     _shasum: 'baccb07a970b91707df3a3e8ba6896c57ead2d11',
24012 silly install resolved     _resolved: 'https://registry.npmjs.org/@types/trusted-types/-/trusted-types-2.0.7.tgz',
24012 silly install resolved     _from: '@types/trusted-types@>=2.0.7 <3.0.0',
24012 silly install resolved     bugs: { url: 'https://github.com/DefinitelyTyped/DefinitelyTyped/issues' },
24012 silly install resolved     readme: 'ERROR: No README data found!' } ]
24013 info install @types/trusted-types@2.0.7 into C:\chef-master-pro\node_modules\jspdf\node_modules\dompurify
24014 info installOne @types/trusted-types@2.0.7
24015 verbose installOne of @types/trusted-types to C:\chef-master-pro\node_modules\jspdf\node_modules\dompurify not in flight; installing
24016 silly gunzTarPerm extractEntry internals/does-not-exceed-safe-integer.js
24017 silly gunzTarPerm modified mode [ 'internals/does-not-exceed-safe-integer.js', 420, 438 ]
24018 silly gunzTarPerm extractEntry web/dom-collections.js
24019 silly gunzTarPerm modified mode [ 'web/dom-collections.js', 420, 438 ]
24020 verbose lock using C:\Users\Carlos García\AppData\Roaming\npm-cache\_locks\types-trusted-types-789aad843b224c2b.lock for C:\chef-master-pro\node_modules\jspdf\node_modules\dompurify\node_modules\@types\trusted-types
24021 verbose request uri https://registry.npmjs.org/immediate
24022 verbose request no auth needed
24023 info attempt registry request try #1 at 10:27:34
24024 verbose etag W/"1ce6f794e6c8a13bccd01a426bec7dcc"
24025 verbose lastModified Sun, 19 Jun 2022 00:46:32 GMT
24026 http request GET https://registry.npmjs.org/immediate
24027 silly install write writing @types/trusted-types 2.0.7 to C:\chef-master-pro\node_modules\jspdf\node_modules\dompurify\node_modules\@types\trusted-types
24028 silly cache addNamed cb @types/trusted-types@2.0.7
24029 verbose unbuild node_modules\jspdf\node_modules\dompurify\node_modules\@types\trusted-types
24030 silly gentlyRm C:\chef-master-pro\node_modules\jspdf\node_modules\dompurify\node_modules\@types\trusted-types is being purged from base C:\chef-master-pro
24031 verbose gentlyRm don't care about contents; nuking C:\chef-master-pro\node_modules\jspdf\node_modules\dompurify\node_modules\@types\trusted-types
24032 verbose tar unpack C:\Users\Carlos García\AppData\Roaming\npm-cache\@types\trusted-types\2.0.7\package.tgz
24033 verbose tar unpacking to C:\chef-master-pro\node_modules\jspdf\node_modules\dompurify\node_modules\@types\trusted-types
24034 silly gentlyRm C:\chef-master-pro\node_modules\jspdf\node_modules\dompurify\node_modules\@types\trusted-types is being purged
24035 verbose gentlyRm don't care about contents; nuking C:\chef-master-pro\node_modules\jspdf\node_modules\dompurify\node_modules\@types\trusted-types
24036 silly gunzTarPerm extractEntry internals/dom-exception-constants.js
24037 silly gunzTarPerm modified mode [ 'internals/dom-exception-constants.js', 420, 438 ]
24038 silly gunzTarPerm extractEntry web/dom-exception.js
24039 silly gunzTarPerm modified mode [ 'web/dom-exception.js', 420, 438 ]
24040 silly gunzTarPerm modes [ '777', '666' ]
24041 silly gunzTarPerm extractEntry dist/pako.min.js
24042 silly gunzTarPerm modified mode [ 'dist/pako.min.js', 436, 438 ]
24043 silly gunzTarPerm extractEntry internals/dom-iterables.js
24044 silly gunzTarPerm modified mode [ 'internals/dom-iterables.js', 420, 438 ]
24045 silly gunzTarPerm extractEntry internals/dom-token-list-prototype.js
24046 silly gunzTarPerm modified mode [ 'internals/dom-token-list-prototype.js', 420, 438 ]
24047 silly gunzTarPerm extractEntry
24048 silly gunzTarPerm modified mode [ '', 493, 511 ]
24049 silly gunzTarPerm extractEntry
24050 silly gunzTarPerm modified mode [ '', 420, 438 ]
24051 silly gunzTarPerm extractEntry dist/lib/css/types/color.js.map
24052 silly gunzTarPerm modified mode [ 'dist/lib/css/types/color.js.map', 420, 438 ]
24053 silly gunzTarPerm extractEntry lib/utils/strings.js
24054 silly gunzTarPerm modified mode [ 'lib/utils/strings.js', 420, 438 ]
24055 silly gunzTarPerm extractEntry lib/zlib/trees.js
24056 silly gunzTarPerm modified mode [ 'lib/zlib/trees.js', 420, 438 ]
24057 silly gunzTarPerm extractEntry
24058 silly gunzTarPerm modified mode [ '', 420, 438 ]
24059 silly gunzTarPerm extractEntry
24060 silly gunzTarPerm modified mode [ '', 420, 438 ]
24061 silly gunzTarPerm extractEntry
24062 silly gunzTarPerm modified mode [ '', 420, 438 ]
24063 silly gunzTarPerm extractEntry actual/regexp/dot-all.js
24064 silly gunzTarPerm modified mode [ 'actual/regexp/dot-all.js', 420, 438 ]
24065 silly gunzTarPerm extractEntry es/regexp/dot-all.js
24066 silly gunzTarPerm modified mode [ 'es/regexp/dot-all.js', 420, 438 ]
24067 silly gunzTarPerm extractEntry lib/zlib/zstream.js
24068 silly gunzTarPerm modified mode [ 'lib/zlib/zstream.js', 420, 438 ]
24069 silly gunzTarPerm extractEntry
24070 silly gunzTarPerm modified mode [ '', 493, 511 ]
24071 silly gunzTarPerm extractEntry
24072 silly gunzTarPerm modified mode [ '', 420, 438 ]
24073 silly gunzTarPerm extractEntry
24074 silly gunzTarPerm modified mode [ '', 420, 438 ]
24075 silly gunzTarPerm extractEntry
24076 silly gunzTarPerm modified mode [ '', 420, 438 ]
24077 silly gunzTarPerm extractEntry dist/lib/css/property-descriptors/content.js.map
24078 silly gunzTarPerm modified mode [ 'dist/lib/css/property-descriptors/content.js.map', 420, 438 ]
24079 silly gunzTarPerm extractEntry features/regexp/dot-all.js
24080 silly gunzTarPerm modified mode [ 'features/regexp/dot-all.js', 420, 438 ]
24081 silly gunzTarPerm extractEntry full/regexp/dot-all.js
24082 silly gunzTarPerm modified mode [ 'full/regexp/dot-all.js', 420, 438 ]
24083 silly gunzTarPerm extractEntry package.json
24084 silly gunzTarPerm modified mode [ 'package.json', 420, 438 ]
24085 silly gunzTarPerm extractEntry CHANGELOG.md
24086 silly gunzTarPerm modified mode [ 'CHANGELOG.md', 420, 438 ]
24087 silly gunzTarPerm extractEntry stable/regexp/dot-all.js
24088 silly gunzTarPerm modified mode [ 'stable/regexp/dot-all.js', 420, 438 ]
24089 silly gunzTarPerm extractEntry actual/async-iterator/drop.js
24090 silly gunzTarPerm modified mode [ 'actual/async-iterator/drop.js', 420, 438 ]
24091 silly gunzTarPerm extractEntry actual/iterator/drop.js
24092 silly gunzTarPerm modified mode [ 'actual/iterator/drop.js', 420, 438 ]
24093 silly gunzTarPerm extractEntry es/iterator/drop.js
24094 silly gunzTarPerm modified mode [ 'es/iterator/drop.js', 420, 438 ]
24095 silly gunzTarPerm extractEntry features/async-iterator/drop.js
24096 silly gunzTarPerm modified mode [ 'features/async-iterator/drop.js', 420, 438 ]
24097 silly gunzTarPerm extractEntry features/iterator/drop.js
24098 silly gunzTarPerm modified mode [ 'features/iterator/drop.js', 420, 438 ]
24099 silly gunzTarPerm extractEntry
24100 silly gunzTarPerm modified mode [ '', 420, 438 ]
24101 silly gunzTarPerm extractEntry
24102 silly gunzTarPerm modified mode [ '', 420, 438 ]
24103 silly gunzTarPerm extractEntry
24104 silly gunzTarPerm modified mode [ '', 420, 438 ]
24105 silly gunzTarPerm extractEntry
24106 silly gunzTarPerm modified mode [ '', 420, 438 ]
24107 silly gunzTarPerm extractEntry
24108 silly gunzTarPerm modified mode [ '', 420, 438 ]
24109 silly gunzTarPerm extractEntry
24110 silly gunzTarPerm modified mode [ '', 420, 438 ]
24111 silly gunzTarPerm extractEntry
24112 silly gunzTarPerm modified mode [ '', 420, 438 ]
24113 silly gunzTarPerm extractEntry
24114 silly gunzTarPerm modified mode [ '', 420, 438 ]
24115 silly gunzTarPerm extractEntry
24116 silly gunzTarPerm modified mode [ '', 420, 438 ]
24117 silly gunzTarPerm extractEntry
24118 silly gunzTarPerm modified mode [ '', 420, 438 ]
24119 silly gunzTarPerm extractEntry
24120 silly gunzTarPerm modified mode [ '', 420, 438 ]
24121 silly gunzTarPerm extractEntry
24122 silly gunzTarPerm modified mode [ '', 420, 438 ]
24123 silly gunzTarPerm extractEntry
24124 silly gunzTarPerm modified mode [ '', 420, 438 ]
24125 silly gunzTarPerm extractEntry
24126 silly gunzTarPerm modified mode [ '', 420, 438 ]
24127 silly gunzTarPerm extractEntry
24128 silly gunzTarPerm modified mode [ '', 420, 438 ]
24129 silly gunzTarPerm extractEntry dist/lib/core/__mocks__/context.js.map
24130 silly gunzTarPerm modified mode [ 'dist/lib/core/__mocks__/context.js.map', 420, 438 ]
24131 silly gunzTarPerm extractEntry full/async-iterator/drop.js
24132 silly gunzTarPerm modified mode [ 'full/async-iterator/drop.js', 420, 438 ]
24133 silly gunzTarPerm extractEntry full/iterator/drop.js
24134 silly gunzTarPerm modified mode [ 'full/iterator/drop.js', 420, 438 ]
24135 silly gunzTarPerm extractEntry README.md
24136 silly gunzTarPerm modified mode [ 'README.md', 420, 438 ]
24137 silly gunzTarPerm extractEntry stable/iterator/drop.js
24138 silly gunzTarPerm modified mode [ 'stable/iterator/drop.js', 420, 438 ]
24139 silly gunzTarPerm extractEntry proposals/efficient-64-bit-arithmetic.js
24140 silly gunzTarPerm modified mode [ 'proposals/efficient-64-bit-arithmetic.js', 420, 438 ]
24141 silly gunzTarPerm extractEntry features/map/emplace.js
24142 silly gunzTarPerm modified mode [ 'features/map/emplace.js', 420, 438 ]
24143 silly gunzTarPerm extractEntry features/weak-map/emplace.js
24144 silly gunzTarPerm modified mode [ 'features/weak-map/emplace.js', 420, 438 ]
24145 silly gunzTarPerm extractEntry full/map/emplace.js
24146 silly gunzTarPerm modified mode [ 'full/map/emplace.js', 420, 438 ]
24147 silly gunzTarPerm extractEntry full/weak-map/emplace.js
24148 silly gunzTarPerm modified mode [ 'full/weak-map/emplace.js', 420, 438 ]
24149 silly gunzTarPerm extractEntry dist/lib/core/context.js.map
24150 silly gunzTarPerm modified mode [ 'dist/lib/core/context.js.map', 420, 438 ]
24151 verbose unlock done using C:\Users\Carlos García\AppData\Roaming\npm-cache\_locks\types-trusted-types-789aad843b224c2b.lock for C:\chef-master-pro\node_modules\jspdf\node_modules\dompurify\node_modules\@types\trusted-types
24152 warn optional dep failed, continuing @types/trusted-types@2.0.7
24153 verbose optional dep failed, continuing [ '@types/trusted-types@2.0.7',
24153 verbose optional dep failed, continuing   { [Error: ENOENT, open 'C:\chef-master-pro\node_modules\jspdf\node_modules\dompurify\node_modules\@types\trusted-types\package.json']
24153 verbose optional dep failed, continuing     errno: -4058,
24153 verbose optional dep failed, continuing     code: 'ENOENT',
24153 verbose optional dep failed, continuing     path: 'C:\\chef-master-pro\\node_modules\\jspdf\\node_modules\\dompurify\\node_modules\\@types\\trusted-types\\package.json' } ]
24154 verbose about to build C:\chef-master-pro\node_modules\jspdf\node_modules\dompurify
24155 info build C:\chef-master-pro\node_modules\jspdf\node_modules\dompurify
24156 verbose linkStuff [ false,
24156 verbose linkStuff   false,
24156 verbose linkStuff   false,
24156 verbose linkStuff   'C:\\chef-master-pro\\node_modules\\jspdf\\node_modules' ]
24157 info linkStuff dompurify@3.4.0
24158 verbose linkBins dompurify@3.4.0
24159 verbose linkMans dompurify@3.4.0
24160 verbose rebuildBundles dompurify@3.4.0
24161 verbose rebuildBundles [ '@types' ]
24162 info install dompurify@3.4.0
24163 silly gunzTarPerm extractEntry actual/instance/ends-with.js
24164 silly gunzTarPerm modified mode [ 'actual/instance/ends-with.js', 420, 438 ]
24165 silly gunzTarPerm extractEntry actual/string/ends-with.js
24166 silly gunzTarPerm modified mode [ 'actual/string/ends-with.js', 420, 438 ]
24167 info postinstall dompurify@3.4.0
24168 verbose unlock done using C:\Users\Carlos García\AppData\Roaming\npm-cache\_locks\dompurify-f5c162a4640ef236.lock for C:\chef-master-pro\node_modules\jspdf\node_modules\dompurify
24169 silly gunzTarPerm extractEntry actual/string/virtual/ends-with.js
24170 silly gunzTarPerm modified mode [ 'actual/string/virtual/ends-with.js', 420, 438 ]
24171 silly gunzTarPerm extractEntry es/instance/ends-with.js
24172 silly gunzTarPerm modified mode [ 'es/instance/ends-with.js', 420, 438 ]
24173 silly gunzTarPerm extractEntry dist/lib/css/property-descriptors/counter-increment.js.map
24174 silly gunzTarPerm modified mode [ 'dist/lib/css/property-descriptors/counter-increment.js.map',
24174 silly gunzTarPerm   420,
24174 silly gunzTarPerm   438 ]
24175 silly gunzTarPerm extractEntry es/string/ends-with.js
24176 silly gunzTarPerm modified mode [ 'es/string/ends-with.js', 420, 438 ]
24177 silly gunzTarPerm extractEntry es/string/virtual/ends-with.js
24178 silly gunzTarPerm modified mode [ 'es/string/virtual/ends-with.js', 420, 438 ]
24179 info preinstall @babel/runtime@7.29.2
24180 silly install resolved []
24181 verbose about to build C:\chef-master-pro\node_modules\jspdf\node_modules\@babel\runtime
24182 info build C:\chef-master-pro\node_modules\jspdf\node_modules\@babel\runtime
24183 verbose linkStuff [ false,
24183 verbose linkStuff   false,
24183 verbose linkStuff   false,
24183 verbose linkStuff   'C:\\chef-master-pro\\node_modules\\jspdf\\node_modules' ]
24184 info linkStuff @babel/runtime@7.29.2
24185 verbose linkBins @babel/runtime@7.29.2
24186 verbose linkMans @babel/runtime@7.29.2
24187 verbose rebuildBundles @babel/runtime@7.29.2
24188 info install @babel/runtime@7.29.2
24189 silly gunzTarPerm extractEntry features/instance/ends-with.js
24190 silly gunzTarPerm modified mode [ 'features/instance/ends-with.js', 420, 438 ]
24191 silly gunzTarPerm extractEntry features/string/ends-with.js
24192 silly gunzTarPerm modified mode [ 'features/string/ends-with.js', 420, 438 ]
24193 info postinstall @babel/runtime@7.29.2
24194 verbose unlock done using C:\Users\Carlos García\AppData\Roaming\npm-cache\_locks\babel-runtime-5188fa2dd23dba9a.lock for C:\chef-master-pro\node_modules\jspdf\node_modules\@babel\runtime
24195 info preinstall readable-stream@2.3.8
24196 silly gunzTarPerm extractEntry features/string/virtual/ends-with.js
24197 silly gunzTarPerm modified mode [ 'features/string/virtual/ends-with.js', 420, 438 ]
24198 silly gunzTarPerm extractEntry full/instance/ends-with.js
24199 silly gunzTarPerm modified mode [ 'full/instance/ends-with.js', 420, 438 ]
24200 silly prepareForInstallMany adding core-util-is@~1.0.0 from readable-stream dependencies
24201 silly prepareForInstallMany adding inherits@~2.0.3 from readable-stream dependencies
24202 silly prepareForInstallMany adding isarray@~1.0.0 from readable-stream dependencies
24203 silly prepareForInstallMany adding process-nextick-args@~2.0.0 from readable-stream dependencies
24204 silly prepareForInstallMany adding safe-buffer@~5.1.1 from readable-stream dependencies
24205 silly prepareForInstallMany adding string_decoder@~1.1.1 from readable-stream dependencies
24206 silly prepareForInstallMany adding util-deprecate@~1.0.1 from readable-stream dependencies
24207 silly cache add args [ 'core-util-is@~1.0.0', null ]
24208 verbose cache add spec core-util-is@~1.0.0
24209 silly cache add args [ 'inherits@~2.0.3', null ]
24210 verbose cache add spec inherits@~2.0.3
24211 silly cache add parsed spec { raw: 'core-util-is@~1.0.0',
24211 silly cache add   scope: null,
24211 silly cache add   name: 'core-util-is',
24211 silly cache add   rawSpec: '~1.0.0',
24211 silly cache add   spec: '>=1.0.0 <1.1.0',
24211 silly cache add   type: 'range' }
24212 verbose addNamed core-util-is@>=1.0.0 <1.1.0
24213 silly addNamed semver.valid null
24214 silly addNamed semver.validRange >=1.0.0 <1.1.0
24215 silly addNameRange { name: 'core-util-is', range: '>=1.0.0 <1.1.0', hasData: false }
24216 silly mapToRegistry name core-util-is
24217 silly mapToRegistry using default registry
24218 silly mapToRegistry registry https://registry.npmjs.org/
24219 silly mapToRegistry uri https://registry.npmjs.org/core-util-is
24220 verbose addNameRange registry:https://registry.npmjs.org/core-util-is not in flight; fetching
24221 silly cache add parsed spec { raw: 'inherits@~2.0.3',
24221 silly cache add   scope: null,
24221 silly cache add   name: 'inherits',
24221 silly cache add   rawSpec: '~2.0.3',
24221 silly cache add   spec: '>=2.0.3 <2.1.0',
24221 silly cache add   type: 'range' }
24222 verbose addNamed inherits@>=2.0.3 <2.1.0
24223 silly addNamed semver.valid null
24224 silly addNamed semver.validRange >=2.0.3 <2.1.0
24225 silly addNameRange { name: 'inherits', range: '>=2.0.3 <2.1.0', hasData: false }
24226 silly mapToRegistry name inherits
24227 silly mapToRegistry using default registry
24228 silly mapToRegistry registry https://registry.npmjs.org/
24229 silly mapToRegistry uri https://registry.npmjs.org/inherits
24230 verbose addNameRange registry:https://registry.npmjs.org/inherits not in flight; fetching
24231 silly cache add args [ 'isarray@~1.0.0', null ]
24232 verbose cache add spec isarray@~1.0.0
24233 silly cache add parsed spec { raw: 'isarray@~1.0.0',
24233 silly cache add   scope: null,
24233 silly cache add   name: 'isarray',
24233 silly cache add   rawSpec: '~1.0.0',
24233 silly cache add   spec: '>=1.0.0 <1.1.0',
24233 silly cache add   type: 'range' }
24234 verbose addNamed isarray@>=1.0.0 <1.1.0
24235 silly addNamed semver.valid null
24236 silly addNamed semver.validRange >=1.0.0 <1.1.0
24237 silly addNameRange { name: 'isarray', range: '>=1.0.0 <1.1.0', hasData: false }
24238 silly mapToRegistry name isarray
24239 silly mapToRegistry using default registry
24240 silly mapToRegistry registry https://registry.npmjs.org/
24241 silly mapToRegistry uri https://registry.npmjs.org/isarray
24242 verbose addNameRange registry:https://registry.npmjs.org/isarray not in flight; fetching
24243 silly cache add args [ 'process-nextick-args@~2.0.0', null ]
24244 verbose cache add spec process-nextick-args@~2.0.0
24245 silly cache add parsed spec { raw: 'process-nextick-args@~2.0.0',
24245 silly cache add   scope: null,
24245 silly cache add   name: 'process-nextick-args',
24245 silly cache add   rawSpec: '~2.0.0',
24245 silly cache add   spec: '>=2.0.0 <2.1.0',
24245 silly cache add   type: 'range' }
24246 verbose addNamed process-nextick-args@>=2.0.0 <2.1.0
24247 silly addNamed semver.valid null
24248 silly addNamed semver.validRange >=2.0.0 <2.1.0
24249 silly addNameRange { name: 'process-nextick-args',
24249 silly addNameRange   range: '>=2.0.0 <2.1.0',
24249 silly addNameRange   hasData: false }
24250 silly mapToRegistry name process-nextick-args
24251 silly mapToRegistry using default registry
24252 silly mapToRegistry registry https://registry.npmjs.org/
24253 silly mapToRegistry uri https://registry.npmjs.org/process-nextick-args
24254 verbose addNameRange registry:https://registry.npmjs.org/process-nextick-args not in flight; fetching
24255 silly cache add args [ 'safe-buffer@~5.1.1', null ]
24256 verbose cache add spec safe-buffer@~5.1.1
24257 silly cache add parsed spec { raw: 'safe-buffer@~5.1.1',
24257 silly cache add   scope: null,
24257 silly cache add   name: 'safe-buffer',
24257 silly cache add   rawSpec: '~5.1.1',
24257 silly cache add   spec: '>=5.1.1 <5.2.0',
24257 silly cache add   type: 'range' }
24258 verbose addNamed safe-buffer@>=5.1.1 <5.2.0
24259 silly addNamed semver.valid null
24260 silly addNamed semver.validRange >=5.1.1 <5.2.0
24261 silly addNameRange { name: 'safe-buffer', range: '>=5.1.1 <5.2.0', hasData: false }
24262 silly mapToRegistry name safe-buffer
24263 silly mapToRegistry using default registry
24264 silly mapToRegistry registry https://registry.npmjs.org/
24265 silly mapToRegistry uri https://registry.npmjs.org/safe-buffer
24266 verbose addNameRange registry:https://registry.npmjs.org/safe-buffer not in flight; fetching
24267 silly cache add args [ 'string_decoder@~1.1.1', null ]
24268 verbose cache add spec string_decoder@~1.1.1
24269 silly cache add parsed spec { raw: 'string_decoder@~1.1.1',
24269 silly cache add   scope: null,
24269 silly cache add   name: 'string_decoder',
24269 silly cache add   rawSpec: '~1.1.1',
24269 silly cache add   spec: '>=1.1.1 <1.2.0',
24269 silly cache add   type: 'range' }
24270 verbose addNamed string_decoder@>=1.1.1 <1.2.0
24271 silly addNamed semver.valid null
24272 silly addNamed semver.validRange >=1.1.1 <1.2.0
24273 silly addNameRange { name: 'string_decoder',
24273 silly addNameRange   range: '>=1.1.1 <1.2.0',
24273 silly addNameRange   hasData: false }
24274 silly mapToRegistry name string_decoder
24275 silly mapToRegistry using default registry
24276 silly mapToRegistry registry https://registry.npmjs.org/
24277 silly mapToRegistry uri https://registry.npmjs.org/string_decoder
24278 verbose addNameRange registry:https://registry.npmjs.org/string_decoder not in flight; fetching
24279 silly cache add args [ 'util-deprecate@~1.0.1', null ]
24280 verbose cache add spec util-deprecate@~1.0.1
24281 silly cache add parsed spec { raw: 'util-deprecate@~1.0.1',
24281 silly cache add   scope: null,
24281 silly cache add   name: 'util-deprecate',
24281 silly cache add   rawSpec: '~1.0.1',
24281 silly cache add   spec: '>=1.0.1 <1.1.0',
24281 silly cache add   type: 'range' }
24282 verbose addNamed util-deprecate@>=1.0.1 <1.1.0
24283 silly addNamed semver.valid null
24284 silly addNamed semver.validRange >=1.0.1 <1.1.0
24285 silly addNameRange { name: 'util-deprecate',
24285 silly addNameRange   range: '>=1.0.1 <1.1.0',
24285 silly addNameRange   hasData: false }
24286 silly mapToRegistry name util-deprecate
24287 silly mapToRegistry using default registry
24288 silly mapToRegistry registry https://registry.npmjs.org/
24289 silly mapToRegistry uri https://registry.npmjs.org/util-deprecate
24290 verbose addNameRange registry:https://registry.npmjs.org/util-deprecate not in flight; fetching
24291 silly gunzTarPerm extractEntry full/string/ends-with.js
24292 silly gunzTarPerm modified mode [ 'full/string/ends-with.js', 420, 438 ]
24293 silly gunzTarPerm extractEntry full/string/virtual/ends-with.js
24294 silly gunzTarPerm modified mode [ 'full/string/virtual/ends-with.js', 420, 438 ]
24295 verbose request uri https://registry.npmjs.org/inherits
24296 verbose request no auth needed
24297 info attempt registry request try #1 at 10:27:34
24298 verbose etag W/"085f1dc30b7568caee1f4dd7259ee4ff"
24299 verbose lastModified Fri, 09 Jun 2023 21:33:14 GMT
24300 http request GET https://registry.npmjs.org/inherits
24301 verbose get https://registry.npmjs.org/core-util-is not expired, no request
24302 silly addNameRange number 2 { name: 'core-util-is', range: '>=1.0.0 <1.1.0', hasData: true }
24303 silly addNameRange versions [ 'core-util-is', [ '1.0.0', '1.0.1', '1.0.2', '1.0.3' ] ]
24304 verbose addNamed core-util-is@1.0.3
24305 silly addNamed semver.valid 1.0.3
24306 silly addNamed semver.validRange 1.0.3
24307 verbose get https://registry.npmjs.org/isarray not expired, no request
24308 silly addNameRange number 2 { name: 'isarray', range: '>=1.0.0 <1.1.0', hasData: true }
24309 silly addNameRange versions [ 'isarray',
24309 silly addNameRange   [ '0.0.0',
24309 silly addNameRange     '0.0.1',
24309 silly addNameRange     '1.0.0',
24309 silly addNameRange     '2.0.0',
24309 silly addNameRange     '2.0.1',
24309 silly addNameRange     '2.0.2',
24309 silly addNameRange     '2.0.3',
24309 silly addNameRange     '2.0.4',
24309 silly addNameRange     '2.0.5' ] ]
24310 verbose addNamed isarray@1.0.0
24311 silly addNamed semver.valid 1.0.0
24312 silly addNamed semver.validRange 1.0.0
24313 verbose get https://registry.npmjs.org/process-nextick-args not expired, no request
24314 silly addNameRange number 2 { name: 'process-nextick-args',
24314 silly addNameRange   range: '>=2.0.0 <2.1.0',
24314 silly addNameRange   hasData: true }
24315 silly addNameRange versions [ 'process-nextick-args',
24315 silly addNameRange   [ '1.0.0',
24315 silly addNameRange     '1.0.1',
24315 silly addNameRange     '1.0.2',
24315 silly addNameRange     '1.0.3',
24315 silly addNameRange     '1.0.4',
24315 silly addNameRange     '1.0.5',
24315 silly addNameRange     '1.0.6',
24315 silly addNameRange     '1.0.7',
24315 silly addNameRange     '2.0.0',
24315 silly addNameRange     '2.0.1' ] ]
24316 verbose addNamed process-nextick-args@2.0.1
24317 silly addNamed semver.valid 2.0.1
24318 silly addNamed semver.validRange 2.0.1
24319 silly cache afterAdd core-util-is@1.0.3
24320 verbose afterAdd C:\Users\Carlos García\AppData\Roaming\npm-cache\core-util-is\1.0.3\package\package.json not in flight; writing
24321 verbose get https://registry.npmjs.org/string_decoder not expired, no request
24322 silly addNameRange number 2 { name: 'string_decoder',
24322 silly addNameRange   range: '>=1.1.1 <1.2.0',
24322 silly addNameRange   hasData: true }
24323 silly addNameRange versions [ 'string_decoder',
24323 silly addNameRange   [ '0.0.0',
24323 silly addNameRange     '0.0.1',
24323 silly addNameRange     '0.10.24',
24323 silly addNameRange     '0.11.10',
24323 silly addNameRange     '0.10.25',
24323 silly addNameRange     '0.11.10-1',
24323 silly addNameRange     '0.10.25-1',
24323 silly addNameRange     '0.10.31',
24323 silly addNameRange     '1.0.0',
24323 silly addNameRange     '1.0.1',
24323 silly addNameRange     '1.0.2',
24323 silly addNameRange     '1.0.3',
24323 silly addNameRange     '1.1.0',
24323 silly addNameRange     '1.1.1',
24323 silly addNameRange     '1.2.0',
24323 silly addNameRange     '1.3.0' ] ]
24324 verbose addNamed string_decoder@1.1.1
24325 silly addNamed semver.valid 1.1.1
24326 silly addNamed semver.validRange 1.1.1
24327 verbose request uri https://registry.npmjs.org/safe-buffer
24328 verbose request no auth needed
24329 info attempt registry request try #1 at 10:27:34
24330 verbose etag W/"53ac285eac84b18158059f113994102c"
24331 verbose lastModified Mon, 10 Jul 2023 23:16:23 GMT
24332 http request GET https://registry.npmjs.org/safe-buffer
24333 silly cache afterAdd isarray@1.0.0
24334 verbose afterAdd C:\Users\Carlos García\AppData\Roaming\npm-cache\isarray\1.0.0\package\package.json not in flight; writing
24335 silly cache afterAdd process-nextick-args@2.0.1
24336 verbose afterAdd C:\Users\Carlos García\AppData\Roaming\npm-cache\process-nextick-args\2.0.1\package\package.json not in flight; writing
24337 verbose get https://registry.npmjs.org/util-deprecate not expired, no request
24338 silly addNameRange number 2 { name: 'util-deprecate',
24338 silly addNameRange   range: '>=1.0.1 <1.1.0',
24338 silly addNameRange   hasData: true }
24339 silly addNameRange versions [ 'util-deprecate', [ '1.0.0', '1.0.1', '1.0.2' ] ]
24340 verbose addNamed util-deprecate@1.0.2
24341 silly addNamed semver.valid 1.0.2
24342 silly addNamed semver.validRange 1.0.2
24343 silly cache afterAdd string_decoder@1.1.1
24344 verbose afterAdd C:\Users\Carlos García\AppData\Roaming\npm-cache\string_decoder\1.1.1\package\package.json not in flight; writing
24345 silly gunzTarPerm extractEntry dist/lib/css/property-descriptors/counter-reset.js.map
24346 silly gunzTarPerm modified mode [ 'dist/lib/css/property-descriptors/counter-reset.js.map',
24346 silly gunzTarPerm   420,
24346 silly gunzTarPerm   438 ]
24347 silly cache afterAdd util-deprecate@1.0.2
24348 verbose afterAdd C:\Users\Carlos García\AppData\Roaming\npm-cache\util-deprecate\1.0.2\package\package.json not in flight; writing
24349 http 304 https://registry.npmjs.org/immediate
24350 silly get cb [ 304,
24350 silly get   { date: 'Tue, 21 Apr 2026 16:27:33 GMT',
24350 silly get     connection: 'keep-alive',
24350 silly get     'set-cookie': [ '_cfuvid=p61FHZR2VkighBCJCnVBO2VmxWBR984kxCQTfyG6zdE-1776788853.6158686-1.0.1.1-D3NlkDz4F4BzBRIdp_C9lnBO_LrQkFNIkLzvLIxDRlg; HttpOnly; SameSite=None; Secure; Path=/; Domain=npmjs.org' ],
24350 silly get     'cf-ray': '9efdc1bf1b592cdd-SAP',
24350 silly get     'cf-cache-status': 'HIT',
24350 silly get     'access-control-allow-origin': '*',
24350 silly get     age: '271',
24350 silly get     'cache-control': 'public, max-age=300',
24350 silly get     etag: '"1ce6f794e6c8a13bccd01a426bec7dcc"',
24350 silly get     'last-modified': 'Sun, 19 Jun 2022 00:46:32 GMT',
24350 silly get     server: 'cloudflare',
24350 silly get     vary: 'Accept-Encoding' } ]
24351 verbose etag https://registry.npmjs.org/immediate from cache
24352 verbose get saving immediate to C:\Users\Carlos García\AppData\Roaming\npm-cache\registry.npmjs.org\immediate\.cache.json
24353 silly gunzTarPerm extractEntry stable/instance/ends-with.js
24354 silly gunzTarPerm modified mode [ 'stable/instance/ends-with.js', 420, 438 ]
24355 silly gunzTarPerm extractEntry stable/string/ends-with.js
24356 silly gunzTarPerm modified mode [ 'stable/string/ends-with.js', 420, 438 ]
24357 verbose afterAdd C:\Users\Carlos García\AppData\Roaming\npm-cache\core-util-is\1.0.3\package\package.json written
24358 verbose afterAdd C:\Users\Carlos García\AppData\Roaming\npm-cache\process-nextick-args\2.0.1\package\package.json written
24359 verbose afterAdd C:\Users\Carlos García\AppData\Roaming\npm-cache\isarray\1.0.0\package\package.json written
24360 verbose afterAdd C:\Users\Carlos García\AppData\Roaming\npm-cache\util-deprecate\1.0.2\package\package.json written
24361 verbose afterAdd C:\Users\Carlos García\AppData\Roaming\npm-cache\string_decoder\1.1.1\package\package.json written
24362 silly gunzTarPerm extractEntry stable/string/virtual/ends-with.js
24363 silly gunzTarPerm modified mode [ 'stable/string/virtual/ends-with.js', 420, 438 ]
24364 silly gunzTarPerm extractEntry actual/array/entries.js
24365 silly gunzTarPerm modified mode [ 'actual/array/entries.js', 420, 438 ]
24366 silly gunzTarPerm extractEntry actual/array/virtual/entries.js
24367 silly gunzTarPerm modified mode [ 'actual/array/virtual/entries.js', 420, 438 ]
24368 silly gunzTarPerm extractEntry actual/instance/entries.js
24369 silly gunzTarPerm modified mode [ 'actual/instance/entries.js', 420, 438 ]
24370 silly gunzTarPerm extractEntry actual/object/entries.js
24371 silly gunzTarPerm modified mode [ 'actual/object/entries.js', 420, 438 ]
24372 silly gunzTarPerm extractEntry actual/typed-array/entries.js
24373 silly gunzTarPerm modified mode [ 'actual/typed-array/entries.js', 420, 438 ]
24374 silly gunzTarPerm extractEntry dist/lib/css/types/functions/counter.js.map
24375 silly gunzTarPerm modified mode [ 'dist/lib/css/types/functions/counter.js.map', 420, 438 ]
24376 silly gunzTarPerm extractEntry es/array/entries.js
24377 silly gunzTarPerm modified mode [ 'es/array/entries.js', 420, 438 ]
24378 silly gunzTarPerm extractEntry es/array/virtual/entries.js
24379 silly gunzTarPerm modified mode [ 'es/array/virtual/entries.js', 420, 438 ]
24380 silly gunzTarPerm extractEntry es/instance/entries.js
24381 silly gunzTarPerm modified mode [ 'es/instance/entries.js', 420, 438 ]
24382 silly gunzTarPerm extractEntry es/object/entries.js
24383 silly gunzTarPerm modified mode [ 'es/object/entries.js', 420, 438 ]
24384 silly addNameRange number 2 { name: 'immediate', range: '>=3.0.5 <3.1.0', hasData: true }
24385 silly addNameRange versions [ 'immediate',
24385 silly addNameRange   [ '2.0.1',
24385 silly addNameRange     '2.3.1',
24385 silly addNameRange     '2.4.0',
24385 silly addNameRange     '2.4.1',
24385 silly addNameRange     '2.4.2',
24385 silly addNameRange     '2.4.3',
24385 silly addNameRange     '2.5.0',
24385 silly addNameRange     '2.5.1',
24385 silly addNameRange     '2.5.2',
24385 silly addNameRange     '2.6.0',
24385 silly addNameRange     '2.6.1',
24385 silly addNameRange     '2.6.2',
24385 silly addNameRange     '2.6.3',
24385 silly addNameRange     '2.6.4',
24385 silly addNameRange     '2.6.5',
24385 silly addNameRange     '2.7.0',
24385 silly addNameRange     '2.7.1',
24385 silly addNameRange     '2.7.2',
24385 silly addNameRange     '3.0.0',
24385 silly addNameRange     '3.0.1',
24385 silly addNameRange     '3.0.2',
24385 silly addNameRange     '3.0.3',
24385 silly addNameRange     '3.1.0',
24385 silly addNameRange     '3.2.0',
24385 silly addNameRange     '3.0.4',
24385 silly addNameRange     '3.2.1',
24385 silly addNameRange     '3.0.5',
24385 silly addNameRange     '3.2.2',
24385 silly addNameRange     '3.0.6',
24385 silly addNameRange     '3.2.3',
24385 silly addNameRange     '3.3.0' ] ]
24386 verbose addNamed immediate@3.0.6
24387 silly addNamed semver.valid 3.0.6
24388 silly addNamed semver.validRange 3.0.6
24389 silly gunzTarPerm extractEntry es/typed-array/entries.js
24390 silly gunzTarPerm modified mode [ 'es/typed-array/entries.js', 420, 438 ]
24391 silly gunzTarPerm extractEntry features/array/entries.js
24392 silly gunzTarPerm modified mode [ 'features/array/entries.js', 420, 438 ]
24393 silly cache afterAdd immediate@3.0.6
24394 verbose afterAdd C:\Users\Carlos García\AppData\Roaming\npm-cache\immediate\3.0.6\package\package.json not in flight; writing
24395 silly gunzTarPerm extractEntry features/array/virtual/entries.js
24396 silly gunzTarPerm modified mode [ 'features/array/virtual/entries.js', 420, 438 ]
24397 silly gunzTarPerm extractEntry features/instance/entries.js
24398 silly gunzTarPerm modified mode [ 'features/instance/entries.js', 420, 438 ]
24399 verbose afterAdd C:\Users\Carlos García\AppData\Roaming\npm-cache\immediate\3.0.6\package\package.json written
24400 silly install resolved [ { name: 'immediate',
24400 silly install resolved     version: '3.0.6',
24400 silly install resolved     description: 'A cross browser microtask library',
24400 silly install resolved     contributors: [ [Object], [Object], [Object], [Object] ],
24400 silly install resolved     license: 'MIT',
24400 silly install resolved     repository:
24400 silly install resolved      { type: 'git',
24400 silly install resolved        url: 'git://github.com/calvinmetcalf/immediate.git' },
24400 silly install resolved     files: [ 'lib', 'dist' ],
24400 silly install resolved     bugs: { url: 'https://github.com/calvinmetcalf/immediate/issues' },
24400 silly install resolved     main: 'lib/index.js',
24400 silly install resolved     scripts:
24400 silly install resolved      { build: 'npm run build-node && npm run build-js && npm run uglify',
24400 silly install resolved        'build-node': 'browserify-transform-cli inline-process-browser unreachable-branch-transform < ./lib/index.js > ./lib/browser.js',
24400 silly install resolved        uglify: 'uglifyjs dist/immediate.js -mc > dist/immediate.min.js',
24400 silly install resolved        'build-js': 'browserify -s immediate ./lib/browser.js | derequire > dist/immediate.js',
24400 silly install resolved        test: 'jshint lib/*.js && node test/tests.js' },
24400 silly install resolved     browser: { './lib/index.js': './lib/browser.js' },
24400 silly install resolved     devDependencies:
24400 silly install resolved      { browserify: '^13.0.0',
24400 silly install resolved        'browserify-transform-cli': '^1.1.1',
24400 silly install resolved        derequire: '^2.0.0',
24400 silly install resolved        'inline-process-browser': '^2.0.0',
24400 silly install resolved        jshint: '^2.5.1',
24400 silly install resolved        tape: '^4.0.0',
24400 silly install resolved        'uglify-js': '^2.4.13',
24400 silly install resolved        'unreachable-branch-transform': '^0.5.1' },
24400 silly install resolved     gitHead: 'cba16a641397af7071dda0d7aee8b06c89a9926d',
24400 silly install resolved     _id: 'immediate@3.0.6',
24400 silly install resolved     _shasum: '9db1dbd0faf8de6fbe0f5dd5e56bb606280de69b',
24400 silly install resolved     _from: 'immediate@>=3.0.5 <3.1.0',
24400 silly install resolved     _npmVersion: '3.8.6',
24400 silly install resolved     _nodeVersion: '5.12.0',
24400 silly install resolved     _npmUser: { name: 'cwmma', email: 'calvin.metcalf@gmail.com' },
24400 silly install resolved     dist:
24400 silly install resolved      { shasum: '9db1dbd0faf8de6fbe0f5dd5e56bb606280de69b',
24400 silly install resolved        tarball: 'https://registry.npmjs.org/immediate/-/immediate-3.0.6.tgz',
24400 silly install resolved        integrity: 'sha512-XXOFtyqDjNDAQxVfYxuF7g9Il/IbWmmlQg2MYKOH8ExIT1qg6xc4zyS3HaEEATgs1btfzxq15ciUiY7gjSXRGQ==',
24400 silly install resolved        signatures: [Object] },
24400 silly install resolved     maintainers: [ [Object] ],
24400 silly install resolved     _npmOperationalInternal:
24400 silly install resolved      { host: 'packages-12-west.internal.npmjs.com',
24400 silly install resolved        tmp: 'tmp/immediate-3.0.6.tgz_1469708719595_0.6643407943192869' },
24400 silly install resolved     directories: {},
24400 silly install resolved     _resolved: 'https://registry.npmjs.org/immediate/-/immediate-3.0.6.tgz',
24400 silly install resolved     readme: 'ERROR: No README data found!',
24400 silly install resolved     homepage: 'https://github.com/calvinmetcalf/immediate' } ]
24401 info install immediate@3.0.6 into C:\chef-master-pro\node_modules\exceljs\node_modules\jszip\node_modules\lie
24402 info installOne immediate@3.0.6
24403 verbose installOne of immediate to C:\chef-master-pro\node_modules\exceljs\node_modules\jszip\node_modules\lie not in flight; installing
24404 silly gunzTarPerm extractEntry dist/lib/core/debugger.js.map
24405 silly gunzTarPerm modified mode [ 'dist/lib/core/debugger.js.map', 420, 438 ]
24406 verbose lock using C:\Users\Carlos García\AppData\Roaming\npm-cache\_locks\immediate-61d52d7cd9a243e4.lock for C:\chef-master-pro\node_modules\exceljs\node_modules\jszip\node_modules\lie\node_modules\immediate
24407 silly gunzTarPerm extractEntry features/object/entries.js
24408 silly gunzTarPerm modified mode [ 'features/object/entries.js', 420, 438 ]
24409 silly gunzTarPerm extractEntry features/typed-array/entries.js
24410 silly gunzTarPerm modified mode [ 'features/typed-array/entries.js', 420, 438 ]
24411 silly install write writing immediate 3.0.6 to C:\chef-master-pro\node_modules\exceljs\node_modules\jszip\node_modules\lie\node_modules\immediate
24412 silly cache addNamed cb immediate@3.0.6
24413 verbose unbuild node_modules\exceljs\node_modules\jszip\node_modules\lie\node_modules\immediate
24414 silly gentlyRm C:\chef-master-pro\node_modules\exceljs\node_modules\jszip\node_modules\lie\node_modules\immediate is being purged from base C:\chef-master-pro
24415 verbose gentlyRm don't care about contents; nuking C:\chef-master-pro\node_modules\exceljs\node_modules\jszip\node_modules\lie\node_modules\immediate
24416 verbose tar unpack C:\Users\Carlos García\AppData\Roaming\npm-cache\immediate\3.0.6\package.tgz
24417 verbose tar unpacking to C:\chef-master-pro\node_modules\exceljs\node_modules\jszip\node_modules\lie\node_modules\immediate
24418 silly gentlyRm C:\chef-master-pro\node_modules\exceljs\node_modules\jszip\node_modules\lie\node_modules\immediate is being purged
24419 verbose gentlyRm don't care about contents; nuking C:\chef-master-pro\node_modules\exceljs\node_modules\jszip\node_modules\lie\node_modules\immediate
24420 silly gunzTarPerm modes [ '777', '666' ]
24421 silly gunzTarPerm extractEntry full/array/entries.js
24422 silly gunzTarPerm modified mode [ 'full/array/entries.js', 420, 438 ]
24423 silly gunzTarPerm extractEntry full/array/virtual/entries.js
24424 silly gunzTarPerm modified mode [ 'full/array/virtual/entries.js', 420, 438 ]
24425 silly gunzTarPerm extractEntry package.json
24426 silly gunzTarPerm modified mode [ 'package.json', 420, 438 ]
24427 silly gunzTarPerm extractEntry README.md
24428 silly gunzTarPerm modified mode [ 'README.md', 420, 438 ]
24429 silly gunzTarPerm extractEntry LICENSE.txt
24430 silly gunzTarPerm modified mode [ 'LICENSE.txt', 420, 438 ]
24431 silly gunzTarPerm extractEntry full/instance/entries.js
24432 silly gunzTarPerm modified mode [ 'full/instance/entries.js', 420, 438 ]
24433 silly gunzTarPerm extractEntry full/object/entries.js
24434 silly gunzTarPerm modified mode [ 'full/object/entries.js', 420, 438 ]
24435 silly gunzTarPerm extractEntry full/typed-array/entries.js
24436 silly gunzTarPerm modified mode [ 'full/typed-array/entries.js', 420, 438 ]
24437 silly gunzTarPerm extractEntry stable/array/entries.js
24438 silly gunzTarPerm modified mode [ 'stable/array/entries.js', 420, 438 ]
24439 silly gunzTarPerm extractEntry dist/lib/css/property-descriptors/direction.js.map
24440 silly gunzTarPerm modified mode [ 'dist/lib/css/property-descriptors/direction.js.map',
24440 silly gunzTarPerm   420,
24440 silly gunzTarPerm   438 ]
24441 silly gunzTarPerm extractEntry dist/immediate.js
24442 silly gunzTarPerm modified mode [ 'dist/immediate.js', 420, 438 ]
24443 silly gunzTarPerm extractEntry dist/immediate.min.js
24444 silly gunzTarPerm modified mode [ 'dist/immediate.min.js', 420, 438 ]
24445 silly gunzTarPerm extractEntry stable/array/virtual/entries.js
24446 silly gunzTarPerm modified mode [ 'stable/array/virtual/entries.js', 420, 438 ]
24447 silly gunzTarPerm extractEntry stable/instance/entries.js
24448 silly gunzTarPerm modified mode [ 'stable/instance/entries.js', 420, 438 ]
24449 silly gunzTarPerm extractEntry lib/browser.js
24450 silly gunzTarPerm modified mode [ 'lib/browser.js', 420, 438 ]
24451 silly gunzTarPerm extractEntry lib/index.js
24452 silly gunzTarPerm modified mode [ 'lib/index.js', 420, 438 ]
24453 silly gunzTarPerm extractEntry stable/object/entries.js
24454 silly gunzTarPerm modified mode [ 'stable/object/entries.js', 420, 438 ]
24455 silly gunzTarPerm extractEntry stable/typed-array/entries.js
24456 silly gunzTarPerm modified mode [ 'stable/typed-array/entries.js', 420, 438 ]
24457 silly gunzTarPerm extractEntry internals/entry-unbind.js
24458 silly gunzTarPerm modified mode [ 'internals/entry-unbind.js', 420, 438 ]
24459 silly gunzTarPerm extractEntry internals/entry-virtual.js
24460 silly gunzTarPerm modified mode [ 'internals/entry-virtual.js', 420, 438 ]
24461 silly gunzTarPerm extractEntry dist/lib/css/property-descriptors/display.js.map
24462 silly gunzTarPerm modified mode [ 'dist/lib/css/property-descriptors/display.js.map', 420, 438 ]
24463 silly gunzTarPerm extractEntry internals/enum-bug-keys.js
24464 silly gunzTarPerm modified mode [ 'internals/enum-bug-keys.js', 420, 438 ]
24465 silly gunzTarPerm extractEntry internals/environment-ff-version.js
24466 silly gunzTarPerm modified mode [ 'internals/environment-ff-version.js', 420, 438 ]
24467 silly gunzTarPerm extractEntry internals/environment-is-ie-or-edge.js
24468 silly gunzTarPerm modified mode [ 'internals/environment-is-ie-or-edge.js', 420, 438 ]
24469 silly gunzTarPerm extractEntry internals/environment-is-ios-pebble.js
24470 silly gunzTarPerm modified mode [ 'internals/environment-is-ios-pebble.js', 420, 438 ]
24471 silly gunzTarPerm extractEntry internals/environment-is-ios.js
24472 silly gunzTarPerm modified mode [ 'internals/environment-is-ios.js', 420, 438 ]
24473 silly gunzTarPerm extractEntry internals/environment-is-node.js
24474 silly gunzTarPerm modified mode [ 'internals/environment-is-node.js', 420, 438 ]
24475 silly gunzTarPerm extractEntry internals/environment-is-webos-webkit.js
24476 silly gunzTarPerm modified mode [ 'internals/environment-is-webos-webkit.js', 420, 438 ]
24477 silly gunzTarPerm extractEntry internals/environment-user-agent.js
24478 silly gunzTarPerm modified mode [ 'internals/environment-user-agent.js', 420, 438 ]
24479 silly gunzTarPerm extractEntry dist/lib/dom/__mocks__/document-cloner.js.map
24480 silly gunzTarPerm modified mode [ 'dist/lib/dom/__mocks__/document-cloner.js.map', 420, 438 ]
24481 silly gunzTarPerm extractEntry internals/environment-v8-version.js
24482 silly gunzTarPerm modified mode [ 'internals/environment-v8-version.js', 420, 438 ]
24483 silly gunzTarPerm extractEntry internals/environment-webkit-version.js
24484 silly gunzTarPerm modified mode [ 'internals/environment-webkit-version.js', 420, 438 ]
24485 silly gunzTarPerm extractEntry internals/environment.js
24486 silly gunzTarPerm modified mode [ 'internals/environment.js', 420, 438 ]
24487 silly gunzTarPerm extractEntry actual/number/epsilon.js
24488 silly gunzTarPerm modified mode [ 'actual/number/epsilon.js', 420, 438 ]
24489 silly gunzTarPerm extractEntry es/number/epsilon.js
24490 silly gunzTarPerm modified mode [ 'es/number/epsilon.js', 420, 438 ]
24491 silly gunzTarPerm extractEntry features/number/epsilon.js
24492 silly gunzTarPerm modified mode [ 'features/number/epsilon.js', 420, 438 ]
24493 silly gunzTarPerm extractEntry full/number/epsilon.js
24494 silly gunzTarPerm modified mode [ 'full/number/epsilon.js', 420, 438 ]
24495 silly gunzTarPerm extractEntry stable/number/epsilon.js
24496 silly gunzTarPerm modified mode [ 'stable/number/epsilon.js', 420, 438 ]
24497 info preinstall immediate@3.0.6
24498 silly gunzTarPerm extractEntry dist/lib/dom/document-cloner.js.map
24499 silly gunzTarPerm modified mode [ 'dist/lib/dom/document-cloner.js.map', 420, 438 ]
24500 silly install resolved []
24501 verbose about to build C:\chef-master-pro\node_modules\exceljs\node_modules\jszip\node_modules\lie\node_modules\immediate
24502 info build C:\chef-master-pro\node_modules\exceljs\node_modules\jszip\node_modules\lie\node_modules\immediate
24503 verbose linkStuff [ false,
24503 verbose linkStuff   false,
24503 verbose linkStuff   false,
24503 verbose linkStuff   'C:\\chef-master-pro\\node_modules\\exceljs\\node_modules\\jszip\\node_modules\\lie\\node_modules' ]
24504 info linkStuff immediate@3.0.6
24505 verbose linkBins immediate@3.0.6
24506 verbose linkMans immediate@3.0.6
24507 verbose rebuildBundles immediate@3.0.6
24508 http 304 https://registry.npmjs.org/inherits
24509 silly get cb [ 304,
24509 silly get   { date: 'Tue, 21 Apr 2026 16:27:33 GMT',
24509 silly get     connection: 'keep-alive',
24509 silly get     'set-cookie': [ '_cfuvid=_YDfgoFrTPXH3QCI2EyFlJMY4VFP2zZi.ApZS0bg9aY-1776788853.7647176-1.0.1.1-s48hImoKZAl8s6llir1lLOgw3rmiZ7frgnxz80DjBeM; HttpOnly; SameSite=None; Secure; Path=/; Domain=npmjs.org' ],
24509 silly get     'cf-ray': '9efdc1c00a3a8ea7-SAP',
24509 silly get     'cf-cache-status': 'HIT',
24509 silly get     'access-control-allow-origin': '*',
24509 silly get     age: '11',
24509 silly get     'cache-control': 'public, max-age=300',
24509 silly get     etag: '"085f1dc30b7568caee1f4dd7259ee4ff"',
24509 silly get     'last-modified': 'Fri, 09 Jun 2023 21:33:14 GMT',
24509 silly get     server: 'cloudflare',
24509 silly get     vary: 'Accept-Encoding' } ]
24510 verbose etag https://registry.npmjs.org/inherits from cache
24511 verbose get saving inherits to C:\Users\Carlos García\AppData\Roaming\npm-cache\registry.npmjs.org\inherits\.cache.json
24512 http 304 https://registry.npmjs.org/safe-buffer
24513 silly get cb [ 304,
24513 silly get   { date: 'Tue, 21 Apr 2026 16:27:33 GMT',
24513 silly get     connection: 'keep-alive',
24513 silly get     'set-cookie': [ '_cfuvid=OZX6ALApZb6hV5YDcI7JW39XMo4dbXf0G3WRev9YQx0-1776788853.766124-1.0.1.1-aF5fokcdghqJCTTrCEQYSySxltbJK2ypbyn2QZ.mKM0; HttpOnly; SameSite=None; Secure; Path=/; Domain=npmjs.org' ],
24513 silly get     'cf-ray': '9efdc1c00823a510-SAP',
24513 silly get     'cf-cache-status': 'HIT',
24513 silly get     'access-control-allow-origin': '*',
24513 silly get     age: '12',
24513 silly get     'cache-control': 'public, max-age=300',
24513 silly get     etag: '"53ac285eac84b18158059f113994102c"',
24513 silly get     'last-modified': 'Mon, 10 Jul 2023 23:16:23 GMT',
24513 silly get     server: 'cloudflare',
24513 silly get     vary: 'Accept-Encoding' } ]
24514 verbose etag https://registry.npmjs.org/safe-buffer from cache
24515 verbose get saving safe-buffer to C:\Users\Carlos García\AppData\Roaming\npm-cache\registry.npmjs.org\safe-buffer\.cache.json
24516 info install immediate@3.0.6
24517 silly gunzTarPerm extractEntry proposals/error-cause.js
24518 silly gunzTarPerm modified mode [ 'proposals/error-cause.js', 420, 438 ]
24519 silly gunzTarPerm extractEntry internals/error-stack-clear.js
24520 silly gunzTarPerm modified mode [ 'internals/error-stack-clear.js', 420, 438 ]
24521 info postinstall immediate@3.0.6
24522 verbose unlock done using C:\Users\Carlos García\AppData\Roaming\npm-cache\_locks\immediate-61d52d7cd9a243e4.lock for C:\chef-master-pro\node_modules\exceljs\node_modules\jszip\node_modules\lie\node_modules\immediate
24523 verbose about to build C:\chef-master-pro\node_modules\exceljs\node_modules\jszip\node_modules\lie
24524 info build C:\chef-master-pro\node_modules\exceljs\node_modules\jszip\node_modules\lie
24525 verbose linkStuff [ false,
24525 verbose linkStuff   false,
24525 verbose linkStuff   false,
24525 verbose linkStuff   'C:\\chef-master-pro\\node_modules\\exceljs\\node_modules\\jszip\\node_modules' ]
24526 info linkStuff lie@3.3.0
24527 verbose linkBins lie@3.3.0
24528 verbose linkMans lie@3.3.0
24529 verbose rebuildBundles lie@3.3.0
24530 verbose rebuildBundles [ 'immediate' ]
24531 info install lie@3.3.0
24532 info postinstall lie@3.3.0
24533 silly gunzTarPerm extractEntry internals/error-stack-install.js
24534 silly gunzTarPerm modified mode [ 'internals/error-stack-install.js', 420, 438 ]
24535 silly gunzTarPerm extractEntry internals/error-stack-installable.js
24536 silly gunzTarPerm modified mode [ 'internals/error-stack-installable.js', 420, 438 ]
24537 verbose unlock done using C:\Users\Carlos García\AppData\Roaming\npm-cache\_locks\lie-7babee6dbaa018ba.lock for C:\chef-master-pro\node_modules\exceljs\node_modules\jszip\node_modules\lie
24538 silly gunzTarPerm extractEntry internals/error-to-string.js
24539 silly gunzTarPerm modified mode [ 'internals/error-to-string.js', 420, 438 ]
24540 silly gunzTarPerm extractEntry modules/es.aggregate-error.cause.js
24541 silly gunzTarPerm modified mode [ 'modules/es.aggregate-error.cause.js', 420, 438 ]
24542 silly gunzTarPerm extractEntry modules/es.aggregate-error.constructor.js
24543 silly gunzTarPerm modified mode [ 'modules/es.aggregate-error.constructor.js', 420, 438 ]
24544 silly gunzTarPerm extractEntry modules/es.aggregate-error.js
24545 silly gunzTarPerm modified mode [ 'modules/es.aggregate-error.js', 420, 438 ]
24546 silly gunzTarPerm extractEntry dist/lib/css/property-descriptors/duration.js.map
24547 silly gunzTarPerm modified mode [ 'dist/lib/css/property-descriptors/duration.js.map', 420, 438 ]
24548 silly gunzTarPerm extractEntry modules/es.array-buffer.constructor.js
24549 silly gunzTarPerm modified mode [ 'modules/es.array-buffer.constructor.js', 420, 438 ]
24550 silly gunzTarPerm extractEntry modules/es.array-buffer.detached.js
24551 silly gunzTarPerm modified mode [ 'modules/es.array-buffer.detached.js', 420, 438 ]
24552 silly addNameRange number 2 { name: 'inherits', range: '>=2.0.3 <2.1.0', hasData: true }
24553 silly addNameRange versions [ 'inherits',
24553 silly addNameRange   [ '1.0.0', '2.0.0', '2.0.1', '1.0.1', '1.0.2', '2.0.3', '2.0.4' ] ]
24554 verbose addNamed inherits@2.0.4
24555 silly addNamed semver.valid 2.0.4
24556 silly addNamed semver.validRange 2.0.4
24557 silly cache afterAdd inherits@2.0.4
24558 verbose afterAdd C:\Users\Carlos García\AppData\Roaming\npm-cache\inherits\2.0.4\package\package.json not in flight; writing
24559 silly addNameRange number 2 { name: 'safe-buffer', range: '>=5.1.1 <5.2.0', hasData: true }
24560 silly addNameRange versions [ 'safe-buffer',
24560 silly addNameRange   [ '1.0.0',
24560 silly addNameRange     '2.0.0',
24560 silly addNameRange     '3.0.0',
24560 silly addNameRange     '4.0.0',
24560 silly addNameRange     '5.0.0',
24560 silly addNameRange     '5.0.1',
24560 silly addNameRange     '5.1.0',
24560 silly addNameRange     '5.1.1',
24560 silly addNameRange     '5.1.2',
24560 silly addNameRange     '5.2.0',
24560 silly addNameRange     '5.2.1' ] ]
24561 verbose addNamed safe-buffer@5.1.2
24562 silly addNamed semver.valid 5.1.2
24563 silly addNamed semver.validRange 5.1.2
24564 silly gunzTarPerm extractEntry modules/es.array-buffer.is-view.js
24565 silly gunzTarPerm modified mode [ 'modules/es.array-buffer.is-view.js', 420, 438 ]
24566 silly gunzTarPerm extractEntry modules/es.array-buffer.slice.js
24567 silly gunzTarPerm modified mode [ 'modules/es.array-buffer.slice.js', 420, 438 ]
24568 verbose afterAdd C:\Users\Carlos García\AppData\Roaming\npm-cache\inherits\2.0.4\package\package.json written
24569 silly cache afterAdd safe-buffer@5.1.2
24570 verbose afterAdd C:\Users\Carlos García\AppData\Roaming\npm-cache\safe-buffer\5.1.2\package\package.json not in flight; writing
24571 verbose afterAdd C:\Users\Carlos García\AppData\Roaming\npm-cache\safe-buffer\5.1.2\package\package.json written
24572 silly install resolved [ { name: 'core-util-is',
24572 silly install resolved     version: '1.0.3',
24572 silly install resolved     description: 'The `util.is*` functions introduced in Node v0.12.',
24572 silly install resolved     main: 'lib/util.js',
24572 silly install resolved     repository: { type: 'git', url: 'git://github.com/isaacs/core-util-is.git' },
24572 silly install resolved     keywords:
24572 silly install resolved      [ 'util',
24572 silly install resolved        'isBuffer',
24572 silly install resolved        'isArray',
24572 silly install resolved        'isNumber',
24572 silly install resolved        'isString',
24572 silly install resolved        'isRegExp',
24572 silly install resolved        'isThis',
24572 silly install resolved        'isThat',
24572 silly install resolved        'polyfill' ],
24572 silly install resolved     author:
24572 silly install resolved      { name: 'Isaac Z. Schlueter',
24572 silly install resolved        email: 'i@izs.me',
24572 silly install resolved        url: 'http://blog.izs.me/' },
24572 silly install resolved     license: 'MIT',
24572 silly install resolved     bugs: { url: 'https://github.com/isaacs/core-util-is/issues' },
24572 silly install resolved     scripts:
24572 silly install resolved      { test: 'tap test.js',
24572 silly install resolved        preversion: 'npm test',
24572 silly install resolved        postversion: 'npm publish',
24572 silly install resolved        prepublishOnly: 'git push origin --follow-tags' },
24572 silly install resolved     devDependencies: { tap: '^15.0.9' },
24572 silly install resolved     gitHead: '85f4620829d1b6079fd7b351f040b6ea7e184970',
24572 silly install resolved     homepage: 'https://github.com/isaacs/core-util-is#readme',
24572 silly install resolved     _id: 'core-util-is@1.0.3',
24572 silly install resolved     _nodeVersion: '16.5.0',
24572 silly install resolved     _npmVersion: '7.21.0',
24572 silly install resolved     dist:
24572 silly install resolved      { integrity: 'sha512-ZQBvi1DcpJ4GDqanjucZ2Hj3wEO5pZDS89BWbkcrvdxksJorwUDDZamX9ldFkp9aw2lmBDLgkObEA4DWNJ9FYQ==',
24572 silly install resolved        shasum: 'a6042d3634c2b27e9328f837b965fac83808db85',
24572 silly install resolved        tarball: 'https://registry.npmjs.org/core-util-is/-/core-util-is-1.0.3.tgz',
24572 silly install resolved        fileCount: 4,
24572 silly install resolved        unpackedSize: 4982,
24572 silly install resolved        'npm-signature': '-----BEGIN PGP SIGNATURE-----\r\nVersion: OpenPGP.js v3.0.13\r\nComment: https://openpgpjs.org\r\n\r\nwsFcBAEBCAAQBQJhLj44CRA9TVsSAnZWagAA0AEQAI2rvxf1UM5FkovQLnTM\notN8pVW7FNS65fxu1FLu2d9NX74wN/ASuQwy0UIa+lGkHxq5tdt68JhPwvLQ\nTFDDzWt3Pc0Oym6axkIGM/g0Xa/CS8dzbOy04J+4eys5H2GFEVaSoRqgZwL/\nIM1JkE0utIRPLL2b/+9t6Wbe34ERurckzu7JIuJV3Aa6gkYyHhyrprqDh9Ft\nJG9C38gde82J/KRk6cT5E+LUF9oxCZS/OvaR/JZt9qtxJGTVKah4dVNOu/2W\nIA07E418ydf5iNxZy5EjT/M9UJexUygmzWd+KwFrghjoRTxXsQ5Xkl1qtiay\noLwiS1/1eqokkgLsIki/7v7cMKyJ74Dxgf2TOLaIQsLgClqlOvB+lU/FmaqR\nDjwLblnDynxQbAyG9wlv+8zuRCN9GnPnYdCkTrz9T3cYcr55xNqo5xabzhbs\neHmIh6Wa5PcDwWCrKer9BO/V/h6WouZ94xBljL8artMI2xZJhx3NleSNkSHm\nRIi8qRB3f6o/AP/Db00Qw6EZ/aubezwKLTdIfbv/fptzZoDFCkmttFkpm2HM\n8/xaOWFC4Vfv6nCe5boFym/Sjv1xaX7738gfekKNyz9Ukim2JY2LAHYcfLum\nVu7rxTCYJCiXYAxN9MBfP67Xea3gH60bS7nFZA/Rt+wc7CCItjfkUMXwmYmy\nuGG1\r\n=Ftuh\r\n-----END PGP SIGNATURE-----\r\n',
24572 silly install resolved        signatures: [Object] },
24572 silly install resolved     _npmUser: { name: 'isaacs', email: 'i@izs.me' },
24572 silly install resolved     directories: {},
24572 silly install resolved     maintainers: [ [Object] ],
24572 silly install resolved     _npmOperationalInternal:
24572 silly install resolved      { host: 's3://npm-registry-packages',
24572 silly install resolved        tmp: 'tmp/core-util-is_1.0.3_1630420536772_0.9472501484769849' },
24572 silly install resolved     _hasShrinkwrap: false,
24572 silly install resolved     _shasum: 'a6042d3634c2b27e9328f837b965fac83808db85',
24572 silly install resolved     _resolved: 'https://registry.npmjs.org/core-util-is/-/core-util-is-1.0.3.tgz',
24572 silly install resolved     _from: 'core-util-is@>=1.0.0 <1.1.0',
24572 silly install resolved     readme: 'ERROR: No README data found!' },
24572 silly install resolved   { name: 'process-nextick-args',
24572 silly install resolved     version: '2.0.1',
24572 silly install resolved     description: 'process.nextTick but always with args',
24572 silly install resolved     main: 'index.js',
24572 silly install resolved     scripts: { test: 'node test.js' },
24572 silly install resolved     repository:
24572 silly install resolved      { type: 'git',
24572 silly install resolved        url: 'git+https://github.com/calvinmetcalf/process-nextick-args.git' },
24572 silly install resolved     author: '',
24572 silly install resolved     license: 'MIT',
24572 silly install resolved     bugs: { url: 'https://github.com/calvinmetcalf/process-nextick-args/issues' },
24572 silly install resolved     homepage: 'https://github.com/calvinmetcalf/process-nextick-args',
24572 silly install resolved     devDependencies: { tap: '~0.2.6' },
24572 silly install resolved     gitHead: 'b96d59913025441b00c4fd40e6894ddfa8e1c398',
24572 silly install resolved     _id: 'process-nextick-args@2.0.1',
24572 silly install resolved     _nodeVersion: '10.15.0',
24572 silly install resolved     _npmVersion: '6.9.0',
24572 silly install resolved     dist:
24572 silly install resolved      { integrity: 'sha512-3ouUOpQhtgrbOa17J7+uxOTpITYWaGP7/AhoR3+A+/1e9skrzelGi/dXzEYyvbxubEF6Wn2ypscTKiKJFFn1ag==',
24572 silly install resolved        shasum: '7820d9b16120cc55ca9ae7792680ae7dba6d7fe2',
24572 silly install resolved        tarball: 'https://registry.npmjs.org/process-nextick-args/-/process-nextick-args-2.0.1.tgz',
24572 silly install resolved        fileCount: 4,
24572 silly install resolved        unpackedSize: 3175,
24572 silly install resolved        'npm-signature': '-----BEGIN PGP SIGNATURE-----\r\nVersion: OpenPGP.js v3.0.4\r\nComment: https://openpgpjs.org\r\n\r\nwsFcBAEBCAAQBQJdCpxfCRA9TVsSAnZWagAA2wUQAJE/zQojeYBtJTNHDGq7\ntlqxR0qbiugyY02+BV/s6cTIRG7uCAwpyWelDotgFeE5IfxoLNOLuRtc5y5w\nZr/xlgT5KxchI87af3FpNTB2Y/0+lKDjbSdj0k+Mz8IjxwUtBdt/8yqH89EF\nxOE+H9WCjL94tqDrnaPAXfIo84m0FLUA5hneNrJqmhXGfC/a7ncO5x1AmBDj\nPGV0pyS4XxuUEsV2KSx2Fy2pXxsI01mxq7nAeOwNPb20XbPbGhzTU9eLOzAJ\nMggd+bKbuDdxCFdf/CQ76d9Gz2T6fxjHNsKrw7AYcfrTi6bLQQKBpeN5KE7i\nagIYpzq2HWsjhrClsm1TQNbV8SWQR2OhbgDdMKn8OkIsvQGKJpJbW6I+m1va\nTd4Gc9i1dIweSjvS2g/iaVdm2E0EWhU9tSH7SnKKmEOBCsWsGW5XJQP7W+sO\nKuxicRik6vCGyaMrZz83blayXuXGWPSP9uDt0/2MINRefJTTusWaSikZxyQn\nZ0uqV9Li6WEEWALHQf3NtlAq49U0w/NN9jRPI2iViPdf4Q/cyf/Fwp5PmVKt\nFYx9V7me9XNCxu1kBlx7ZkbZW0M0eEuLYW8J2hNMiJjuksUr0mOlXjSKwMGf\nru2wMy7dCU+zVeA65QtGPSSfMOrATVzjbRWuXkR3xAmv3bJmbMIn1IG/rtSr\nnc/W\r\n=K8U9\r\n-----END PGP SIGNATURE-----\r\n',
24572 silly install resolved        signatures: [Object] },
24572 silly install resolved     maintainers: [ [Object] ],
24572 silly install resolved     _npmUser: { name: 'cwmma', email: 'calvin.metcalf@gmail.com' },
24572 silly install resolved     directories: {},
24572 silly install resolved     _npmOperationalInternal:
24572 silly install resolved      { host: 's3://npm-registry-packages',
24572 silly install resolved        tmp: 'tmp/process-nextick-args_2.0.1_1560976479045_0.30434079670500513' },
24572 silly install resolved     _hasShrinkwrap: false,
24572 silly install resolved     _shasum: '7820d9b16120cc55ca9ae7792680ae7dba6d7fe2',
24572 silly install resolved     _resolved: 'https://registry.npmjs.org/process-nextick-args/-/process-nextick-args-2.0.1.tgz',
24572 silly install resolved     _from: 'process-nextick-args@>=2.0.0 <2.1.0',
24572 silly install resolved     readme: 'ERROR: No README data found!' },
24572 silly install resolved   { name: 'isarray',
24572 silly install resolved     description: 'Array#isArray for older browsers',
24572 silly install resolved     version: '1.0.0',
24572 silly install resolved     repository:
24572 silly install resolved      { type: 'git',
24572 silly install resolved        url: 'git://github.com/juliangruber/isarray.git' },
24572 silly install resolved     homepage: 'https://github.com/juliangruber/isarray',
24572 silly install resolved     main: 'index.js',
24572 silly install resolved     dependencies: {},
24572 silly install resolved     devDependencies: { tape: '~2.13.4' },
24572 silly install resolved     keywords: [ 'browser', 'isarray', 'array' ],
24572 silly install resolved     author:
24572 silly install resolved      { name: 'Julian Gruber',
24572 silly install resolved        email: 'mail@juliangruber.com',
24572 silly install resolved        url: 'http://juliangruber.com' },
24572 silly install resolved     license: 'MIT',
24572 silly install resolved     testling: { files: 'test.js', browsers: [Object] },
24572 silly install resolved     scripts: { test: 'tape test.js' },
24572 silly install resolved     gitHead: '2a23a281f369e9ae06394c0fb4d2381355a6ba33',
24572 silly install resolved     bugs: { url: 'https://github.com/juliangruber/isarray/issues' },
24572 silly install resolved     _id: 'isarray@1.0.0',
24572 silly install resolved     _shasum: 'bb935d48582cba168c06834957a54a3e07124f11',
24572 silly install resolved     _from: 'isarray@>=1.0.0 <1.1.0',
24572 silly install resolved     _npmVersion: '3.3.12',
24572 silly install resolved     _nodeVersion: '5.1.0',
24572 silly install resolved     _npmUser: { name: 'juliangruber', email: 'julian@juliangruber.com' },
24572 silly install resolved     dist:
24572 silly install resolved      { shasum: 'bb935d48582cba168c06834957a54a3e07124f11',
24572 silly install resolved        tarball: 'https://registry.npmjs.org/isarray/-/isarray-1.0.0.tgz',
24572 silly install resolved        integrity: 'sha512-VLghIWNM6ELQzo7zwmcg0NmTVyWKYjvIeM83yjp0wRDTmUnrM678fQbcKBo6n2CJEF0szoG//ytg+TKla89ALQ==',
24572 silly install resolved        signatures: [Object] },
24572 silly install resolved     maintainers: [ [Object] ],
24572 silly install resolved     directories: {},
24572 silly install resolved     _resolved: 'https://registry.npmjs.org/isarray/-/isarray-1.0.0.tgz',
24572 silly install resolved     readme: 'ERROR: No README data found!' },
24572 silly install resolved   { name: 'util-deprecate',
24572 silly install resolved     version: '1.0.2',
24572 silly install resolved     description: 'The Node.js `util.deprecate()` function with browser support',
24572 silly install resolved     main: 'node.js',
24572 silly install resolved     browser: 'browser.js',
24572 silly install resolved     scripts: { test: 'echo "Error: no test specified" && exit 1' },
24572 silly install resolved     repository:
24572 silly install resolved      { type: 'git',
24572 silly install resolved        url: 'git://github.com/TooTallNate/util-deprecate.git' },
24572 silly install resolved     keywords: [ 'util', 'deprecate', 'browserify', 'browser', 'node' ],
24572 silly install resolved     author:
24572 silly install resolved      { name: 'Nathan Rajlich',
24572 silly install resolved        email: 'nathan@tootallnate.net',
24572 silly install resolved        url: 'http://n8.io/' },
24572 silly install resolved     license: 'MIT',
24572 silly install resolved     bugs: { url: 'https://github.com/TooTallNate/util-deprecate/issues' },
24572 silly install resolved     homepage: 'https://github.com/TooTallNate/util-deprecate',
24572 silly install resolved     gitHead: '475fb6857cd23fafff20c1be846c1350abf8e6d4',
24572 silly install resolved     _id: 'util-deprecate@1.0.2',
24572 silly install resolved     _shasum: '450d4dc9fa70de732762fbd2d4a28981419a0ccf',
24572 silly install resolved     _from: 'util-deprecate@>=1.0.1 <1.1.0',
24572 silly install resolved     _npmVersion: '2.14.4',
24572 silly install resolved     _nodeVersion: '4.1.2',
24572 silly install resolved     _npmUser: { name: 'tootallnate', email: 'nathan@tootallnate.net' },
24572 silly install resolved     maintainers: [ [Object] ],
24572 silly install resolved     dist:
24572 silly install resolved      { shasum: '450d4dc9fa70de732762fbd2d4a28981419a0ccf',
24572 silly install resolved        tarball: 'https://registry.npmjs.org/util-deprecate/-/util-deprecate-1.0.2.tgz',
24572 silly install resolved        integrity: 'sha512-EPD5q1uXyFxJpCrLnCc1nHnq3gOa6DZBocAIiI2TaSCA7VCJ1UJDMagCzIkXNsUYfD1daK//LTEQ8xiIbrHtcw==',
24572 silly install resolved        signatures: [Object] },
24572 silly install resolved     _resolved: 'https://registry.npmjs.org/util-deprecate/-/util-deprecate-1.0.2.tgz',
24572 silly install resolved     readme: 'ERROR: No README data found!' },
24572 silly install resolved   { name: 'string_decoder',
24572 silly install resolved     version: '1.1.1',
24572 silly install resolved     description: 'The string_decoder module from Node core',
24572 silly install resolved     main: 'lib/string_decoder.js',
24572 silly install resolved     dependencies: { 'safe-buffer': '~5.1.0' },
24572 silly install resolved     devDependencies:
24572 silly install resolved      { 'babel-polyfill': '^6.23.0',
24572 silly install resolved        'core-util-is': '^1.0.2',
24572 silly install resolved        inherits: '^2.0.3',
24572 silly install resolved        tap: '~0.4.8' },
24572 silly install resolved     scripts:
24572 silly install resolved      { test: 'tap test/parallel/*.js && node test/verify-dependencies',
24572 silly install resolved        ci: 'tap test/parallel/*.js test/ours/*.js --tap | tee test.tap && node test/verify-dependencies.js' },
24572 silly install resolved     repository:
24572 silly install resolved      { type: 'git',
24572 silly install resolved        url: 'git://github.com/nodejs/string_decoder.git' },
24572 silly install resolved     homepage: 'https://github.com/nodejs/string_decoder',
24572 silly install resolved     keywords: [ 'string', 'decoder', 'browser', 'browserify' ],
24572 silly install resolved     license: 'MIT',
24572 silly install resolved     gitHead: '18c7f89c894ced5f610505bb006dfde9a3d1ac5e',
24572 silly install resolved     bugs: { url: 'https://github.com/nodejs/string_decoder/issues' },
24572 silly install resolved     _id: 'string_decoder@1.1.1',
24572 silly install resolved     _npmVersion: '5.8.0',
24572 silly install resolved     _nodeVersion: '8.10.0',
24572 silly install resolved     _npmUser: { name: 'matteo.collina', email: 'hello@matteocollina.com' },
24572 silly install resolved     dist:
24572 silly install resolved      { integrity: 'sha512-n/ShnvDi6FHbbVfviro+WojiFzv+s8MPMHBczVePfUpDJLwoLT0ht1l4YwBCbi8pJAveEEdnkHyPyTP/mzRfwg==',
24572 silly install resolved        shasum: '9cf1611ba62685d7030ae9e4ba34149c3af03fc8',
24572 silly install resolved        tarball: 'https://registry.npmjs.org/string_decoder/-/string_decoder-1.1.1.tgz',
24572 silly install resolved        fileCount: 5,
24572 silly install resolved        unpackedSize: 15298,
24572 silly install resolved        signatures: [Object] },
24572 silly install resolved     maintainers: [ [Object], [Object], [Object], [Object], [Object] ],
24572 silly install resolved     directories: {},
24572 silly install resolved     _npmOperationalInternal:
24572 silly install resolved      { host: 's3://npm-registry-packages',
24572 silly install resolved        tmp: 'tmp/string_decoder_1.1.1_1522397654739_0.2722524344416213' },
24572 silly install resolved     _hasShrinkwrap: false,
24572 silly install resolved     _shasum: '9cf1611ba62685d7030ae9e4ba34149c3af03fc8',
24572 silly install resolved     _resolved: 'https://registry.npmjs.org/string_decoder/-/string_decoder-1.1.1.tgz',
24572 silly install resolved     _from: 'string_decoder@>=1.1.1 <1.2.0',
24572 silly install resolved     readme: 'ERROR: No README data found!' },
24572 silly install resolved   { name: 'inherits',
24572 silly install resolved     description: 'Browser-friendly inheritance fully compatible with standard node.js inherits()',
24572 silly install resolved     version: '2.0.4',
24572 silly install resolved     keywords:
24572 silly install resolved      [ 'inheritance',
24572 silly install resolved        'class',
24572 silly install resolved        'klass',
24572 silly install resolved        'oop',
24572 silly install resolved        'object-oriented',
24572 silly install resolved        'inherits',
24572 silly install resolved        'browser',
24572 silly install resolved        'browserify' ],
24572 silly install resolved     main: './inherits.js',
24572 silly install resolved     browser: './inherits_browser.js',
24572 silly install resolved     repository: { type: 'git', url: 'git://github.com/isaacs/inherits.git' },
24572 silly install resolved     license: 'ISC',
24572 silly install resolved     scripts: { test: 'tap' },
24572 silly install resolved     devDependencies: { tap: '^14.2.4' },
24572 silly install resolved     gitHead: '9a2c29400c6d491e0b7beefe0c32efa3b462545d',
24572 silly install resolved     bugs: { url: 'https://github.com/isaacs/inherits/issues' },
24572 silly install resolved     homepage: 'https://github.com/isaacs/inherits#readme',
24572 silly install resolved     _id: 'inherits@2.0.4',
24572 silly install resolved     _nodeVersion: '12.3.1',
24572 silly install resolved     _npmVersion: '6.9.0',
24572 silly install resolved     dist:
24572 silly install resolved      { integrity: 'sha512-k/vGaX4/Yla3WzyMCvTQOXYeIHvqOKtnqBduzTHpzpQZzAskKMhZ2K+EnBiSM9zGSoIFeMpXKxa4dYeZIQqewQ==',
24572 silly install resolved        shasum: '0fa2c64f932917c3433a0ded55363aae37416b7c',
24572 silly install resolved        tarball: 'https://registry.npmjs.org/inherits/-/inherits-2.0.4.tgz',
24572 silly install resolved        fileCount: 5,
24572 silly install resolved        unpackedSize: 3958,
24572 silly install resolved        'npm-signature': '-----BEGIN PGP SIGNATURE-----\r\nVersion: OpenPGP.js v3.0.4\r\nComment: https://openpgpjs.org\r\n\r\nwsFcBAEBCAAQBQJdCpisCRA9TVsSAnZWagAA34wP/R7/M+OPDguEHhSTBFwm\nyr5qskotwW0egz8MlwqkYJnKmkNMGVwH2ciD0+mzkoomD+iUf9cAI6qjAT+p\n2b+qFTikQpScNZRMKnMF+f5Jf0X6IVS03tojFm2i9BSxD0DL7fRoNLw/3seH\nO/5vYeiQUq0Ojx3AY4hf31AQTfBlZ7pohiE6BNAYWBXWpCq2c3uENGaeiwxk\nnmTL/fUs8RRubjrqW5Bwpi+PZrkmwcL+Te/juGLP1Ef52BDjaeVk1e9YlNtJ\nX++I+HyVR0Kb4pYyBO/iRE1ifanLmGm70PsBFUmwAAq21FGhFH/cfAeoRJo7\n3MuW5+W8n2BmJKwpngGIf/92SWJP9Ww1Vo1Lo11fpwGjPjF4RiFkD81+GDSI\n6LXikSQRmGS+6FIrkXDKZ45ir8K3tGw6peXr/fq1FmzicySGRd8gFpAZIxCw\nLIM7YXBonoGsG8p/LqG6rTfmC3ymOR8R+WH5NGeMXkRw08KJED5nMkSp5b4I\nIRenKnfIZgz+daoFE8p/W6KtTz+Ac1pMou9vnSa3B7YZjr1y6B6B3PLDq3kC\nyZZWvv3u78F8u8WkVS8iA8BvEO6aPcENzQcT61P4h0r8mitpLmvKN2+WViLV\nowBn8STKGeuXImHwPgY6Et6U29r9ec1Y01YNNf8Qfd03eNhroDFKBsC3rPGU\nT9HJ\r\n=18y6\r\n-----END PGP SIGNATURE-----\r\n',
24572 silly install resolved        signatures: [Object] },
24572 silly install resolved     maintainers: [ [Object] ],
24572 silly install resolved     _npmUser: { name: 'isaacs', email: 'i@izs.me' },
24572 silly install resolved     directories: {},
24572 silly install resolved     _npmOperationalInternal:
24572 silly install resolved      { host: 's3://npm-registry-packages',
24572 silly install resolved        tmp: 'tmp/inherits_2.0.4_1560975532337_0.07791065184845936' },
24572 silly install resolved     _hasShrinkwrap: false,
24572 silly install resolved     _shasum: '0fa2c64f932917c3433a0ded55363aae37416b7c',
24572 silly install resolved     _resolved: 'https://registry.npmjs.org/inherits/-/inherits-2.0.4.tgz',
24572 silly install resolved     _from: 'inherits@>=2.0.3 <2.1.0',
24572 silly install resolved     readme: 'ERROR: No README data found!' },
24572 silly install resolved   { name: 'safe-buffer',
24572 silly install resolved     description: 'Safer Node.js Buffer API',
24572 silly install resolved     version: '5.1.2',
24572 silly install resolved     author:
24572 silly install resolved      { name: 'Feross Aboukhadijeh',
24572 silly install resolved        email: 'feross@feross.org',
24572 silly install resolved        url: 'http://feross.org' },
24572 silly install resolved     bugs: { url: 'https://github.com/feross/safe-buffer/issues' },
24572 silly install resolved     devDependencies: { standard: '*', tape: '^4.0.0' },
24572 silly install resolved     homepage: 'https://github.com/feross/safe-buffer',
24572 silly install resolved     keywords:
24572 silly install resolved      [ 'buffer',
24572 silly install resolved        'buffer allocate',
24572 silly install resolved        'node security',
24572 silly install resolved        'safe',
24572 silly install resolved        'safe-buffer',
24572 silly install resolved        'security',
24572 silly install resolved        'uninitialized' ],
24572 silly install resolved     license: 'MIT',
24572 silly install resolved     main: 'index.js',
24572 silly install resolved     types: 'index.d.ts',
24572 silly install resolved     repository: { type: 'git', url: 'git://github.com/feross/safe-buffer.git' },
24572 silly install resolved     scripts: { test: 'standard && tape test/*.js' },
24572 silly install resolved     gitHead: '649435cc8e2d1f3ecdc7caf323f1cb1187307a16',
24572 silly install resolved     _id: 'safe-buffer@5.1.2',
24572 silly install resolved     _npmVersion: '6.0.0',
24572 silly install resolved     _nodeVersion: '8.11.1',
24572 silly install resolved     _npmUser: { name: 'feross', email: 'feross@feross.org' },
24572 silly install resolved     dist:
24572 silly install resolved      { integrity: 'sha512-Gd2UZBJDkXlY7GbJxfsE8/nvKkUEU1G38c1siN6QP6a9PT9MmHB8GnpscSmMJSoF8LOIrt8ud/wPtojys4G6+g==',
24572 silly install resolved        shasum: '991ec69d296e0313747d59bdfd2b745c35f8828d',
24572 silly install resolved        tarball: 'https://registry.npmjs.org/safe-buffer/-/safe-buffer-5.1.2.tgz',
24572 silly install resolved        fileCount: 5,
24572 silly install resolved        unpackedSize: 31686,
24572 silly install resolved        'npm-signature': '-----BEGIN PGP SIGNATURE-----\r\nVersion: OpenPGP.js v3.0.4\r\nComment: https://openpgpjs.org\r\n\r\nwsFcBAEBCAAQBQJa4OCyCRA9TVsSAnZWagAAwf8QAIlCcf+WlqWgpiGufGgi\n+P81J+YsGVk8haOYIgZX8FTI10RjPKiGN6R11R2B8YMJhxk3kX6O2SO/pl6A\n3tuw9/n+HBQClzobhWovJ6aymO+ozlaxxWADx0DrqKhoDOfpPLoIjaWNS2q2\nh1VxErOXagn/JP11Le89LHqcZs3s1jYyH/cAvA7ygaHvHaDhAiMMimAdz8Ze\n07VKtAM6PSnBYODducjXNTWdqotsRnzmqWEQrV2OQsk8OudJ3+YBZG8szsQ2\nVGrOLeQyj7g+q/WrjFi6I4S+Eg0dYYUg73X3PaAFzGXf7VIjDDNkFjwmtx5u\nUxQ/HczXVzHkcVOfBzbNk4rPTx9o6gr+oDIvWeAgOPYIv1YT5bnMHZ2w7M+8\n4b+SPqVeWHcNfnUhLcHmxim2TWkl0DD+oeYSucsOZ65dJdihMlNiOlVe5XXl\nIPJbfOqNcWCzkibq7pQmTSeM52l8JSekpNZGi3RQQkbrVR+cR3F53VrDzvZe\n3Jqwg7hGlGXyXl5i3TPL0oqD15n/1+wLxZEBVrqM5SeQzvD8l1iDv+3sPViP\ng3msNBtX8NH+Sf4kfCJzHRGestQb0zpVa8wvKeQBBlmpv1kqAgnuPR3k39hI\ncjpqjm2vkmAetW4XnOnCuuMk4SEqejwXh0w1TAHlFLqhywxgSZhH6SJhTbgQ\nKQZ7\r\n=EOr+\r\n-----END PGP SIGNATURE-----\r\n',
24572 silly install resolved        signatures: [Object] },
24572 silly install resolved     maintainers: [ [Object], [Object] ],
24572 silly install resolved     directories: {},
24572 silly install resolved     _npmOperationalInternal:
24572 silly install resolved      { host: 's3://npm-registry-packages',
24572 silly install resolved        tmp: 'tmp/safe-buffer_5.1.2_1524687024555_0.6520279716197115' },
24572 silly install resolved     _hasShrinkwrap: false,
24572 silly install resolved     _shasum: '991ec69d296e0313747d59bdfd2b745c35f8828d',
24572 silly install resolved     _resolved: 'https://registry.npmjs.org/safe-buffer/-/safe-buffer-5.1.2.tgz',
24572 silly install resolved     _from: 'safe-buffer@>=5.1.1 <5.2.0',
24572 silly install resolved     readme: 'ERROR: No README data found!' } ]
24573 info install core-util-is@1.0.3 into C:\chef-master-pro\node_modules\exceljs\node_modules\jszip\node_modules\readable-stream
24574 info install process-nextick-args@2.0.1 into C:\chef-master-pro\node_modules\exceljs\node_modules\jszip\node_modules\readable-stream
24575 info install isarray@1.0.0 into C:\chef-master-pro\node_modules\exceljs\node_modules\jszip\node_modules\readable-stream
24576 info install util-deprecate@1.0.2 into C:\chef-master-pro\node_modules\exceljs\node_modules\jszip\node_modules\readable-stream
24577 info install string_decoder@1.1.1 into C:\chef-master-pro\node_modules\exceljs\node_modules\jszip\node_modules\readable-stream
24578 info install inherits@2.0.4 into C:\chef-master-pro\node_modules\exceljs\node_modules\jszip\node_modules\readable-stream
24579 info install safe-buffer@5.1.2 into C:\chef-master-pro\node_modules\exceljs\node_modules\jszip\node_modules\readable-stream
24580 info installOne core-util-is@1.0.3
24581 verbose installOne of core-util-is to C:\chef-master-pro\node_modules\exceljs\node_modules\jszip\node_modules\readable-stream not in flight; installing
24582 info installOne process-nextick-args@2.0.1
24583 verbose installOne of process-nextick-args to C:\chef-master-pro\node_modules\exceljs\node_modules\jszip\node_modules\readable-stream not in flight; installing
24584 info installOne isarray@1.0.0
24585 verbose installOne of isarray to C:\chef-master-pro\node_modules\exceljs\node_modules\jszip\node_modules\readable-stream not in flight; installing
24586 info installOne util-deprecate@1.0.2
24587 verbose installOne of util-deprecate to C:\chef-master-pro\node_modules\exceljs\node_modules\jszip\node_modules\readable-stream not in flight; installing
24588 info installOne string_decoder@1.1.1
24589 verbose installOne of string_decoder to C:\chef-master-pro\node_modules\exceljs\node_modules\jszip\node_modules\readable-stream not in flight; installing
24590 info installOne inherits@2.0.4
24591 verbose installOne of inherits to C:\chef-master-pro\node_modules\exceljs\node_modules\jszip\node_modules\readable-stream not in flight; installing
24592 info installOne safe-buffer@5.1.2
24593 verbose installOne of safe-buffer to C:\chef-master-pro\node_modules\exceljs\node_modules\jszip\node_modules\readable-stream not in flight; installing
24594 silly gunzTarPerm extractEntry modules/es.array-buffer.transfer-to-fixed-length.js
24595 silly gunzTarPerm modified mode [ 'modules/es.array-buffer.transfer-to-fixed-length.js',
24595 silly gunzTarPerm   420,
24595 silly gunzTarPerm   438 ]
24596 silly gunzTarPerm extractEntry modules/es.array-buffer.transfer.js
24597 silly gunzTarPerm modified mode [ 'modules/es.array-buffer.transfer.js', 420, 438 ]
24598 verbose lock using C:\Users\Carlos García\AppData\Roaming\npm-cache\_locks\process-nextick-args-2e852bb47a2fd578.lock for C:\chef-master-pro\node_modules\exceljs\node_modules\jszip\node_modules\readable-stream\node_modules\process-nextick-args
24599 verbose lock using C:\Users\Carlos García\AppData\Roaming\npm-cache\_locks\core-util-is-705ba1fbd8477932.lock for C:\chef-master-pro\node_modules\exceljs\node_modules\jszip\node_modules\readable-stream\node_modules\core-util-is
24600 verbose lock using C:\Users\Carlos García\AppData\Roaming\npm-cache\_locks\isarray-eebf477979299fca.lock for C:\chef-master-pro\node_modules\exceljs\node_modules\jszip\node_modules\readable-stream\node_modules\isarray
24601 verbose lock using C:\Users\Carlos García\AppData\Roaming\npm-cache\_locks\util-deprecate-a73569392f52861b.lock for C:\chef-master-pro\node_modules\exceljs\node_modules\jszip\node_modules\readable-stream\node_modules\util-deprecate
24602 verbose lock using C:\Users\Carlos García\AppData\Roaming\npm-cache\_locks\string-decoder-a724b8909df030b1.lock for C:\chef-master-pro\node_modules\exceljs\node_modules\jszip\node_modules\readable-stream\node_modules\string_decoder
24603 verbose lock using C:\Users\Carlos García\AppData\Roaming\npm-cache\_locks\inherits-4a6d6dfc221e71d4.lock for C:\chef-master-pro\node_modules\exceljs\node_modules\jszip\node_modules\readable-stream\node_modules\inherits
24604 verbose lock using C:\Users\Carlos García\AppData\Roaming\npm-cache\_locks\safe-buffer-90a6d246e5309518.lock for C:\chef-master-pro\node_modules\exceljs\node_modules\jszip\node_modules\readable-stream\node_modules\safe-buffer
24605 silly install write writing process-nextick-args 2.0.1 to C:\chef-master-pro\node_modules\exceljs\node_modules\jszip\node_modules\readable-stream\node_modules\process-nextick-args
24606 silly cache addNamed cb process-nextick-args@2.0.1
24607 verbose unbuild node_modules\exceljs\node_modules\jszip\node_modules\readable-stream\node_modules\process-nextick-args
24608 silly install write writing core-util-is 1.0.3 to C:\chef-master-pro\node_modules\exceljs\node_modules\jszip\node_modules\readable-stream\node_modules\core-util-is
24609 silly cache addNamed cb core-util-is@1.0.3
24610 verbose unbuild node_modules\exceljs\node_modules\jszip\node_modules\readable-stream\node_modules\core-util-is
24611 silly install write writing isarray 1.0.0 to C:\chef-master-pro\node_modules\exceljs\node_modules\jszip\node_modules\readable-stream\node_modules\isarray
24612 silly cache addNamed cb isarray@1.0.0
24613 verbose unbuild node_modules\exceljs\node_modules\jszip\node_modules\readable-stream\node_modules\isarray
24614 silly install write writing util-deprecate 1.0.2 to C:\chef-master-pro\node_modules\exceljs\node_modules\jszip\node_modules\readable-stream\node_modules\util-deprecate
24615 silly cache addNamed cb util-deprecate@1.0.2
24616 verbose unbuild node_modules\exceljs\node_modules\jszip\node_modules\readable-stream\node_modules\util-deprecate
24617 silly install write writing string_decoder 1.1.1 to C:\chef-master-pro\node_modules\exceljs\node_modules\jszip\node_modules\readable-stream\node_modules\string_decoder
24618 silly cache addNamed cb string_decoder@1.1.1
24619 verbose unbuild node_modules\exceljs\node_modules\jszip\node_modules\readable-stream\node_modules\string_decoder
24620 silly install write writing inherits 2.0.4 to C:\chef-master-pro\node_modules\exceljs\node_modules\jszip\node_modules\readable-stream\node_modules\inherits
24621 silly cache addNamed cb inherits@2.0.4
24622 verbose unbuild node_modules\exceljs\node_modules\jszip\node_modules\readable-stream\node_modules\inherits
24623 silly install write writing safe-buffer 5.1.2 to C:\chef-master-pro\node_modules\exceljs\node_modules\jszip\node_modules\readable-stream\node_modules\safe-buffer
24624 silly cache addNamed cb safe-buffer@5.1.2
24625 verbose unbuild node_modules\exceljs\node_modules\jszip\node_modules\readable-stream\node_modules\safe-buffer
24626 silly gentlyRm C:\chef-master-pro\node_modules\exceljs\node_modules\jszip\node_modules\readable-stream\node_modules\process-nextick-args is being purged from base C:\chef-master-pro
24627 verbose gentlyRm don't care about contents; nuking C:\chef-master-pro\node_modules\exceljs\node_modules\jszip\node_modules\readable-stream\node_modules\process-nextick-args
24628 silly gentlyRm C:\chef-master-pro\node_modules\exceljs\node_modules\jszip\node_modules\readable-stream\node_modules\core-util-is is being purged from base C:\chef-master-pro
24629 verbose gentlyRm don't care about contents; nuking C:\chef-master-pro\node_modules\exceljs\node_modules\jszip\node_modules\readable-stream\node_modules\core-util-is
24630 silly gentlyRm C:\chef-master-pro\node_modules\exceljs\node_modules\jszip\node_modules\readable-stream\node_modules\isarray is being purged from base C:\chef-master-pro
24631 verbose gentlyRm don't care about contents; nuking C:\chef-master-pro\node_modules\exceljs\node_modules\jszip\node_modules\readable-stream\node_modules\isarray
24632 silly gentlyRm C:\chef-master-pro\node_modules\exceljs\node_modules\jszip\node_modules\readable-stream\node_modules\util-deprecate is being purged from base C:\chef-master-pro
24633 verbose gentlyRm don't care about contents; nuking C:\chef-master-pro\node_modules\exceljs\node_modules\jszip\node_modules\readable-stream\node_modules\util-deprecate
24634 silly gentlyRm C:\chef-master-pro\node_modules\exceljs\node_modules\jszip\node_modules\readable-stream\node_modules\string_decoder is being purged from base C:\chef-master-pro
24635 verbose gentlyRm don't care about contents; nuking C:\chef-master-pro\node_modules\exceljs\node_modules\jszip\node_modules\readable-stream\node_modules\string_decoder
24636 silly gentlyRm C:\chef-master-pro\node_modules\exceljs\node_modules\jszip\node_modules\readable-stream\node_modules\inherits is being purged from base C:\chef-master-pro
24637 verbose gentlyRm don't care about contents; nuking C:\chef-master-pro\node_modules\exceljs\node_modules\jszip\node_modules\readable-stream\node_modules\inherits
24638 silly gentlyRm C:\chef-master-pro\node_modules\exceljs\node_modules\jszip\node_modules\readable-stream\node_modules\safe-buffer is being purged from base C:\chef-master-pro
24639 verbose gentlyRm don't care about contents; nuking C:\chef-master-pro\node_modules\exceljs\node_modules\jszip\node_modules\readable-stream\node_modules\safe-buffer
24640 verbose tar unpack C:\Users\Carlos García\AppData\Roaming\npm-cache\process-nextick-args\2.0.1\package.tgz
24641 verbose tar unpacking to C:\chef-master-pro\node_modules\exceljs\node_modules\jszip\node_modules\readable-stream\node_modules\process-nextick-args
24642 silly gentlyRm C:\chef-master-pro\node_modules\exceljs\node_modules\jszip\node_modules\readable-stream\node_modules\process-nextick-args is being purged
24643 verbose gentlyRm don't care about contents; nuking C:\chef-master-pro\node_modules\exceljs\node_modules\jszip\node_modules\readable-stream\node_modules\process-nextick-args
24644 verbose tar unpack C:\Users\Carlos García\AppData\Roaming\npm-cache\core-util-is\1.0.3\package.tgz
24645 verbose tar unpacking to C:\chef-master-pro\node_modules\exceljs\node_modules\jszip\node_modules\readable-stream\node_modules\core-util-is
24646 silly gentlyRm C:\chef-master-pro\node_modules\exceljs\node_modules\jszip\node_modules\readable-stream\node_modules\core-util-is is being purged
24647 verbose gentlyRm don't care about contents; nuking C:\chef-master-pro\node_modules\exceljs\node_modules\jszip\node_modules\readable-stream\node_modules\core-util-is
24648 verbose tar unpack C:\Users\Carlos García\AppData\Roaming\npm-cache\isarray\1.0.0\package.tgz
24649 verbose tar unpacking to C:\chef-master-pro\node_modules\exceljs\node_modules\jszip\node_modules\readable-stream\node_modules\isarray
24650 silly gentlyRm C:\chef-master-pro\node_modules\exceljs\node_modules\jszip\node_modules\readable-stream\node_modules\isarray is being purged
24651 verbose gentlyRm don't care about contents; nuking C:\chef-master-pro\node_modules\exceljs\node_modules\jszip\node_modules\readable-stream\node_modules\isarray
24652 verbose tar unpack C:\Users\Carlos García\AppData\Roaming\npm-cache\util-deprecate\1.0.2\package.tgz
24653 verbose tar unpacking to C:\chef-master-pro\node_modules\exceljs\node_modules\jszip\node_modules\readable-stream\node_modules\util-deprecate
24654 silly gentlyRm C:\chef-master-pro\node_modules\exceljs\node_modules\jszip\node_modules\readable-stream\node_modules\util-deprecate is being purged
24655 verbose gentlyRm don't care about contents; nuking C:\chef-master-pro\node_modules\exceljs\node_modules\jszip\node_modules\readable-stream\node_modules\util-deprecate
24656 verbose tar unpack C:\Users\Carlos García\AppData\Roaming\npm-cache\string_decoder\1.1.1\package.tgz
24657 verbose tar unpacking to C:\chef-master-pro\node_modules\exceljs\node_modules\jszip\node_modules\readable-stream\node_modules\string_decoder
24658 silly gentlyRm C:\chef-master-pro\node_modules\exceljs\node_modules\jszip\node_modules\readable-stream\node_modules\string_decoder is being purged
24659 verbose gentlyRm don't care about contents; nuking C:\chef-master-pro\node_modules\exceljs\node_modules\jszip\node_modules\readable-stream\node_modules\string_decoder
24660 verbose tar unpack C:\Users\Carlos García\AppData\Roaming\npm-cache\inherits\2.0.4\package.tgz
24661 verbose tar unpacking to C:\chef-master-pro\node_modules\exceljs\node_modules\jszip\node_modules\readable-stream\node_modules\inherits
24662 silly gentlyRm C:\chef-master-pro\node_modules\exceljs\node_modules\jszip\node_modules\readable-stream\node_modules\inherits is being purged
24663 verbose gentlyRm don't care about contents; nuking C:\chef-master-pro\node_modules\exceljs\node_modules\jszip\node_modules\readable-stream\node_modules\inherits
24664 verbose tar unpack C:\Users\Carlos García\AppData\Roaming\npm-cache\safe-buffer\5.1.2\package.tgz
24665 verbose tar unpacking to C:\chef-master-pro\node_modules\exceljs\node_modules\jszip\node_modules\readable-stream\node_modules\safe-buffer
24666 silly gentlyRm C:\chef-master-pro\node_modules\exceljs\node_modules\jszip\node_modules\readable-stream\node_modules\safe-buffer is being purged
24667 verbose gentlyRm don't care about contents; nuking C:\chef-master-pro\node_modules\exceljs\node_modules\jszip\node_modules\readable-stream\node_modules\safe-buffer
24668 silly gunzTarPerm modes [ '777', '666' ]
24669 silly gunzTarPerm modes [ '777', '666' ]
24670 silly gunzTarPerm modes [ '777', '666' ]
24671 silly gunzTarPerm modes [ '777', '666' ]
24672 silly gunzTarPerm modes [ '777', '666' ]
24673 silly gunzTarPerm extractEntry modules/es.array.at.js
24674 silly gunzTarPerm modified mode [ 'modules/es.array.at.js', 420, 438 ]
24675 silly gunzTarPerm extractEntry modules/es.array.concat.js
24676 silly gunzTarPerm modified mode [ 'modules/es.array.concat.js', 420, 438 ]
24677 silly gunzTarPerm modes [ '777', '666' ]
24678 silly gunzTarPerm modes [ '777', '666' ]
24679 silly gunzTarPerm extractEntry dist/lib/render/effects.js.map
24680 silly gunzTarPerm modified mode [ 'dist/lib/render/effects.js.map', 420, 438 ]
24681 silly gunzTarPerm extractEntry package.json
24682 silly gunzTarPerm modified mode [ 'package.json', 420, 438 ]
24683 silly gunzTarPerm extractEntry LICENSE
24684 silly gunzTarPerm modified mode [ 'LICENSE', 420, 438 ]
24685 silly gunzTarPerm extractEntry package.json
24686 silly gunzTarPerm modified mode [ 'package.json', 420, 438 ]
24687 silly gunzTarPerm extractEntry package.json
24688 silly gunzTarPerm modified mode [ 'package.json', 420, 438 ]
24689 silly gunzTarPerm extractEntry package.json
24690 silly gunzTarPerm modified mode [ 'package.json', 420, 438 ]
24691 silly gunzTarPerm extractEntry package.json
24692 silly gunzTarPerm modified mode [ 'package.json', 420, 438 ]
24693 silly gunzTarPerm extractEntry package.json
24694 silly gunzTarPerm modified mode [ 'package.json', 420, 438 ]
24695 silly gunzTarPerm extractEntry index.js
24696 silly gunzTarPerm modified mode [ 'index.js', 420, 438 ]
24697 silly gunzTarPerm extractEntry license.md
24698 silly gunzTarPerm modified mode [ 'license.md', 420, 438 ]
24699 silly gunzTarPerm extractEntry .npmignore
24700 silly gunzTarPerm modified mode [ '.npmignore', 420, 438 ]
24701 silly gunzTarPerm extractEntry README.md
24702 silly gunzTarPerm modified mode [ 'README.md', 420, 438 ]
24703 silly gunzTarPerm extractEntry lib/util.js
24704 silly gunzTarPerm modified mode [ 'lib/util.js', 420, 438 ]
24705 silly gunzTarPerm extractEntry package.json
24706 silly gunzTarPerm modified mode [ 'package.json', 420, 438 ]
24707 silly gunzTarPerm extractEntry inherits_browser.js
24708 silly gunzTarPerm modified mode [ 'inherits_browser.js', 420, 438 ]
24709 silly gunzTarPerm extractEntry inherits.js
24710 silly gunzTarPerm modified mode [ 'inherits.js', 420, 438 ]
24711 silly gunzTarPerm extractEntry index.d.ts
24712 silly gunzTarPerm modified mode [ 'index.d.ts', 420, 438 ]
24713 silly gunzTarPerm extractEntry index.js
24714 silly gunzTarPerm modified mode [ 'index.js', 420, 438 ]
24715 silly gunzTarPerm extractEntry README.md
24716 silly gunzTarPerm modified mode [ 'README.md', 420, 438 ]
24717 silly gunzTarPerm extractEntry LICENSE
24718 silly gunzTarPerm modified mode [ 'LICENSE', 420, 438 ]
24719 silly gunzTarPerm extractEntry .travis.yml
24720 silly gunzTarPerm modified mode [ '.travis.yml', 420, 438 ]
24721 silly gunzTarPerm extractEntry LICENSE
24722 silly gunzTarPerm modified mode [ 'LICENSE', 420, 438 ]
24723 silly gunzTarPerm extractEntry readme.md
24724 silly gunzTarPerm modified mode [ 'readme.md', 420, 438 ]
24725 silly gunzTarPerm extractEntry index.js
24726 silly gunzTarPerm modified mode [ 'index.js', 420, 438 ]
24727 silly gunzTarPerm extractEntry test.js
24728 silly gunzTarPerm modified mode [ 'test.js', 420, 438 ]
24729 silly gunzTarPerm extractEntry LICENSE
24730 silly gunzTarPerm modified mode [ 'LICENSE', 420, 438 ]
24731 silly gunzTarPerm extractEntry README.md
24732 silly gunzTarPerm modified mode [ 'README.md', 420, 438 ]
24733 silly gunzTarPerm extractEntry README.md
24734 silly gunzTarPerm modified mode [ 'README.md', 420, 438 ]
24735 silly gunzTarPerm extractEntry browser.js
24736 silly gunzTarPerm modified mode [ 'browser.js', 420, 438 ]
24737 silly gunzTarPerm extractEntry node.js
24738 silly gunzTarPerm modified mode [ 'node.js', 420, 438 ]
24739 silly gunzTarPerm extractEntry LICENSE
24740 silly gunzTarPerm modified mode [ 'LICENSE', 420, 438 ]
24741 silly gunzTarPerm extractEntry README.md
24742 silly gunzTarPerm modified mode [ 'README.md', 420, 438 ]
24743 silly gunzTarPerm extractEntry README.md
24744 silly gunzTarPerm modified mode [ 'README.md', 420, 438 ]
24745 silly gunzTarPerm extractEntry lib/string_decoder.js
24746 silly gunzTarPerm modified mode [ 'lib/string_decoder.js', 420, 438 ]
24747 silly gunzTarPerm extractEntry modules/es.array.copy-within.js
24748 silly gunzTarPerm modified mode [ 'modules/es.array.copy-within.js', 420, 438 ]
24749 silly gunzTarPerm extractEntry modules/es.array.every.js
24750 silly gunzTarPerm modified mode [ 'modules/es.array.every.js', 420, 438 ]
24751 silly gunzTarPerm extractEntry .travis.yml
24752 silly gunzTarPerm modified mode [ '.travis.yml', 420, 438 ]
24753 silly gunzTarPerm extractEntry Makefile
24754 silly gunzTarPerm modified mode [ 'Makefile', 420, 438 ]
24755 silly gunzTarPerm extractEntry History.md
24756 silly gunzTarPerm modified mode [ 'History.md', 420, 438 ]
24757 silly gunzTarPerm extractEntry dist/lib/dom/element-container.js.map
24758 silly gunzTarPerm modified mode [ 'dist/lib/dom/element-container.js.map', 420, 438 ]
24759 silly gunzTarPerm extractEntry component.json
24760 silly gunzTarPerm modified mode [ 'component.json', 420, 438 ]
24761 silly gunzTarPerm extractEntry modules/es.array.fill.js
24762 silly gunzTarPerm modified mode [ 'modules/es.array.fill.js', 420, 438 ]
24763 silly gunzTarPerm extractEntry modules/es.array.filter.js
24764 silly gunzTarPerm modified mode [ 'modules/es.array.filter.js', 420, 438 ]
24765 silly gunzTarPerm extractEntry modules/es.array.find-index.js
24766 silly gunzTarPerm modified mode [ 'modules/es.array.find-index.js', 420, 438 ]
24767 silly gunzTarPerm extractEntry modules/es.array.find-last-index.js
24768 silly gunzTarPerm modified mode [ 'modules/es.array.find-last-index.js', 420, 438 ]
24769 info preinstall process-nextick-args@2.0.1
24770 silly gunzTarPerm extractEntry modules/es.array.find-last.js
24771 silly gunzTarPerm modified mode [ 'modules/es.array.find-last.js', 420, 438 ]
24772 silly gunzTarPerm extractEntry modules/es.array.find.js
24773 silly gunzTarPerm modified mode [ 'modules/es.array.find.js', 420, 438 ]
24774 silly install resolved []
24775 verbose about to build C:\chef-master-pro\node_modules\exceljs\node_modules\jszip\node_modules\readable-stream\node_modules\process-nextick-args
24776 info build C:\chef-master-pro\node_modules\exceljs\node_modules\jszip\node_modules\readable-stream\node_modules\process-nextick-args
24777 verbose linkStuff [ false,
24777 verbose linkStuff   false,
24777 verbose linkStuff   false,
24777 verbose linkStuff   'C:\\chef-master-pro\\node_modules\\exceljs\\node_modules\\jszip\\node_modules\\readable-stream\\node_modules' ]
24778 info linkStuff process-nextick-args@2.0.1
24779 verbose linkBins process-nextick-args@2.0.1
24780 verbose linkMans process-nextick-args@2.0.1
24781 verbose rebuildBundles process-nextick-args@2.0.1
24782 info preinstall core-util-is@1.0.3
24783 info install process-nextick-args@2.0.1
24784 info postinstall process-nextick-args@2.0.1
24785 info preinstall inherits@2.0.4
24786 silly install resolved []
24787 verbose about to build C:\chef-master-pro\node_modules\exceljs\node_modules\jszip\node_modules\readable-stream\node_modules\core-util-is
24788 info build C:\chef-master-pro\node_modules\exceljs\node_modules\jszip\node_modules\readable-stream\node_modules\core-util-is
24789 verbose linkStuff [ false,
24789 verbose linkStuff   false,
24789 verbose linkStuff   false,
24789 verbose linkStuff   'C:\\chef-master-pro\\node_modules\\exceljs\\node_modules\\jszip\\node_modules\\readable-stream\\node_modules' ]
24790 info linkStuff core-util-is@1.0.3
24791 verbose linkBins core-util-is@1.0.3
24792 verbose linkMans core-util-is@1.0.3
24793 verbose rebuildBundles core-util-is@1.0.3
24794 info install core-util-is@1.0.3
24795 verbose unlock done using C:\Users\Carlos García\AppData\Roaming\npm-cache\_locks\process-nextick-args-2e852bb47a2fd578.lock for C:\chef-master-pro\node_modules\exceljs\node_modules\jszip\node_modules\readable-stream\node_modules\process-nextick-args
24796 silly gunzTarPerm extractEntry dist/lib/core/__mocks__/features.js.map
24797 silly gunzTarPerm modified mode [ 'dist/lib/core/__mocks__/features.js.map', 420, 438 ]
24798 silly gunzTarPerm extractEntry dist/lib/core/features.js.map
24799 silly gunzTarPerm modified mode [ 'dist/lib/core/features.js.map', 420, 438 ]
24800 silly gunzTarPerm extractEntry dist/lib/css/property-descriptors/float.js.map
24801 silly gunzTarPerm modified mode [ 'dist/lib/css/property-descriptors/float.js.map', 420, 438 ]
24802 silly gunzTarPerm extractEntry modules/es.array.flat-map.js
24803 silly gunzTarPerm modified mode [ 'modules/es.array.flat-map.js', 420, 438 ]
24804 silly gunzTarPerm extractEntry modules/es.array.flat.js
24805 silly gunzTarPerm modified mode [ 'modules/es.array.flat.js', 420, 438 ]
24806 info postinstall core-util-is@1.0.3
24807 silly install resolved []
24808 verbose about to build C:\chef-master-pro\node_modules\exceljs\node_modules\jszip\node_modules\readable-stream\node_modules\inherits
24809 info build C:\chef-master-pro\node_modules\exceljs\node_modules\jszip\node_modules\readable-stream\node_modules\inherits
24810 verbose linkStuff [ false,
24810 verbose linkStuff   false,
24810 verbose linkStuff   false,
24810 verbose linkStuff   'C:\\chef-master-pro\\node_modules\\exceljs\\node_modules\\jszip\\node_modules\\readable-stream\\node_modules' ]
24811 info linkStuff inherits@2.0.4
24812 verbose linkBins inherits@2.0.4
24813 verbose linkMans inherits@2.0.4
24814 verbose rebuildBundles inherits@2.0.4
24815 info install inherits@2.0.4
24816 verbose unlock done using C:\Users\Carlos García\AppData\Roaming\npm-cache\_locks\core-util-is-705ba1fbd8477932.lock for C:\chef-master-pro\node_modules\exceljs\node_modules\jszip\node_modules\readable-stream\node_modules\core-util-is
24817 info postinstall inherits@2.0.4
24818 verbose unlock done using C:\Users\Carlos García\AppData\Roaming\npm-cache\_locks\inherits-4a6d6dfc221e71d4.lock for C:\chef-master-pro\node_modules\exceljs\node_modules\jszip\node_modules\readable-stream\node_modules\inherits
24819 info preinstall util-deprecate@1.0.2
24820 silly gunzTarPerm extractEntry modules/es.array.for-each.js
24821 silly gunzTarPerm modified mode [ 'modules/es.array.for-each.js', 420, 438 ]
24822 silly gunzTarPerm extractEntry modules/es.array.from-async.js
24823 silly gunzTarPerm modified mode [ 'modules/es.array.from-async.js', 420, 438 ]
24824 silly install resolved []
24825 verbose about to build C:\chef-master-pro\node_modules\exceljs\node_modules\jszip\node_modules\readable-stream\node_modules\util-deprecate
24826 info build C:\chef-master-pro\node_modules\exceljs\node_modules\jszip\node_modules\readable-stream\node_modules\util-deprecate
24827 verbose linkStuff [ false,
24827 verbose linkStuff   false,
24827 verbose linkStuff   false,
24827 verbose linkStuff   'C:\\chef-master-pro\\node_modules\\exceljs\\node_modules\\jszip\\node_modules\\readable-stream\\node_modules' ]
24828 info linkStuff util-deprecate@1.0.2
24829 verbose linkBins util-deprecate@1.0.2
24830 verbose linkMans util-deprecate@1.0.2
24831 verbose rebuildBundles util-deprecate@1.0.2
24832 info install util-deprecate@1.0.2
24833 info preinstall isarray@1.0.0
24834 info postinstall util-deprecate@1.0.2
24835 silly gunzTarPerm extractEntry modules/es.array.from.js
24836 silly gunzTarPerm modified mode [ 'modules/es.array.from.js', 420, 438 ]
24837 silly gunzTarPerm extractEntry modules/es.array.includes.js
24838 silly gunzTarPerm modified mode [ 'modules/es.array.includes.js', 420, 438 ]
24839 verbose unlock done using C:\Users\Carlos García\AppData\Roaming\npm-cache\_locks\util-deprecate-a73569392f52861b.lock for C:\chef-master-pro\node_modules\exceljs\node_modules\jszip\node_modules\readable-stream\node_modules\util-deprecate
24840 silly install resolved []
24841 verbose about to build C:\chef-master-pro\node_modules\exceljs\node_modules\jszip\node_modules\readable-stream\node_modules\isarray
24842 info build C:\chef-master-pro\node_modules\exceljs\node_modules\jszip\node_modules\readable-stream\node_modules\isarray
24843 verbose linkStuff [ false,
24843 verbose linkStuff   false,
24843 verbose linkStuff   false,
24843 verbose linkStuff   'C:\\chef-master-pro\\node_modules\\exceljs\\node_modules\\jszip\\node_modules\\readable-stream\\node_modules' ]
24844 info linkStuff isarray@1.0.0
24845 verbose linkBins isarray@1.0.0
24846 verbose linkMans isarray@1.0.0
24847 verbose rebuildBundles isarray@1.0.0
24848 info preinstall string_decoder@1.1.1
24849 info install isarray@1.0.0
24850 info postinstall isarray@1.0.0
24851 silly install resolved []
24852 verbose about to build C:\chef-master-pro\node_modules\exceljs\node_modules\jszip\node_modules\readable-stream\node_modules\string_decoder
24853 info build C:\chef-master-pro\node_modules\exceljs\node_modules\jszip\node_modules\readable-stream\node_modules\string_decoder
24854 verbose linkStuff [ false,
24854 verbose linkStuff   false,
24854 verbose linkStuff   false,
24854 verbose linkStuff   'C:\\chef-master-pro\\node_modules\\exceljs\\node_modules\\jszip\\node_modules\\readable-stream\\node_modules' ]
24855 info linkStuff string_decoder@1.1.1
24856 verbose linkBins string_decoder@1.1.1
24857 verbose linkMans string_decoder@1.1.1
24858 verbose rebuildBundles string_decoder@1.1.1
24859 silly gunzTarPerm extractEntry modules/es.array.index-of.js
24860 silly gunzTarPerm modified mode [ 'modules/es.array.index-of.js', 420, 438 ]
24861 silly gunzTarPerm extractEntry modules/es.array.is-array.js
24862 silly gunzTarPerm modified mode [ 'modules/es.array.is-array.js', 420, 438 ]
24863 info install string_decoder@1.1.1
24864 verbose unlock done using C:\Users\Carlos García\AppData\Roaming\npm-cache\_locks\isarray-eebf477979299fca.lock for C:\chef-master-pro\node_modules\exceljs\node_modules\jszip\node_modules\readable-stream\node_modules\isarray
24865 info postinstall string_decoder@1.1.1
24866 verbose unlock done using C:\Users\Carlos García\AppData\Roaming\npm-cache\_locks\string-decoder-a724b8909df030b1.lock for C:\chef-master-pro\node_modules\exceljs\node_modules\jszip\node_modules\readable-stream\node_modules\string_decoder
24867 silly gunzTarPerm extractEntry dist/lib/css/property-descriptors/__tests__/font-family.js.map
24868 silly gunzTarPerm modified mode [ 'dist/lib/css/property-descriptors/__tests__/font-family.js.map',
24868 silly gunzTarPerm   420,
24868 silly gunzTarPerm   438 ]
24869 silly gunzTarPerm extractEntry modules/es.array.iterator.js
24870 silly gunzTarPerm modified mode [ 'modules/es.array.iterator.js', 420, 438 ]
24871 silly gunzTarPerm extractEntry modules/es.array.join.js
24872 silly gunzTarPerm modified mode [ 'modules/es.array.join.js', 420, 438 ]
24873 silly gunzTarPerm extractEntry modules/es.array.last-index-of.js
24874 silly gunzTarPerm modified mode [ 'modules/es.array.last-index-of.js', 420, 438 ]
24875 silly gunzTarPerm extractEntry modules/es.array.map.js
24876 silly gunzTarPerm modified mode [ 'modules/es.array.map.js', 420, 438 ]
24877 silly gunzTarPerm extractEntry modules/es.array.of.js
24878 silly gunzTarPerm modified mode [ 'modules/es.array.of.js', 420, 438 ]
24879 silly gunzTarPerm extractEntry modules/es.array.push.js
24880 silly gunzTarPerm modified mode [ 'modules/es.array.push.js', 420, 438 ]
24881 silly gunzTarPerm extractEntry modules/es.array.reduce-right.js
24882 silly gunzTarPerm modified mode [ 'modules/es.array.reduce-right.js', 420, 438 ]
24883 silly gunzTarPerm extractEntry modules/es.array.reduce.js
24884 silly gunzTarPerm modified mode [ 'modules/es.array.reduce.js', 420, 438 ]
24885 silly gunzTarPerm extractEntry dist/lib/css/property-descriptors/font-family.js.map
24886 silly gunzTarPerm modified mode [ 'dist/lib/css/property-descriptors/font-family.js.map',
24886 silly gunzTarPerm   420,
24886 silly gunzTarPerm   438 ]
24887 silly gunzTarPerm extractEntry modules/es.array.reverse.js
24888 silly gunzTarPerm modified mode [ 'modules/es.array.reverse.js', 420, 438 ]
24889 silly gunzTarPerm extractEntry modules/es.array.slice.js
24890 silly gunzTarPerm modified mode [ 'modules/es.array.slice.js', 420, 438 ]
24891 silly gunzTarPerm extractEntry modules/es.array.some.js
24892 silly gunzTarPerm modified mode [ 'modules/es.array.some.js', 420, 438 ]
24893 silly gunzTarPerm extractEntry modules/es.array.sort.js
24894 silly gunzTarPerm modified mode [ 'modules/es.array.sort.js', 420, 438 ]
24895 silly gunzTarPerm extractEntry modules/es.array.species.js
24896 silly gunzTarPerm modified mode [ 'modules/es.array.species.js', 420, 438 ]
24897 silly gunzTarPerm extractEntry modules/es.array.splice.js
24898 silly gunzTarPerm modified mode [ 'modules/es.array.splice.js', 420, 438 ]
24899 info preinstall async@3.2.6
24900 info preinstall safe-buffer@5.1.2
24901 silly install resolved []
24902 verbose about to build C:\chef-master-pro\node_modules\exceljs\node_modules\archiver\node_modules\async
24903 info build C:\chef-master-pro\node_modules\exceljs\node_modules\archiver\node_modules\async
24904 verbose linkStuff [ false,
24904 verbose linkStuff   false,
24904 verbose linkStuff   false,
24904 verbose linkStuff   'C:\\chef-master-pro\\node_modules\\exceljs\\node_modules\\archiver\\node_modules' ]
24905 info linkStuff async@3.2.6
24906 verbose linkBins async@3.2.6
24907 verbose linkMans async@3.2.6
24908 verbose rebuildBundles async@3.2.6
24909 silly gunzTarPerm extractEntry dist/lib/render/font-metrics.js.map
24910 silly gunzTarPerm modified mode [ 'dist/lib/render/font-metrics.js.map', 420, 438 ]
24911 info install async@3.2.6
24912 silly install resolved []
24913 verbose about to build C:\chef-master-pro\node_modules\exceljs\node_modules\jszip\node_modules\readable-stream\node_modules\safe-buffer
24914 info build C:\chef-master-pro\node_modules\exceljs\node_modules\jszip\node_modules\readable-stream\node_modules\safe-buffer
24915 verbose linkStuff [ false,
24915 verbose linkStuff   false,
24915 verbose linkStuff   false,
24915 verbose linkStuff   'C:\\chef-master-pro\\node_modules\\exceljs\\node_modules\\jszip\\node_modules\\readable-stream\\node_modules' ]
24916 info linkStuff safe-buffer@5.1.2
24917 verbose linkBins safe-buffer@5.1.2
24918 verbose linkMans safe-buffer@5.1.2
24919 verbose rebuildBundles safe-buffer@5.1.2
24920 silly gunzTarPerm extractEntry modules/es.array.to-reversed.js
24921 silly gunzTarPerm modified mode [ 'modules/es.array.to-reversed.js', 420, 438 ]
24922 silly gunzTarPerm extractEntry modules/es.array.to-sorted.js
24923 silly gunzTarPerm modified mode [ 'modules/es.array.to-sorted.js', 420, 438 ]
24924 info install safe-buffer@5.1.2
24925 info postinstall async@3.2.6
24926 info postinstall safe-buffer@5.1.2
24927 verbose unlock done using C:\Users\Carlos García\AppData\Roaming\npm-cache\_locks\async-bdf204a77cc44301.lock for C:\chef-master-pro\node_modules\exceljs\node_modules\archiver\node_modules\async
24928 verbose about to build C:\chef-master-pro\node_modules\exceljs\node_modules\archiver
24929 info build C:\chef-master-pro\node_modules\exceljs\node_modules\archiver
24930 verbose linkStuff [ false,
24930 verbose linkStuff   false,
24930 verbose linkStuff   false,
24930 verbose linkStuff   'C:\\chef-master-pro\\node_modules\\exceljs\\node_modules' ]
24931 info linkStuff archiver@5.3.2
24932 verbose linkBins archiver@5.3.2
24933 verbose linkMans archiver@5.3.2
24934 verbose rebuildBundles archiver@5.3.2
24935 verbose rebuildBundles [ 'archiver-utils',
24935 verbose rebuildBundles   'async',
24935 verbose rebuildBundles   'buffer-crc32',
24935 verbose rebuildBundles   'readdir-glob',
24935 verbose rebuildBundles   'tar-stream',
24935 verbose rebuildBundles   'zip-stream' ]
24936 info install archiver@5.3.2
24937 verbose unlock done using C:\Users\Carlos García\AppData\Roaming\npm-cache\_locks\safe-buffer-90a6d246e5309518.lock for C:\chef-master-pro\node_modules\exceljs\node_modules\jszip\node_modules\readable-stream\node_modules\safe-buffer
24938 verbose about to build C:\chef-master-pro\node_modules\exceljs\node_modules\jszip\node_modules\readable-stream
24939 info build C:\chef-master-pro\node_modules\exceljs\node_modules\jszip\node_modules\readable-stream
24940 verbose linkStuff [ false,
24940 verbose linkStuff   false,
24940 verbose linkStuff   false,
24940 verbose linkStuff   'C:\\chef-master-pro\\node_modules\\exceljs\\node_modules\\jszip\\node_modules' ]
24941 info linkStuff readable-stream@2.3.8
24942 verbose linkBins readable-stream@2.3.8
24943 verbose linkMans readable-stream@2.3.8
24944 verbose rebuildBundles readable-stream@2.3.8
24945 verbose rebuildBundles [ 'core-util-is',
24945 verbose rebuildBundles   'inherits',
24945 verbose rebuildBundles   'isarray',
24945 verbose rebuildBundles   'process-nextick-args',
24945 verbose rebuildBundles   'safe-buffer',
24945 verbose rebuildBundles   'string_decoder',
24945 verbose rebuildBundles   'util-deprecate' ]
24946 info install readable-stream@2.3.8
24947 silly gunzTarPerm extractEntry modules/es.array.to-spliced.js
24948 silly gunzTarPerm modified mode [ 'modules/es.array.to-spliced.js', 420, 438 ]
24949 silly gunzTarPerm extractEntry modules/es.array.unscopables.flat-map.js
24950 silly gunzTarPerm modified mode [ 'modules/es.array.unscopables.flat-map.js', 420, 438 ]
24951 info postinstall archiver@5.3.2
24952 info postinstall readable-stream@2.3.8
24953 verbose unlock done using C:\Users\Carlos García\AppData\Roaming\npm-cache\_locks\archiver-d44a29b979729fc6.lock for C:\chef-master-pro\node_modules\exceljs\node_modules\archiver
24954 verbose unlock done using C:\Users\Carlos García\AppData\Roaming\npm-cache\_locks\readable-stream-a1e2b72b4d433aa7.lock for C:\chef-master-pro\node_modules\exceljs\node_modules\jszip\node_modules\readable-stream
24955 silly gunzTarPerm extractEntry modules/es.array.unscopables.flat.js
24956 silly gunzTarPerm modified mode [ 'modules/es.array.unscopables.flat.js', 420, 438 ]
24957 silly gunzTarPerm extractEntry modules/es.array.unshift.js
24958 silly gunzTarPerm modified mode [ 'modules/es.array.unshift.js', 420, 438 ]
24959 silly gunzTarPerm extractEntry dist/lib/css/property-descriptors/font-size.js.map
24960 silly gunzTarPerm modified mode [ 'dist/lib/css/property-descriptors/font-size.js.map',
24960 silly gunzTarPerm   420,
24960 silly gunzTarPerm   438 ]
24961 silly gunzTarPerm extractEntry modules/es.array.with.js
24962 silly gunzTarPerm modified mode [ 'modules/es.array.with.js', 420, 438 ]
24963 silly gunzTarPerm extractEntry modules/es.async-disposable-stack.constructor.js
24964 silly gunzTarPerm modified mode [ 'modules/es.async-disposable-stack.constructor.js', 420, 438 ]
24965 silly gunzTarPerm extractEntry modules/es.async-iterator.async-dispose.js
24966 silly gunzTarPerm modified mode [ 'modules/es.async-iterator.async-dispose.js', 420, 438 ]
24967 silly gunzTarPerm extractEntry modules/es.data-view.constructor.js
24968 silly gunzTarPerm modified mode [ 'modules/es.data-view.constructor.js', 420, 438 ]
24969 silly gunzTarPerm extractEntry modules/es.data-view.get-float16.js
24970 silly gunzTarPerm modified mode [ 'modules/es.data-view.get-float16.js', 420, 438 ]
24971 silly gunzTarPerm extractEntry modules/es.data-view.js
24972 silly gunzTarPerm modified mode [ 'modules/es.data-view.js', 420, 438 ]
24973 silly gunzTarPerm extractEntry modules/es.data-view.set-float16.js
24974 silly gunzTarPerm modified mode [ 'modules/es.data-view.set-float16.js', 420, 438 ]
24975 silly gunzTarPerm extractEntry modules/es.date.get-year.js
24976 silly gunzTarPerm modified mode [ 'modules/es.date.get-year.js', 420, 438 ]
24977 silly gunzTarPerm extractEntry dist/lib/css/property-descriptors/font-style.js.map
24978 silly gunzTarPerm modified mode [ 'dist/lib/css/property-descriptors/font-style.js.map',
24978 silly gunzTarPerm   420,
24978 silly gunzTarPerm   438 ]
24979 silly gunzTarPerm extractEntry modules/es.date.now.js
24980 silly gunzTarPerm modified mode [ 'modules/es.date.now.js', 420, 438 ]
24981 silly gunzTarPerm extractEntry modules/es.date.set-year.js
24982 silly gunzTarPerm modified mode [ 'modules/es.date.set-year.js', 420, 438 ]
24983 silly gunzTarPerm extractEntry modules/es.date.to-gmt-string.js
24984 silly gunzTarPerm modified mode [ 'modules/es.date.to-gmt-string.js', 420, 438 ]
24985 silly gunzTarPerm extractEntry modules/es.date.to-iso-string.js
24986 silly gunzTarPerm modified mode [ 'modules/es.date.to-iso-string.js', 420, 438 ]
24987 silly gunzTarPerm extractEntry modules/es.date.to-json.js
24988 silly gunzTarPerm modified mode [ 'modules/es.date.to-json.js', 420, 438 ]
24989 silly gunzTarPerm extractEntry modules/es.date.to-primitive.js
24990 silly gunzTarPerm modified mode [ 'modules/es.date.to-primitive.js', 420, 438 ]
24991 silly gunzTarPerm extractEntry modules/es.date.to-string.js
24992 silly gunzTarPerm modified mode [ 'modules/es.date.to-string.js', 420, 438 ]
24993 silly gunzTarPerm extractEntry modules/es.disposable-stack.constructor.js
24994 silly gunzTarPerm modified mode [ 'modules/es.disposable-stack.constructor.js', 420, 438 ]
24995 silly gunzTarPerm extractEntry modules/es.error.cause.js
24996 silly gunzTarPerm modified mode [ 'modules/es.error.cause.js', 420, 438 ]
24997 silly gunzTarPerm extractEntry modules/es.error.is-error.js
24998 silly gunzTarPerm modified mode [ 'modules/es.error.is-error.js', 420, 438 ]
24999 silly gunzTarPerm extractEntry dist/lib/css/property-descriptors/font-variant.js.map
25000 silly gunzTarPerm modified mode [ 'dist/lib/css/property-descriptors/font-variant.js.map',
25000 silly gunzTarPerm   420,
25000 silly gunzTarPerm   438 ]
25001 silly gunzTarPerm extractEntry modules/es.error.to-string.js
25002 silly gunzTarPerm modified mode [ 'modules/es.error.to-string.js', 420, 438 ]
25003 silly gunzTarPerm extractEntry modules/es.escape.js
25004 silly gunzTarPerm modified mode [ 'modules/es.escape.js', 420, 438 ]
25005 silly gunzTarPerm extractEntry modules/es.function.bind.js
25006 silly gunzTarPerm modified mode [ 'modules/es.function.bind.js', 420, 438 ]
25007 silly gunzTarPerm extractEntry modules/es.function.has-instance.js
25008 silly gunzTarPerm modified mode [ 'modules/es.function.has-instance.js', 420, 438 ]
25009 silly gunzTarPerm extractEntry modules/es.function.name.js
25010 silly gunzTarPerm modified mode [ 'modules/es.function.name.js', 420, 438 ]
25011 silly gunzTarPerm extractEntry modules/es.global-this.js
25012 silly gunzTarPerm modified mode [ 'modules/es.global-this.js', 420, 438 ]
25013 silly gunzTarPerm extractEntry modules/es.iterator.concat.js
25014 silly gunzTarPerm modified mode [ 'modules/es.iterator.concat.js', 420, 438 ]
25015 silly gunzTarPerm extractEntry modules/es.iterator.constructor.js
25016 silly gunzTarPerm modified mode [ 'modules/es.iterator.constructor.js', 420, 438 ]
25017 silly gunzTarPerm extractEntry dist/lib/css/property-descriptors/font-weight.js.map
25018 silly gunzTarPerm modified mode [ 'dist/lib/css/property-descriptors/font-weight.js.map',
25018 silly gunzTarPerm   420,
25018 silly gunzTarPerm   438 ]
25019 silly gunzTarPerm extractEntry modules/es.iterator.dispose.js
25020 silly gunzTarPerm modified mode [ 'modules/es.iterator.dispose.js', 420, 438 ]
25021 silly gunzTarPerm extractEntry modules/es.iterator.drop.js
25022 silly gunzTarPerm modified mode [ 'modules/es.iterator.drop.js', 420, 438 ]
25023 silly gunzTarPerm extractEntry modules/es.iterator.every.js
25024 silly gunzTarPerm modified mode [ 'modules/es.iterator.every.js', 420, 438 ]
25025 silly gunzTarPerm extractEntry modules/es.iterator.filter.js
25026 silly gunzTarPerm modified mode [ 'modules/es.iterator.filter.js', 420, 438 ]
25027 silly gunzTarPerm extractEntry modules/es.iterator.find.js
25028 silly gunzTarPerm modified mode [ 'modules/es.iterator.find.js', 420, 438 ]
25029 silly gunzTarPerm extractEntry modules/es.iterator.flat-map.js
25030 silly gunzTarPerm modified mode [ 'modules/es.iterator.flat-map.js', 420, 438 ]
25031 silly gunzTarPerm extractEntry modules/es.iterator.for-each.js
25032 silly gunzTarPerm modified mode [ 'modules/es.iterator.for-each.js', 420, 438 ]
25033 silly gunzTarPerm extractEntry modules/es.iterator.from.js
25034 silly gunzTarPerm modified mode [ 'modules/es.iterator.from.js', 420, 438 ]
25035 silly gunzTarPerm extractEntry dist/lib/render/canvas/foreignobject-renderer.js.map
25036 silly gunzTarPerm modified mode [ 'dist/lib/render/canvas/foreignobject-renderer.js.map',
25036 silly gunzTarPerm   420,
25036 silly gunzTarPerm   438 ]
25037 silly gunzTarPerm extractEntry modules/es.iterator.map.js
25038 silly gunzTarPerm modified mode [ 'modules/es.iterator.map.js', 420, 438 ]
25039 silly gunzTarPerm extractEntry modules/es.iterator.reduce.js
25040 silly gunzTarPerm modified mode [ 'modules/es.iterator.reduce.js', 420, 438 ]
25041 silly gunzTarPerm extractEntry modules/es.iterator.some.js
25042 silly gunzTarPerm modified mode [ 'modules/es.iterator.some.js', 420, 438 ]
25043 silly gunzTarPerm extractEntry modules/es.iterator.take.js
25044 silly gunzTarPerm modified mode [ 'modules/es.iterator.take.js', 420, 438 ]
25045 silly gunzTarPerm extractEntry modules/es.iterator.to-array.js
25046 silly gunzTarPerm modified mode [ 'modules/es.iterator.to-array.js', 420, 438 ]
25047 silly gunzTarPerm extractEntry dist/lib/css/types/functions/gradient.js.map
25048 silly gunzTarPerm modified mode [ 'dist/lib/css/types/functions/gradient.js.map', 420, 438 ]
25049 silly gunzTarPerm extractEntry modules/es.json.is-raw-json.js
25050 silly gunzTarPerm modified mode [ 'modules/es.json.is-raw-json.js', 420, 438 ]
25051 silly gunzTarPerm extractEntry modules/es.json.parse.js
25052 silly gunzTarPerm modified mode [ 'modules/es.json.parse.js', 420, 438 ]
25053 silly gunzTarPerm extractEntry modules/es.json.raw-json.js
25054 silly gunzTarPerm modified mode [ 'modules/es.json.raw-json.js', 420, 438 ]
25055 silly gunzTarPerm extractEntry modules/es.json.stringify.js
25056 silly gunzTarPerm modified mode [ 'modules/es.json.stringify.js', 420, 438 ]
25057 silly gunzTarPerm extractEntry modules/es.json.to-string-tag.js
25058 silly gunzTarPerm modified mode [ 'modules/es.json.to-string-tag.js', 420, 438 ]
25059 silly gunzTarPerm extractEntry modules/es.map.constructor.js
25060 silly gunzTarPerm modified mode [ 'modules/es.map.constructor.js', 420, 438 ]
25061 silly gunzTarPerm extractEntry modules/es.map.get-or-insert-computed.js
25062 silly gunzTarPerm modified mode [ 'modules/es.map.get-or-insert-computed.js', 420, 438 ]
25063 silly gunzTarPerm extractEntry modules/es.map.get-or-insert.js
25064 silly gunzTarPerm modified mode [ 'modules/es.map.get-or-insert.js', 420, 438 ]
25065 silly gunzTarPerm extractEntry dist/html2canvas.esm.js.map
25066 silly gunzTarPerm modified mode [ 'dist/html2canvas.esm.js.map', 420, 438 ]
25067 silly gunzTarPerm extractEntry modules/es.map.group-by.js
25068 silly gunzTarPerm modified mode [ 'modules/es.map.group-by.js', 420, 438 ]
25069 silly gunzTarPerm extractEntry modules/es.map.js
25070 silly gunzTarPerm modified mode [ 'modules/es.map.js', 420, 438 ]
25071 silly gunzTarPerm extractEntry modules/es.math.acosh.js
25072 silly gunzTarPerm modified mode [ 'modules/es.math.acosh.js', 420, 438 ]
25073 silly gunzTarPerm extractEntry modules/es.math.asinh.js
25074 silly gunzTarPerm modified mode [ 'modules/es.math.asinh.js', 420, 438 ]
25075 silly gunzTarPerm extractEntry modules/es.math.atanh.js
25076 silly gunzTarPerm modified mode [ 'modules/es.math.atanh.js', 420, 438 ]
25077 silly gunzTarPerm extractEntry modules/es.math.cbrt.js
25078 silly gunzTarPerm modified mode [ 'modules/es.math.cbrt.js', 420, 438 ]
25079 silly gunzTarPerm extractEntry modules/es.math.clz32.js
25080 silly gunzTarPerm modified mode [ 'modules/es.math.clz32.js', 420, 438 ]
25081 silly gunzTarPerm extractEntry modules/es.math.cosh.js
25082 silly gunzTarPerm modified mode [ 'modules/es.math.cosh.js', 420, 438 ]
25083 silly gunzTarPerm extractEntry modules/es.math.expm1.js
25084 silly gunzTarPerm modified mode [ 'modules/es.math.expm1.js', 420, 438 ]
25085 silly gunzTarPerm extractEntry modules/es.math.f16round.js
25086 silly gunzTarPerm modified mode [ 'modules/es.math.f16round.js', 420, 438 ]
25087 silly gunzTarPerm extractEntry modules/es.math.fround.js
25088 silly gunzTarPerm modified mode [ 'modules/es.math.fround.js', 420, 438 ]
25089 silly gunzTarPerm extractEntry modules/es.math.hypot.js
25090 silly gunzTarPerm modified mode [ 'modules/es.math.hypot.js', 420, 438 ]
25091 silly gunzTarPerm extractEntry modules/es.math.imul.js
25092 silly gunzTarPerm modified mode [ 'modules/es.math.imul.js', 420, 438 ]
25093 silly gunzTarPerm extractEntry modules/es.math.log10.js
25094 silly gunzTarPerm modified mode [ 'modules/es.math.log10.js', 420, 438 ]
25095 silly gunzTarPerm extractEntry dist/html2canvas.js.map
25096 silly gunzTarPerm modified mode [ 'dist/html2canvas.js.map', 420, 438 ]
25097 silly gunzTarPerm extractEntry modules/es.math.log1p.js
25098 silly gunzTarPerm modified mode [ 'modules/es.math.log1p.js', 420, 438 ]
25099 silly gunzTarPerm extractEntry modules/es.math.log2.js
25100 silly gunzTarPerm modified mode [ 'modules/es.math.log2.js', 420, 438 ]
25101 silly gunzTarPerm extractEntry modules/es.math.sign.js
25102 silly gunzTarPerm modified mode [ 'modules/es.math.sign.js', 420, 438 ]
25103 silly gunzTarPerm extractEntry modules/es.math.sinh.js
25104 silly gunzTarPerm modified mode [ 'modules/es.math.sinh.js', 420, 438 ]
25105 silly gunzTarPerm extractEntry modules/es.math.sum-precise.js
25106 silly gunzTarPerm modified mode [ 'modules/es.math.sum-precise.js', 420, 438 ]
25107 silly gunzTarPerm extractEntry modules/es.math.tanh.js
25108 silly gunzTarPerm modified mode [ 'modules/es.math.tanh.js', 420, 438 ]
25109 silly gunzTarPerm extractEntry modules/es.math.to-string-tag.js
25110 silly gunzTarPerm modified mode [ 'modules/es.math.to-string-tag.js', 420, 438 ]
25111 silly gunzTarPerm extractEntry modules/es.math.trunc.js
25112 silly gunzTarPerm modified mode [ 'modules/es.math.trunc.js', 420, 438 ]
25113 silly gunzTarPerm extractEntry modules/es.number.constructor.js
25114 silly gunzTarPerm modified mode [ 'modules/es.number.constructor.js', 420, 438 ]
25115 silly gunzTarPerm extractEntry modules/es.number.epsilon.js
25116 silly gunzTarPerm modified mode [ 'modules/es.number.epsilon.js', 420, 438 ]
25117 silly gunzTarPerm extractEntry dist/lib/dom/replaced-elements/iframe-element-container.js.map
25118 silly gunzTarPerm modified mode [ 'dist/lib/dom/replaced-elements/iframe-element-container.js.map',
25118 silly gunzTarPerm   420,
25118 silly gunzTarPerm   438 ]
25119 silly gunzTarPerm extractEntry modules/es.number.is-finite.js
25120 silly gunzTarPerm modified mode [ 'modules/es.number.is-finite.js', 420, 438 ]
25121 silly gunzTarPerm extractEntry modules/es.number.is-integer.js
25122 silly gunzTarPerm modified mode [ 'modules/es.number.is-integer.js', 420, 438 ]
25123 silly gunzTarPerm extractEntry modules/es.number.is-nan.js
25124 silly gunzTarPerm modified mode [ 'modules/es.number.is-nan.js', 420, 438 ]
25125 silly gunzTarPerm extractEntry modules/es.number.is-safe-integer.js
25126 silly gunzTarPerm modified mode [ 'modules/es.number.is-safe-integer.js', 420, 438 ]
25127 silly gunzTarPerm extractEntry dist/lib/dom/replaced-elements/image-element-container.js.map
25128 silly gunzTarPerm modified mode [ 'dist/lib/dom/replaced-elements/image-element-container.js.map',
25128 silly gunzTarPerm   420,
25128 silly gunzTarPerm   438 ]
25129 silly gunzTarPerm extractEntry dist/lib/css/types/__tests__/image-tests.js.map
25130 silly gunzTarPerm modified mode [ 'dist/lib/css/types/__tests__/image-tests.js.map', 420, 438 ]
25131 silly gunzTarPerm extractEntry modules/es.number.max-safe-integer.js
25132 silly gunzTarPerm modified mode [ 'modules/es.number.max-safe-integer.js', 420, 438 ]
25133 silly gunzTarPerm extractEntry modules/es.number.min-safe-integer.js
25134 silly gunzTarPerm modified mode [ 'modules/es.number.min-safe-integer.js', 420, 438 ]
25135 silly gunzTarPerm extractEntry modules/es.number.parse-float.js
25136 silly gunzTarPerm modified mode [ 'modules/es.number.parse-float.js', 420, 438 ]
25137 silly gunzTarPerm extractEntry modules/es.number.parse-int.js
25138 silly gunzTarPerm modified mode [ 'modules/es.number.parse-int.js', 420, 438 ]
25139 silly gunzTarPerm extractEntry dist/lib/css/types/image.js.map
25140 silly gunzTarPerm modified mode [ 'dist/lib/css/types/image.js.map', 420, 438 ]
25141 silly gunzTarPerm extractEntry dist/lib/__tests__/index.js.map
25142 silly gunzTarPerm modified mode [ 'dist/lib/__tests__/index.js.map', 420, 438 ]
25143 silly gunzTarPerm extractEntry modules/es.number.to-exponential.js
25144 silly gunzTarPerm modified mode [ 'modules/es.number.to-exponential.js', 420, 438 ]
25145 silly gunzTarPerm extractEntry modules/es.number.to-fixed.js
25146 silly gunzTarPerm modified mode [ 'modules/es.number.to-fixed.js', 420, 438 ]
25147 silly gunzTarPerm extractEntry modules/es.number.to-precision.js
25148 silly gunzTarPerm modified mode [ 'modules/es.number.to-precision.js', 420, 438 ]
25149 silly gunzTarPerm extractEntry modules/es.object.assign.js
25150 silly gunzTarPerm modified mode [ 'modules/es.object.assign.js', 420, 438 ]
25151 silly gunzTarPerm extractEntry modules/es.object.create.js
25152 silly gunzTarPerm modified mode [ 'modules/es.object.create.js', 420, 438 ]
25153 silly gunzTarPerm extractEntry modules/es.object.define-getter.js
25154 silly gunzTarPerm modified mode [ 'modules/es.object.define-getter.js', 420, 438 ]
25155 silly gunzTarPerm extractEntry dist/lib/css/index.js.map
25156 silly gunzTarPerm modified mode [ 'dist/lib/css/index.js.map', 420, 438 ]
25157 silly gunzTarPerm extractEntry dist/lib/css/types/index.js.map
25158 silly gunzTarPerm modified mode [ 'dist/lib/css/types/index.js.map', 420, 438 ]
25159 silly gunzTarPerm extractEntry modules/es.object.define-properties.js
25160 silly gunzTarPerm modified mode [ 'modules/es.object.define-properties.js', 420, 438 ]
25161 silly gunzTarPerm extractEntry modules/es.object.define-property.js
25162 silly gunzTarPerm modified mode [ 'modules/es.object.define-property.js', 420, 438 ]
25163 silly gunzTarPerm extractEntry modules/es.object.define-setter.js
25164 silly gunzTarPerm modified mode [ 'modules/es.object.define-setter.js', 420, 438 ]
25165 silly gunzTarPerm extractEntry modules/es.object.entries.js
25166 silly gunzTarPerm modified mode [ 'modules/es.object.entries.js', 420, 438 ]
25167 silly gunzTarPerm extractEntry modules/es.object.freeze.js
25168 silly gunzTarPerm modified mode [ 'modules/es.object.freeze.js', 420, 438 ]
25169 silly gunzTarPerm extractEntry modules/es.object.from-entries.js
25170 silly gunzTarPerm modified mode [ 'modules/es.object.from-entries.js', 420, 438 ]
25171 silly gunzTarPerm extractEntry modules/es.object.get-own-property-descriptor.js
25172 silly gunzTarPerm modified mode [ 'modules/es.object.get-own-property-descriptor.js', 420, 438 ]
25173 silly gunzTarPerm extractEntry modules/es.object.get-own-property-descriptors.js
25174 silly gunzTarPerm modified mode [ 'modules/es.object.get-own-property-descriptors.js', 420, 438 ]
25175 silly gunzTarPerm extractEntry dist/lib/dom/replaced-elements/index.js.map
25176 silly gunzTarPerm modified mode [ 'dist/lib/dom/replaced-elements/index.js.map', 420, 438 ]
25177 silly gunzTarPerm extractEntry dist/lib/index.js.map
25178 silly gunzTarPerm modified mode [ 'dist/lib/index.js.map', 420, 438 ]
25179 silly gunzTarPerm extractEntry modules/es.object.get-own-property-names.js
25180 silly gunzTarPerm modified mode [ 'modules/es.object.get-own-property-names.js', 420, 438 ]
25181 silly gunzTarPerm extractEntry modules/es.object.get-own-property-symbols.js
25182 silly gunzTarPerm modified mode [ 'modules/es.object.get-own-property-symbols.js', 420, 438 ]
25183 silly gunzTarPerm extractEntry dist/lib/dom/replaced-elements/input-element-container.js.map
25184 silly gunzTarPerm modified mode [ 'dist/lib/dom/replaced-elements/input-element-container.js.map',
25184 silly gunzTarPerm   420,
25184 silly gunzTarPerm   438 ]
25185 silly gunzTarPerm extractEntry dist/lib/invariant.js.map
25186 silly gunzTarPerm modified mode [ 'dist/lib/invariant.js.map', 420, 438 ]
25187 silly gunzTarPerm extractEntry modules/es.object.get-prototype-of.js
25188 silly gunzTarPerm modified mode [ 'modules/es.object.get-prototype-of.js', 420, 438 ]
25189 silly gunzTarPerm extractEntry modules/es.object.group-by.js
25190 silly gunzTarPerm modified mode [ 'modules/es.object.group-by.js', 420, 438 ]
25191 silly gunzTarPerm extractEntry dist/lib/css/IPropertyDescriptor.js.map
25192 silly gunzTarPerm modified mode [ 'dist/lib/css/IPropertyDescriptor.js.map', 420, 438 ]
25193 silly gunzTarPerm extractEntry dist/lib/css/ITypeDescriptor.js.map
25194 silly gunzTarPerm modified mode [ 'dist/lib/css/ITypeDescriptor.js.map', 420, 438 ]
25195 silly gunzTarPerm extractEntry modules/es.object.has-own.js
25196 silly gunzTarPerm modified mode [ 'modules/es.object.has-own.js', 420, 438 ]
25197 silly gunzTarPerm extractEntry modules/es.object.is-extensible.js
25198 silly gunzTarPerm modified mode [ 'modules/es.object.is-extensible.js', 420, 438 ]
25199 silly gunzTarPerm extractEntry modules/es.object.is-frozen.js
25200 silly gunzTarPerm modified mode [ 'modules/es.object.is-frozen.js', 420, 438 ]
25201 silly gunzTarPerm extractEntry modules/es.object.is-sealed.js
25202 silly gunzTarPerm modified mode [ 'modules/es.object.is-sealed.js', 420, 438 ]
25203 silly gunzTarPerm extractEntry modules/es.object.is.js
25204 silly gunzTarPerm modified mode [ 'modules/es.object.is.js', 420, 438 ]
25205 silly gunzTarPerm extractEntry modules/es.object.keys.js
25206 silly gunzTarPerm modified mode [ 'modules/es.object.keys.js', 420, 438 ]
25207 silly gunzTarPerm extractEntry dist/lib/css/types/length-percentage.js.map
25208 silly gunzTarPerm modified mode [ 'dist/lib/css/types/length-percentage.js.map', 420, 438 ]
25209 silly gunzTarPerm extractEntry dist/lib/css/types/length.js.map
25210 silly gunzTarPerm modified mode [ 'dist/lib/css/types/length.js.map', 420, 438 ]
25211 silly gunzTarPerm extractEntry modules/es.object.lookup-getter.js
25212 silly gunzTarPerm modified mode [ 'modules/es.object.lookup-getter.js', 420, 438 ]
25213 silly gunzTarPerm extractEntry modules/es.object.lookup-setter.js
25214 silly gunzTarPerm modified mode [ 'modules/es.object.lookup-setter.js', 420, 438 ]
25215 silly gunzTarPerm extractEntry modules/es.object.prevent-extensions.js
25216 silly gunzTarPerm modified mode [ 'modules/es.object.prevent-extensions.js', 420, 438 ]
25217 silly gunzTarPerm extractEntry modules/es.object.proto.js
25218 silly gunzTarPerm modified mode [ 'modules/es.object.proto.js', 420, 438 ]
25219 silly gunzTarPerm extractEntry dist/lib/css/property-descriptors/letter-spacing.js.map
25220 silly gunzTarPerm modified mode [ 'dist/lib/css/property-descriptors/letter-spacing.js.map',
25220 silly gunzTarPerm   420,
25220 silly gunzTarPerm   438 ]
25221 silly gunzTarPerm extractEntry dist/lib/dom/elements/li-element-container.js.map
25222 silly gunzTarPerm modified mode [ 'dist/lib/dom/elements/li-element-container.js.map', 420, 438 ]
25223 silly gunzTarPerm extractEntry modules/es.object.seal.js
25224 silly gunzTarPerm modified mode [ 'modules/es.object.seal.js', 420, 438 ]
25225 silly gunzTarPerm extractEntry modules/es.object.set-prototype-of.js
25226 silly gunzTarPerm modified mode [ 'modules/es.object.set-prototype-of.js', 420, 438 ]
25227 silly gunzTarPerm extractEntry dist/lib/css/property-descriptors/line-break.js.map
25228 silly gunzTarPerm modified mode [ 'dist/lib/css/property-descriptors/line-break.js.map',
25228 silly gunzTarPerm   420,
25228 silly gunzTarPerm   438 ]
25229 silly gunzTarPerm extractEntry dist/lib/css/property-descriptors/line-height.js.map
25230 silly gunzTarPerm modified mode [ 'dist/lib/css/property-descriptors/line-height.js.map',
25230 silly gunzTarPerm   420,
25230 silly gunzTarPerm   438 ]
25231 silly gunzTarPerm extractEntry modules/es.object.to-string.js
25232 silly gunzTarPerm modified mode [ 'modules/es.object.to-string.js', 420, 438 ]
25233 silly gunzTarPerm extractEntry modules/es.object.values.js
25234 silly gunzTarPerm modified mode [ 'modules/es.object.values.js', 420, 438 ]
25235 silly gunzTarPerm extractEntry dist/lib/css/types/functions/linear-gradient.js.map
25236 silly gunzTarPerm modified mode [ 'dist/lib/css/types/functions/linear-gradient.js.map',
25236 silly gunzTarPerm   420,
25236 silly gunzTarPerm   438 ]
25237 silly gunzTarPerm extractEntry dist/lib/css/property-descriptors/list-style-image.js.map
25238 silly gunzTarPerm modified mode [ 'dist/lib/css/property-descriptors/list-style-image.js.map',
25238 silly gunzTarPerm   420,
25238 silly gunzTarPerm   438 ]
25239 silly gunzTarPerm extractEntry modules/es.parse-float.js
25240 silly gunzTarPerm modified mode [ 'modules/es.parse-float.js', 420, 438 ]
25241 silly gunzTarPerm extractEntry modules/es.parse-int.js
25242 silly gunzTarPerm modified mode [ 'modules/es.parse-int.js', 420, 438 ]
25243 silly gunzTarPerm extractEntry dist/lib/css/property-descriptors/list-style-position.js.map
25244 silly gunzTarPerm modified mode [ 'dist/lib/css/property-descriptors/list-style-position.js.map',
25244 silly gunzTarPerm   420,
25244 silly gunzTarPerm   438 ]
25245 silly gunzTarPerm extractEntry dist/lib/css/property-descriptors/list-style-type.js.map
25246 silly gunzTarPerm modified mode [ 'dist/lib/css/property-descriptors/list-style-type.js.map',
25246 silly gunzTarPerm   420,
25246 silly gunzTarPerm   438 ]
25247 silly gunzTarPerm extractEntry modules/es.promise.all-settled.js
25248 silly gunzTarPerm modified mode [ 'modules/es.promise.all-settled.js', 420, 438 ]
25249 silly gunzTarPerm extractEntry modules/es.promise.all.js
25250 silly gunzTarPerm modified mode [ 'modules/es.promise.all.js', 420, 438 ]
25251 silly gunzTarPerm extractEntry dist/lib/core/__mocks__/logger.js.map
25252 silly gunzTarPerm modified mode [ 'dist/lib/core/__mocks__/logger.js.map', 420, 438 ]
25253 silly gunzTarPerm extractEntry dist/lib/core/__tests__/logger.js.map
25254 silly gunzTarPerm modified mode [ 'dist/lib/core/__tests__/logger.js.map', 420, 438 ]
25255 silly gunzTarPerm extractEntry modules/es.promise.any.js
25256 silly gunzTarPerm modified mode [ 'modules/es.promise.any.js', 420, 438 ]
25257 silly gunzTarPerm extractEntry modules/es.promise.catch.js
25258 silly gunzTarPerm modified mode [ 'modules/es.promise.catch.js', 420, 438 ]
25259 silly gunzTarPerm extractEntry dist/lib/core/logger.js.map
25260 silly gunzTarPerm modified mode [ 'dist/lib/core/logger.js.map', 420, 438 ]
25261 silly gunzTarPerm extractEntry dist/lib/css/property-descriptors/margin.js.map
25262 silly gunzTarPerm modified mode [ 'dist/lib/css/property-descriptors/margin.js.map', 420, 438 ]
25263 silly gunzTarPerm extractEntry modules/es.promise.constructor.js
25264 silly gunzTarPerm modified mode [ 'modules/es.promise.constructor.js', 420, 438 ]
25265 silly gunzTarPerm extractEntry modules/es.promise.finally.js
25266 silly gunzTarPerm modified mode [ 'modules/es.promise.finally.js', 420, 438 ]
25267 silly gunzTarPerm extractEntry modules/es.promise.js
25268 silly gunzTarPerm modified mode [ 'modules/es.promise.js', 420, 438 ]
25269 silly gunzTarPerm extractEntry modules/es.promise.race.js
25270 silly gunzTarPerm modified mode [ 'modules/es.promise.race.js', 420, 438 ]
25271 silly gunzTarPerm extractEntry dist/lib/dom/node-parser.js.map
25272 silly gunzTarPerm modified mode [ 'dist/lib/dom/node-parser.js.map', 420, 438 ]
25273 silly gunzTarPerm extractEntry dist/lib/dom/elements/ol-element-container.js.map
25274 silly gunzTarPerm modified mode [ 'dist/lib/dom/elements/ol-element-container.js.map', 420, 438 ]
25275 silly gunzTarPerm extractEntry modules/es.promise.reject.js
25276 silly gunzTarPerm modified mode [ 'modules/es.promise.reject.js', 420, 438 ]
25277 silly gunzTarPerm extractEntry modules/es.promise.resolve.js
25278 silly gunzTarPerm modified mode [ 'modules/es.promise.resolve.js', 420, 438 ]
25279 silly gunzTarPerm extractEntry dist/lib/css/property-descriptors/opacity.js.map
25280 silly gunzTarPerm modified mode [ 'dist/lib/css/property-descriptors/opacity.js.map', 420, 438 ]
25281 silly gunzTarPerm extractEntry dist/lib/css/property-descriptors/overflow-wrap.js.map
25282 silly gunzTarPerm modified mode [ 'dist/lib/css/property-descriptors/overflow-wrap.js.map',
25282 silly gunzTarPerm   420,
25282 silly gunzTarPerm   438 ]
25283 silly gunzTarPerm extractEntry modules/es.promise.try.js
25284 silly gunzTarPerm modified mode [ 'modules/es.promise.try.js', 420, 438 ]
25285 silly gunzTarPerm extractEntry modules/es.promise.with-resolvers.js
25286 silly gunzTarPerm modified mode [ 'modules/es.promise.with-resolvers.js', 420, 438 ]
25287 silly gunzTarPerm extractEntry dist/lib/css/property-descriptors/overflow.js.map
25288 silly gunzTarPerm modified mode [ 'dist/lib/css/property-descriptors/overflow.js.map', 420, 438 ]
25289 silly gunzTarPerm extractEntry dist/lib/css/property-descriptors/padding.js.map
25290 silly gunzTarPerm modified mode [ 'dist/lib/css/property-descriptors/padding.js.map', 420, 438 ]
25291 silly gunzTarPerm extractEntry modules/es.reflect.apply.js
25292 silly gunzTarPerm modified mode [ 'modules/es.reflect.apply.js', 420, 438 ]
25293 silly gunzTarPerm extractEntry modules/es.reflect.construct.js
25294 silly gunzTarPerm modified mode [ 'modules/es.reflect.construct.js', 420, 438 ]
25295 silly gunzTarPerm extractEntry dist/lib/css/property-descriptors/__tests__/paint-order.js.map
25296 silly gunzTarPerm modified mode [ 'dist/lib/css/property-descriptors/__tests__/paint-order.js.map',
25296 silly gunzTarPerm   420,
25296 silly gunzTarPerm   438 ]
25297 silly gunzTarPerm extractEntry dist/lib/css/property-descriptors/paint-order.js.map
25298 silly gunzTarPerm modified mode [ 'dist/lib/css/property-descriptors/paint-order.js.map',
25298 silly gunzTarPerm   420,
25298 silly gunzTarPerm   438 ]
25299 silly gunzTarPerm extractEntry modules/es.reflect.define-property.js
25300 silly gunzTarPerm modified mode [ 'modules/es.reflect.define-property.js', 420, 438 ]
25301 silly gunzTarPerm extractEntry modules/es.reflect.delete-property.js
25302 silly gunzTarPerm modified mode [ 'modules/es.reflect.delete-property.js', 420, 438 ]
25303 silly gunzTarPerm extractEntry modules/es.reflect.get-own-property-descriptor.js
25304 silly gunzTarPerm modified mode [ 'modules/es.reflect.get-own-property-descriptor.js', 420, 438 ]
25305 silly gunzTarPerm extractEntry modules/es.reflect.get-prototype-of.js
25306 silly gunzTarPerm modified mode [ 'modules/es.reflect.get-prototype-of.js', 420, 438 ]
25307 silly gunzTarPerm extractEntry dist/lib/css/syntax/parser.js.map
25308 silly gunzTarPerm modified mode [ 'dist/lib/css/syntax/parser.js.map', 420, 438 ]
25309 silly gunzTarPerm extractEntry dist/lib/render/path.js.map
25310 silly gunzTarPerm modified mode [ 'dist/lib/render/path.js.map', 420, 438 ]
25311 silly gunzTarPerm extractEntry modules/es.reflect.get.js
25312 silly gunzTarPerm modified mode [ 'modules/es.reflect.get.js', 420, 438 ]
25313 silly gunzTarPerm extractEntry modules/es.reflect.has.js
25314 silly gunzTarPerm modified mode [ 'modules/es.reflect.has.js', 420, 438 ]
25315 silly gunzTarPerm extractEntry dist/lib/css/property-descriptors/position.js.map
25316 silly gunzTarPerm modified mode [ 'dist/lib/css/property-descriptors/position.js.map', 420, 438 ]
25317 silly gunzTarPerm extractEntry dist/lib/dom/replaced-elements/pseudo-elements.js.map
25318 silly gunzTarPerm modified mode [ 'dist/lib/dom/replaced-elements/pseudo-elements.js.map',
25318 silly gunzTarPerm   420,
25318 silly gunzTarPerm   438 ]
25319 silly gunzTarPerm extractEntry modules/es.reflect.is-extensible.js
25320 silly gunzTarPerm modified mode [ 'modules/es.reflect.is-extensible.js', 420, 438 ]
25321 silly gunzTarPerm extractEntry modules/es.reflect.own-keys.js
25322 silly gunzTarPerm modified mode [ 'modules/es.reflect.own-keys.js', 420, 438 ]
25323 silly gunzTarPerm extractEntry dist/lib/css/property-descriptors/quotes.js.map
25324 silly gunzTarPerm modified mode [ 'dist/lib/css/property-descriptors/quotes.js.map', 420, 438 ]
25325 silly gunzTarPerm extractEntry dist/lib/css/types/functions/__tests__/radial-gradient.js.map
25326 silly gunzTarPerm modified mode [ 'dist/lib/css/types/functions/__tests__/radial-gradient.js.map',
25326 silly gunzTarPerm   420,
25326 silly gunzTarPerm   438 ]
25327 silly gunzTarPerm extractEntry modules/es.reflect.prevent-extensions.js
25328 silly gunzTarPerm modified mode [ 'modules/es.reflect.prevent-extensions.js', 420, 438 ]
25329 silly gunzTarPerm extractEntry modules/es.reflect.set-prototype-of.js
25330 silly gunzTarPerm modified mode [ 'modules/es.reflect.set-prototype-of.js', 420, 438 ]
25331 silly gunzTarPerm extractEntry modules/es.reflect.set.js
25332 silly gunzTarPerm modified mode [ 'modules/es.reflect.set.js', 420, 438 ]
25333 silly gunzTarPerm extractEntry modules/es.reflect.to-string-tag.js
25334 silly gunzTarPerm modified mode [ 'modules/es.reflect.to-string-tag.js', 420, 438 ]
25335 silly gunzTarPerm extractEntry dist/lib/css/types/functions/radial-gradient.js.map
25336 silly gunzTarPerm modified mode [ 'dist/lib/css/types/functions/radial-gradient.js.map',
25336 silly gunzTarPerm   420,
25336 silly gunzTarPerm   438 ]
25337 silly gunzTarPerm extractEntry dist/lib/render/renderer.js.map
25338 silly gunzTarPerm modified mode [ 'dist/lib/render/renderer.js.map', 420, 438 ]
25339 silly gunzTarPerm extractEntry modules/es.regexp.constructor.js
25340 silly gunzTarPerm modified mode [ 'modules/es.regexp.constructor.js', 420, 438 ]
25341 silly gunzTarPerm extractEntry modules/es.regexp.dot-all.js
25342 silly gunzTarPerm modified mode [ 'modules/es.regexp.dot-all.js', 420, 438 ]
25343 silly gunzTarPerm extractEntry dist/lib/dom/elements/select-element-container.js.map
25344 silly gunzTarPerm modified mode [ 'dist/lib/dom/elements/select-element-container.js.map',
25344 silly gunzTarPerm   420,
25344 silly gunzTarPerm   438 ]
25345 silly gunzTarPerm extractEntry dist/lib/render/stacking-context.js.map
25346 silly gunzTarPerm modified mode [ 'dist/lib/render/stacking-context.js.map', 420, 438 ]
25347 silly gunzTarPerm extractEntry modules/es.regexp.escape.js
25348 silly gunzTarPerm modified mode [ 'modules/es.regexp.escape.js', 420, 438 ]
25349 silly gunzTarPerm extractEntry modules/es.regexp.exec.js
25350 silly gunzTarPerm modified mode [ 'modules/es.regexp.exec.js', 420, 438 ]
25351 silly gunzTarPerm extractEntry modules/es.regexp.flags.js
25352 silly gunzTarPerm modified mode [ 'modules/es.regexp.flags.js', 420, 438 ]
25353 silly gunzTarPerm extractEntry modules/es.regexp.sticky.js
25354 silly gunzTarPerm modified mode [ 'modules/es.regexp.sticky.js', 420, 438 ]
25355 silly gunzTarPerm extractEntry dist/lib/dom/replaced-elements/svg-element-container.js.map
25356 silly gunzTarPerm modified mode [ 'dist/lib/dom/replaced-elements/svg-element-container.js.map',
25356 silly gunzTarPerm   420,
25356 silly gunzTarPerm   438 ]
25357 silly gunzTarPerm extractEntry dist/lib/css/property-descriptors/text-align.js.map
25358 silly gunzTarPerm modified mode [ 'dist/lib/css/property-descriptors/text-align.js.map',
25358 silly gunzTarPerm   420,
25358 silly gunzTarPerm   438 ]
25359 silly gunzTarPerm extractEntry modules/es.regexp.test.js
25360 silly gunzTarPerm modified mode [ 'modules/es.regexp.test.js', 420, 438 ]
25361 silly gunzTarPerm extractEntry modules/es.regexp.to-string.js
25362 silly gunzTarPerm modified mode [ 'modules/es.regexp.to-string.js', 420, 438 ]
25363 silly gunzTarPerm extractEntry modules/es.set.constructor.js
25364 silly gunzTarPerm modified mode [ 'modules/es.set.constructor.js', 420, 438 ]
25365 silly gunzTarPerm extractEntry modules/es.set.difference.v2.js
25366 silly gunzTarPerm modified mode [ 'modules/es.set.difference.v2.js', 420, 438 ]
25367 silly gunzTarPerm extractEntry dist/lib/dom/text-container.js.map
25368 silly gunzTarPerm modified mode [ 'dist/lib/dom/text-container.js.map', 420, 438 ]
25369 silly gunzTarPerm extractEntry dist/lib/css/property-descriptors/text-decoration-color.js.map
25370 silly gunzTarPerm modified mode [ 'dist/lib/css/property-descriptors/text-decoration-color.js.map',
25370 silly gunzTarPerm   420,
25370 silly gunzTarPerm   438 ]
25371 silly gunzTarPerm extractEntry modules/es.set.intersection.v2.js
25372 silly gunzTarPerm modified mode [ 'modules/es.set.intersection.v2.js', 420, 438 ]
25373 silly gunzTarPerm extractEntry modules/es.set.is-disjoint-from.v2.js
25374 silly gunzTarPerm modified mode [ 'modules/es.set.is-disjoint-from.v2.js', 420, 438 ]
25375 silly gunzTarPerm extractEntry dist/lib/css/property-descriptors/text-decoration-line.js.map
25376 silly gunzTarPerm modified mode [ 'dist/lib/css/property-descriptors/text-decoration-line.js.map',
25376 silly gunzTarPerm   420,
25376 silly gunzTarPerm   438 ]
25377 silly gunzTarPerm extractEntry dist/lib/css/property-descriptors/__tests__/text-shadow.js.map
25378 silly gunzTarPerm modified mode [ 'dist/lib/css/property-descriptors/__tests__/text-shadow.js.map',
25378 silly gunzTarPerm   420,
25378 silly gunzTarPerm   438 ]
25379 silly gunzTarPerm extractEntry modules/es.set.is-subset-of.v2.js
25380 silly gunzTarPerm modified mode [ 'modules/es.set.is-subset-of.v2.js', 420, 438 ]
25381 silly gunzTarPerm extractEntry modules/es.set.is-superset-of.v2.js
25382 silly gunzTarPerm modified mode [ 'modules/es.set.is-superset-of.v2.js', 420, 438 ]
25383 silly gunzTarPerm extractEntry modules/es.set.js
25384 silly gunzTarPerm modified mode [ 'modules/es.set.js', 420, 438 ]
25385 silly gunzTarPerm extractEntry modules/es.set.symmetric-difference.v2.js
25386 silly gunzTarPerm modified mode [ 'modules/es.set.symmetric-difference.v2.js', 420, 438 ]
25387 silly gunzTarPerm extractEntry modules/es.set.union.v2.js
25388 silly gunzTarPerm modified mode [ 'modules/es.set.union.v2.js', 420, 438 ]
25389 silly gunzTarPerm extractEntry modules/es.string.anchor.js
25390 silly gunzTarPerm modified mode [ 'modules/es.string.anchor.js', 420, 438 ]
25391 silly gunzTarPerm extractEntry dist/lib/css/property-descriptors/text-shadow.js.map
25392 silly gunzTarPerm modified mode [ 'dist/lib/css/property-descriptors/text-shadow.js.map',
25392 silly gunzTarPerm   420,
25392 silly gunzTarPerm   438 ]
25393 silly gunzTarPerm extractEntry dist/lib/css/property-descriptors/text-transform.js.map
25394 silly gunzTarPerm modified mode [ 'dist/lib/css/property-descriptors/text-transform.js.map',
25394 silly gunzTarPerm   420,
25394 silly gunzTarPerm   438 ]
25395 silly gunzTarPerm extractEntry modules/es.string.at-alternative.js
25396 silly gunzTarPerm modified mode [ 'modules/es.string.at-alternative.js', 420, 438 ]
25397 silly gunzTarPerm extractEntry modules/es.string.big.js
25398 silly gunzTarPerm modified mode [ 'modules/es.string.big.js', 420, 438 ]
25399 silly gunzTarPerm extractEntry dist/lib/css/layout/text.js.map
25400 silly gunzTarPerm modified mode [ 'dist/lib/css/layout/text.js.map', 420, 438 ]
25401 silly gunzTarPerm extractEntry dist/lib/dom/elements/textarea-element-container.js.map
25402 silly gunzTarPerm modified mode [ 'dist/lib/dom/elements/textarea-element-container.js.map',
25402 silly gunzTarPerm   420,
25402 silly gunzTarPerm   438 ]
25403 silly gunzTarPerm extractEntry modules/es.string.blink.js
25404 silly gunzTarPerm modified mode [ 'modules/es.string.blink.js', 420, 438 ]
25405 silly gunzTarPerm extractEntry modules/es.string.bold.js
25406 silly gunzTarPerm modified mode [ 'modules/es.string.bold.js', 420, 438 ]
25407 silly gunzTarPerm extractEntry dist/lib/css/types/time.js.map
25408 silly gunzTarPerm modified mode [ 'dist/lib/css/types/time.js.map', 420, 438 ]
25409 silly gunzTarPerm extractEntry dist/lib/css/syntax/tokenizer.js.map
25410 silly gunzTarPerm modified mode [ 'dist/lib/css/syntax/tokenizer.js.map', 420, 438 ]
25411 silly gunzTarPerm extractEntry modules/es.string.code-point-at.js
25412 silly gunzTarPerm modified mode [ 'modules/es.string.code-point-at.js', 420, 438 ]
25413 silly gunzTarPerm extractEntry modules/es.string.ends-with.js
25414 silly gunzTarPerm modified mode [ 'modules/es.string.ends-with.js', 420, 438 ]
25415 silly gunzTarPerm extractEntry modules/es.string.fixed.js
25416 silly gunzTarPerm modified mode [ 'modules/es.string.fixed.js', 420, 438 ]
25417 silly gunzTarPerm extractEntry modules/es.string.fontcolor.js
25418 silly gunzTarPerm modified mode [ 'modules/es.string.fontcolor.js', 420, 438 ]
25419 silly gunzTarPerm extractEntry dist/lib/css/syntax/__tests__/tokernizer-tests.js.map
25420 silly gunzTarPerm modified mode [ 'dist/lib/css/syntax/__tests__/tokernizer-tests.js.map',
25420 silly gunzTarPerm   420,
25420 silly gunzTarPerm   438 ]
25421 silly gunzTarPerm extractEntry dist/lib/css/property-descriptors/transform-origin.js.map
25422 silly gunzTarPerm modified mode [ 'dist/lib/css/property-descriptors/transform-origin.js.map',
25422 silly gunzTarPerm   420,
25422 silly gunzTarPerm   438 ]
25423 silly gunzTarPerm extractEntry modules/es.string.fontsize.js
25424 silly gunzTarPerm modified mode [ 'modules/es.string.fontsize.js', 420, 438 ]
25425 silly gunzTarPerm extractEntry modules/es.string.from-code-point.js
25426 silly gunzTarPerm modified mode [ 'modules/es.string.from-code-point.js', 420, 438 ]
25427 silly gunzTarPerm extractEntry dist/lib/css/property-descriptors/__tests__/transform-tests.js.map
25428 silly gunzTarPerm modified mode [ 'dist/lib/css/property-descriptors/__tests__/transform-tests.js.map',
25428 silly gunzTarPerm   420,
25428 silly gunzTarPerm   438 ]
25429 silly gunzTarPerm extractEntry dist/lib/css/property-descriptors/transform.js.map
25430 silly gunzTarPerm modified mode [ 'dist/lib/css/property-descriptors/transform.js.map',
25430 silly gunzTarPerm   420,
25430 silly gunzTarPerm   438 ]
25431 silly gunzTarPerm extractEntry modules/es.string.includes.js
25432 silly gunzTarPerm modified mode [ 'modules/es.string.includes.js', 420, 438 ]
25433 silly gunzTarPerm extractEntry modules/es.string.is-well-formed.js
25434 silly gunzTarPerm modified mode [ 'modules/es.string.is-well-formed.js', 420, 438 ]
25435 silly gunzTarPerm extractEntry dist/lib/core/util.js.map
25436 silly gunzTarPerm modified mode [ 'dist/lib/core/util.js.map', 420, 438 ]
25437 silly gunzTarPerm extractEntry dist/lib/render/vector.js.map
25438 silly gunzTarPerm modified mode [ 'dist/lib/render/vector.js.map', 420, 438 ]
25439 silly gunzTarPerm extractEntry modules/es.string.italics.js
25440 silly gunzTarPerm modified mode [ 'modules/es.string.italics.js', 420, 438 ]
25441 silly gunzTarPerm extractEntry modules/es.string.iterator.js
25442 silly gunzTarPerm modified mode [ 'modules/es.string.iterator.js', 420, 438 ]
25443 silly gunzTarPerm extractEntry modules/es.string.link.js
25444 silly gunzTarPerm modified mode [ 'modules/es.string.link.js', 420, 438 ]
25445 silly gunzTarPerm extractEntry modules/es.string.match-all.js
25446 silly gunzTarPerm modified mode [ 'modules/es.string.match-all.js', 420, 438 ]
25447 silly gunzTarPerm extractEntry dist/lib/css/property-descriptors/visibility.js.map
25448 silly gunzTarPerm modified mode [ 'dist/lib/css/property-descriptors/visibility.js.map',
25448 silly gunzTarPerm   420,
25448 silly gunzTarPerm   438 ]
25449 silly gunzTarPerm extractEntry dist/lib/css/property-descriptors/webkit-text-stroke-color.js.map
25450 silly gunzTarPerm modified mode [ 'dist/lib/css/property-descriptors/webkit-text-stroke-color.js.map',
25450 silly gunzTarPerm   420,
25450 silly gunzTarPerm   438 ]
25451 silly gunzTarPerm extractEntry modules/es.string.match.js
25452 silly gunzTarPerm modified mode [ 'modules/es.string.match.js', 420, 438 ]
25453 silly gunzTarPerm extractEntry modules/es.string.pad-end.js
25454 silly gunzTarPerm modified mode [ 'modules/es.string.pad-end.js', 420, 438 ]
25455 silly gunzTarPerm extractEntry dist/lib/css/property-descriptors/webkit-text-stroke-width.js.map
25456 silly gunzTarPerm modified mode [ 'dist/lib/css/property-descriptors/webkit-text-stroke-width.js.map',
25456 silly gunzTarPerm   420,
25456 silly gunzTarPerm   438 ]
25457 silly gunzTarPerm extractEntry dist/lib/css/property-descriptors/word-break.js.map
25458 silly gunzTarPerm modified mode [ 'dist/lib/css/property-descriptors/word-break.js.map',
25458 silly gunzTarPerm   420,
25458 silly gunzTarPerm   438 ]
25459 silly gunzTarPerm extractEntry modules/es.string.pad-start.js
25460 silly gunzTarPerm modified mode [ 'modules/es.string.pad-start.js', 420, 438 ]
25461 silly gunzTarPerm extractEntry modules/es.string.raw.js
25462 silly gunzTarPerm modified mode [ 'modules/es.string.raw.js', 420, 438 ]
25463 silly gunzTarPerm extractEntry modules/es.string.repeat.js
25464 silly gunzTarPerm modified mode [ 'modules/es.string.repeat.js', 420, 438 ]
25465 silly gunzTarPerm extractEntry modules/es.string.replace-all.js
25466 silly gunzTarPerm modified mode [ 'modules/es.string.replace-all.js', 420, 438 ]
25467 silly gunzTarPerm extractEntry modules/es.string.replace.js
25468 silly gunzTarPerm modified mode [ 'modules/es.string.replace.js', 420, 438 ]
25469 silly gunzTarPerm extractEntry modules/es.string.search.js
25470 silly gunzTarPerm modified mode [ 'modules/es.string.search.js', 420, 438 ]
25471 silly gunzTarPerm extractEntry modules/es.string.small.js
25472 silly gunzTarPerm modified mode [ 'modules/es.string.small.js', 420, 438 ]
25473 silly gunzTarPerm extractEntry modules/es.string.split.js
25474 silly gunzTarPerm modified mode [ 'modules/es.string.split.js', 420, 438 ]
25475 silly gunzTarPerm extractEntry dist/lib/css/property-descriptors/z-index.js.map
25476 silly gunzTarPerm modified mode [ 'dist/lib/css/property-descriptors/z-index.js.map', 420, 438 ]
25477 silly gunzTarPerm extractEntry CHANGELOG.md
25478 silly gunzTarPerm modified mode [ 'CHANGELOG.md', 420, 438 ]
25479 silly gunzTarPerm extractEntry modules/es.string.starts-with.js
25480 silly gunzTarPerm modified mode [ 'modules/es.string.starts-with.js', 420, 438 ]
25481 silly gunzTarPerm extractEntry modules/es.string.strike.js
25482 silly gunzTarPerm modified mode [ 'modules/es.string.strike.js', 420, 438 ]
25483 silly gunzTarPerm extractEntry README.md
25484 silly gunzTarPerm modified mode [ 'README.md', 420, 438 ]
25485 silly gunzTarPerm extractEntry dist/types/css/types/functions/-prefix-linear-gradient.d.ts
25486 silly gunzTarPerm modified mode [ 'dist/types/css/types/functions/-prefix-linear-gradient.d.ts',
25486 silly gunzTarPerm   420,
25486 silly gunzTarPerm   438 ]
25487 silly gunzTarPerm extractEntry dist/types/css/types/functions/-prefix-radial-gradient.d.ts
25488 silly gunzTarPerm modified mode [ 'dist/types/css/types/functions/-prefix-radial-gradient.d.ts',
25488 silly gunzTarPerm   420,
25488 silly gunzTarPerm   438 ]
25489 silly gunzTarPerm extractEntry modules/es.string.sub.js
25490 silly gunzTarPerm modified mode [ 'modules/es.string.sub.js', 420, 438 ]
25491 silly gunzTarPerm extractEntry modules/es.string.substr.js
25492 silly gunzTarPerm modified mode [ 'modules/es.string.substr.js', 420, 438 ]
25493 silly gunzTarPerm extractEntry dist/types/css/types/functions/-webkit-gradient.d.ts
25494 silly gunzTarPerm modified mode [ 'dist/types/css/types/functions/-webkit-gradient.d.ts',
25494 silly gunzTarPerm   420,
25494 silly gunzTarPerm   438 ]
25495 silly gunzTarPerm extractEntry dist/types/css/types/angle.d.ts
25496 silly gunzTarPerm modified mode [ 'dist/types/css/types/angle.d.ts', 420, 438 ]
25497 silly gunzTarPerm extractEntry modules/es.string.sup.js
25498 silly gunzTarPerm modified mode [ 'modules/es.string.sup.js', 420, 438 ]
25499 silly gunzTarPerm extractEntry modules/es.string.to-well-formed.js
25500 silly gunzTarPerm modified mode [ 'modules/es.string.to-well-formed.js', 420, 438 ]
25501 silly gunzTarPerm extractEntry dist/types/css/property-descriptors/background-clip.d.ts
25502 silly gunzTarPerm modified mode [ 'dist/types/css/property-descriptors/background-clip.d.ts',
25502 silly gunzTarPerm   420,
25502 silly gunzTarPerm   438 ]
25503 silly gunzTarPerm extractEntry dist/types/css/property-descriptors/background-color.d.ts
25504 silly gunzTarPerm modified mode [ 'dist/types/css/property-descriptors/background-color.d.ts',
25504 silly gunzTarPerm   420,
25504 silly gunzTarPerm   438 ]
25505 silly gunzTarPerm extractEntry modules/es.string.trim-end.js
25506 silly gunzTarPerm modified mode [ 'modules/es.string.trim-end.js', 420, 438 ]
25507 silly gunzTarPerm extractEntry modules/es.string.trim-left.js
25508 silly gunzTarPerm modified mode [ 'modules/es.string.trim-left.js', 420, 438 ]
25509 silly gunzTarPerm extractEntry modules/es.string.trim-right.js
25510 silly gunzTarPerm modified mode [ 'modules/es.string.trim-right.js', 420, 438 ]
25511 silly gunzTarPerm extractEntry modules/es.string.trim-start.js
25512 silly gunzTarPerm modified mode [ 'modules/es.string.trim-start.js', 420, 438 ]
25513 silly gunzTarPerm extractEntry modules/es.string.trim.js
25514 silly gunzTarPerm modified mode [ 'modules/es.string.trim.js', 420, 438 ]
25515 silly gunzTarPerm extractEntry modules/es.suppressed-error.constructor.js
25516 silly gunzTarPerm modified mode [ 'modules/es.suppressed-error.constructor.js', 420, 438 ]
25517 silly gunzTarPerm extractEntry dist/types/css/property-descriptors/background-image.d.ts
25518 silly gunzTarPerm modified mode [ 'dist/types/css/property-descriptors/background-image.d.ts',
25518 silly gunzTarPerm   420,
25518 silly gunzTarPerm   438 ]
25519 silly gunzTarPerm extractEntry dist/types/css/property-descriptors/background-origin.d.ts
25520 silly gunzTarPerm modified mode [ 'dist/types/css/property-descriptors/background-origin.d.ts',
25520 silly gunzTarPerm   420,
25520 silly gunzTarPerm   438 ]
25521 silly gunzTarPerm extractEntry modules/es.symbol.async-dispose.js
25522 silly gunzTarPerm modified mode [ 'modules/es.symbol.async-dispose.js', 420, 438 ]
25523 silly gunzTarPerm extractEntry modules/es.symbol.async-iterator.js
25524 silly gunzTarPerm modified mode [ 'modules/es.symbol.async-iterator.js', 420, 438 ]
25525 silly gunzTarPerm extractEntry dist/types/css/property-descriptors/background-position.d.ts
25526 silly gunzTarPerm modified mode [ 'dist/types/css/property-descriptors/background-position.d.ts',
25526 silly gunzTarPerm   420,
25526 silly gunzTarPerm   438 ]
25527 silly gunzTarPerm extractEntry dist/types/css/property-descriptors/background-repeat.d.ts
25528 silly gunzTarPerm modified mode [ 'dist/types/css/property-descriptors/background-repeat.d.ts',
25528 silly gunzTarPerm   420,
25528 silly gunzTarPerm   438 ]
25529 silly gunzTarPerm extractEntry modules/es.symbol.constructor.js
25530 silly gunzTarPerm modified mode [ 'modules/es.symbol.constructor.js', 420, 438 ]
25531 silly gunzTarPerm extractEntry modules/es.symbol.description.js
25532 silly gunzTarPerm modified mode [ 'modules/es.symbol.description.js', 420, 438 ]
25533 silly gunzTarPerm extractEntry dist/types/css/property-descriptors/background-size.d.ts
25534 silly gunzTarPerm modified mode [ 'dist/types/css/property-descriptors/background-size.d.ts',
25534 silly gunzTarPerm   420,
25534 silly gunzTarPerm   438 ]
25535 silly gunzTarPerm extractEntry dist/types/css/property-descriptors/__tests__/background-tests.d.ts
25536 silly gunzTarPerm modified mode [ 'dist/types/css/property-descriptors/__tests__/background-tests.d.ts',
25536 silly gunzTarPerm   420,
25536 silly gunzTarPerm   438 ]
25537 silly gunzTarPerm extractEntry modules/es.symbol.dispose.js
25538 silly gunzTarPerm modified mode [ 'modules/es.symbol.dispose.js', 420, 438 ]
25539 silly gunzTarPerm extractEntry modules/es.symbol.for.js
25540 silly gunzTarPerm modified mode [ 'modules/es.symbol.for.js', 420, 438 ]
25541 silly gunzTarPerm extractEntry dist/types/render/background.d.ts
25542 silly gunzTarPerm modified mode [ 'dist/types/render/background.d.ts', 420, 438 ]
25543 silly gunzTarPerm extractEntry dist/types/render/bezier-curve.d.ts
25544 silly gunzTarPerm modified mode [ 'dist/types/render/bezier-curve.d.ts', 420, 438 ]
25545 silly gunzTarPerm extractEntry modules/es.symbol.has-instance.js
25546 silly gunzTarPerm modified mode [ 'modules/es.symbol.has-instance.js', 420, 438 ]
25547 silly gunzTarPerm extractEntry modules/es.symbol.is-concat-spreadable.js
25548 silly gunzTarPerm modified mode [ 'modules/es.symbol.is-concat-spreadable.js', 420, 438 ]
25549 silly gunzTarPerm extractEntry modules/es.symbol.iterator.js
25550 silly gunzTarPerm modified mode [ 'modules/es.symbol.iterator.js', 420, 438 ]
25551 silly gunzTarPerm extractEntry modules/es.symbol.js
25552 silly gunzTarPerm modified mode [ 'modules/es.symbol.js', 420, 438 ]
25553 silly gunzTarPerm extractEntry modules/es.symbol.key-for.js
25554 silly gunzTarPerm modified mode [ 'modules/es.symbol.key-for.js', 420, 438 ]
25555 silly gunzTarPerm extractEntry modules/es.symbol.match-all.js
25556 silly gunzTarPerm modified mode [ 'modules/es.symbol.match-all.js', 420, 438 ]
25557 silly gunzTarPerm extractEntry dist/types/core/bitwise.d.ts
25558 silly gunzTarPerm modified mode [ 'dist/types/core/bitwise.d.ts', 420, 438 ]
25559 silly gunzTarPerm extractEntry dist/types/css/property-descriptors/border-color.d.ts
25560 silly gunzTarPerm modified mode [ 'dist/types/css/property-descriptors/border-color.d.ts',
25560 silly gunzTarPerm   420,
25560 silly gunzTarPerm   438 ]
25561 silly gunzTarPerm extractEntry modules/es.symbol.match.js
25562 silly gunzTarPerm modified mode [ 'modules/es.symbol.match.js', 420, 438 ]
25563 silly gunzTarPerm extractEntry modules/es.symbol.replace.js
25564 silly gunzTarPerm modified mode [ 'modules/es.symbol.replace.js', 420, 438 ]
25565 silly gunzTarPerm extractEntry modules/es.symbol.search.js
25566 silly gunzTarPerm modified mode [ 'modules/es.symbol.search.js', 420, 438 ]
25567 silly gunzTarPerm extractEntry modules/es.symbol.species.js
25568 silly gunzTarPerm modified mode [ 'modules/es.symbol.species.js', 420, 438 ]
25569 silly gunzTarPerm extractEntry dist/types/css/property-descriptors/border-radius.d.ts
25570 silly gunzTarPerm modified mode [ 'dist/types/css/property-descriptors/border-radius.d.ts',
25570 silly gunzTarPerm   420,
25570 silly gunzTarPerm   438 ]
25571 silly gunzTarPerm extractEntry dist/types/css/property-descriptors/border-style.d.ts
25572 silly gunzTarPerm modified mode [ 'dist/types/css/property-descriptors/border-style.d.ts',
25572 silly gunzTarPerm   420,
25572 silly gunzTarPerm   438 ]
25573 silly gunzTarPerm extractEntry modules/es.symbol.split.js
25574 silly gunzTarPerm modified mode [ 'modules/es.symbol.split.js', 420, 438 ]
25575 silly gunzTarPerm extractEntry modules/es.symbol.to-primitive.js
25576 silly gunzTarPerm modified mode [ 'modules/es.symbol.to-primitive.js', 420, 438 ]
25577 silly gunzTarPerm extractEntry dist/types/css/property-descriptors/border-width.d.ts
25578 silly gunzTarPerm modified mode [ 'dist/types/css/property-descriptors/border-width.d.ts',
25578 silly gunzTarPerm   420,
25578 silly gunzTarPerm   438 ]
25579 silly gunzTarPerm extractEntry dist/types/render/border.d.ts
25580 silly gunzTarPerm modified mode [ 'dist/types/render/border.d.ts', 420, 438 ]
25581 silly gunzTarPerm extractEntry modules/es.symbol.to-string-tag.js
25582 silly gunzTarPerm modified mode [ 'modules/es.symbol.to-string-tag.js', 420, 438 ]
25583 silly gunzTarPerm extractEntry modules/es.symbol.unscopables.js
25584 silly gunzTarPerm modified mode [ 'modules/es.symbol.unscopables.js', 420, 438 ]
25585 silly gunzTarPerm extractEntry dist/types/render/bound-curves.d.ts
25586 silly gunzTarPerm modified mode [ 'dist/types/render/bound-curves.d.ts', 420, 438 ]
25587 silly gunzTarPerm extractEntry dist/types/css/layout/__mocks__/bounds.d.ts
25588 silly gunzTarPerm modified mode [ 'dist/types/css/layout/__mocks__/bounds.d.ts', 420, 438 ]
25589 silly gunzTarPerm extractEntry modules/es.typed-array.at.js
25590 silly gunzTarPerm modified mode [ 'modules/es.typed-array.at.js', 420, 438 ]
25591 silly gunzTarPerm extractEntry modules/es.typed-array.copy-within.js
25592 silly gunzTarPerm modified mode [ 'modules/es.typed-array.copy-within.js', 420, 438 ]
25593 silly gunzTarPerm extractEntry dist/types/css/layout/bounds.d.ts
25594 silly gunzTarPerm modified mode [ 'dist/types/css/layout/bounds.d.ts', 420, 438 ]
25595 silly gunzTarPerm extractEntry dist/types/css/property-descriptors/box-shadow.d.ts
25596 silly gunzTarPerm modified mode [ 'dist/types/css/property-descriptors/box-shadow.d.ts',
25596 silly gunzTarPerm   420,
25596 silly gunzTarPerm   438 ]
25597 silly gunzTarPerm extractEntry modules/es.typed-array.every.js
25598 silly gunzTarPerm modified mode [ 'modules/es.typed-array.every.js', 420, 438 ]
25599 silly gunzTarPerm extractEntry modules/es.typed-array.fill.js
25600 silly gunzTarPerm modified mode [ 'modules/es.typed-array.fill.js', 420, 438 ]
25601 silly gunzTarPerm extractEntry dist/types/render/box-sizing.d.ts
25602 silly gunzTarPerm modified mode [ 'dist/types/render/box-sizing.d.ts', 420, 438 ]
25603 silly gunzTarPerm extractEntry dist/types/core/__mocks__/cache-storage.d.ts
25604 silly gunzTarPerm modified mode [ 'dist/types/core/__mocks__/cache-storage.d.ts', 420, 438 ]
25605 silly gunzTarPerm extractEntry modules/es.typed-array.filter.js
25606 silly gunzTarPerm modified mode [ 'modules/es.typed-array.filter.js', 420, 438 ]
25607 silly gunzTarPerm extractEntry modules/es.typed-array.find-index.js
25608 silly gunzTarPerm modified mode [ 'modules/es.typed-array.find-index.js', 420, 438 ]
25609 silly gunzTarPerm extractEntry modules/es.typed-array.find-last-index.js
25610 silly gunzTarPerm modified mode [ 'modules/es.typed-array.find-last-index.js', 420, 438 ]
25611 silly gunzTarPerm extractEntry modules/es.typed-array.find-last.js
25612 silly gunzTarPerm modified mode [ 'modules/es.typed-array.find-last.js', 420, 438 ]
25613 silly gunzTarPerm extractEntry dist/types/core/__tests__/cache-storage.d.ts
25614 silly gunzTarPerm modified mode [ 'dist/types/core/__tests__/cache-storage.d.ts', 420, 438 ]
25615 silly gunzTarPerm extractEntry dist/types/core/cache-storage.d.ts
25616 silly gunzTarPerm modified mode [ 'dist/types/core/cache-storage.d.ts', 420, 438 ]
25617 silly gunzTarPerm extractEntry modules/es.typed-array.find.js
25618 silly gunzTarPerm modified mode [ 'modules/es.typed-array.find.js', 420, 438 ]
25619 silly gunzTarPerm extractEntry modules/es.typed-array.float32-array.js
25620 silly gunzTarPerm modified mode [ 'modules/es.typed-array.float32-array.js', 420, 438 ]
25621 silly gunzTarPerm extractEntry modules/es.typed-array.float64-array.js
25622 silly gunzTarPerm modified mode [ 'modules/es.typed-array.float64-array.js', 420, 438 ]
25623 silly gunzTarPerm extractEntry modules/es.typed-array.for-each.js
25624 silly gunzTarPerm modified mode [ 'modules/es.typed-array.for-each.js', 420, 438 ]
25625 silly gunzTarPerm extractEntry dist/types/dom/replaced-elements/canvas-element-container.d.ts
25626 silly gunzTarPerm modified mode [ 'dist/types/dom/replaced-elements/canvas-element-container.d.ts',
25626 silly gunzTarPerm   420,
25626 silly gunzTarPerm   438 ]
25627 silly gunzTarPerm extractEntry dist/types/render/canvas/canvas-renderer.d.ts
25628 silly gunzTarPerm modified mode [ 'dist/types/render/canvas/canvas-renderer.d.ts', 420, 438 ]
25629 silly gunzTarPerm extractEntry modules/es.typed-array.from.js
25630 silly gunzTarPerm modified mode [ 'modules/es.typed-array.from.js', 420, 438 ]
25631 silly gunzTarPerm extractEntry modules/es.typed-array.includes.js
25632 silly gunzTarPerm modified mode [ 'modules/es.typed-array.includes.js', 420, 438 ]
25633 silly gunzTarPerm extractEntry dist/types/css/types/__tests__/color-tests.d.ts
25634 silly gunzTarPerm modified mode [ 'dist/types/css/types/__tests__/color-tests.d.ts', 420, 438 ]
25635 silly gunzTarPerm extractEntry dist/types/css/property-descriptors/color.d.ts
25636 silly gunzTarPerm modified mode [ 'dist/types/css/property-descriptors/color.d.ts', 420, 438 ]
25637 silly gunzTarPerm extractEntry modules/es.typed-array.index-of.js
25638 silly gunzTarPerm modified mode [ 'modules/es.typed-array.index-of.js', 420, 438 ]
25639 silly gunzTarPerm extractEntry modules/es.typed-array.int16-array.js
25640 silly gunzTarPerm modified mode [ 'modules/es.typed-array.int16-array.js', 420, 438 ]
25641 silly gunzTarPerm extractEntry modules/es.typed-array.int32-array.js
25642 silly gunzTarPerm modified mode [ 'modules/es.typed-array.int32-array.js', 420, 438 ]
25643 silly gunzTarPerm extractEntry modules/es.typed-array.int8-array.js
25644 silly gunzTarPerm modified mode [ 'modules/es.typed-array.int8-array.js', 420, 438 ]
25645 silly gunzTarPerm extractEntry dist/types/css/types/color.d.ts
25646 silly gunzTarPerm modified mode [ 'dist/types/css/types/color.d.ts', 420, 438 ]
25647 silly gunzTarPerm extractEntry dist/types/css/property-descriptors/content.d.ts
25648 silly gunzTarPerm modified mode [ 'dist/types/css/property-descriptors/content.d.ts', 420, 438 ]
25649 silly gunzTarPerm extractEntry modules/es.typed-array.iterator.js
25650 silly gunzTarPerm modified mode [ 'modules/es.typed-array.iterator.js', 420, 438 ]
25651 silly gunzTarPerm extractEntry modules/es.typed-array.join.js
25652 silly gunzTarPerm modified mode [ 'modules/es.typed-array.join.js', 420, 438 ]
25653 info preinstall pako@1.0.11
25654 silly gunzTarPerm extractEntry dist/types/core/__mocks__/context.d.ts
25655 silly gunzTarPerm modified mode [ 'dist/types/core/__mocks__/context.d.ts', 420, 438 ]
25656 silly gunzTarPerm extractEntry dist/types/core/context.d.ts
25657 silly gunzTarPerm modified mode [ 'dist/types/core/context.d.ts', 420, 438 ]
25658 silly install resolved []
25659 verbose about to build C:\chef-master-pro\node_modules\exceljs\node_modules\jszip\node_modules\pako
25660 info build C:\chef-master-pro\node_modules\exceljs\node_modules\jszip\node_modules\pako
25661 verbose linkStuff [ false,
25661 verbose linkStuff   false,
25661 verbose linkStuff   false,
25661 verbose linkStuff   'C:\\chef-master-pro\\node_modules\\exceljs\\node_modules\\jszip\\node_modules' ]
25662 info linkStuff pako@1.0.11
25663 verbose linkBins pako@1.0.11
25664 verbose linkMans pako@1.0.11
25665 verbose rebuildBundles pako@1.0.11
25666 info install pako@1.0.11
25667 silly gunzTarPerm extractEntry modules/es.typed-array.last-index-of.js
25668 silly gunzTarPerm modified mode [ 'modules/es.typed-array.last-index-of.js', 420, 438 ]
25669 silly gunzTarPerm extractEntry modules/es.typed-array.map.js
25670 silly gunzTarPerm modified mode [ 'modules/es.typed-array.map.js', 420, 438 ]
25671 info postinstall pako@1.0.11
25672 verbose unlock done using C:\Users\Carlos García\AppData\Roaming\npm-cache\_locks\pako-54dde38ba8316b52.lock for C:\chef-master-pro\node_modules\exceljs\node_modules\jszip\node_modules\pako
25673 verbose about to build C:\chef-master-pro\node_modules\exceljs\node_modules\jszip
25674 info build C:\chef-master-pro\node_modules\exceljs\node_modules\jszip
25675 verbose linkStuff [ false,
25675 verbose linkStuff   false,
25675 verbose linkStuff   false,
25675 verbose linkStuff   'C:\\chef-master-pro\\node_modules\\exceljs\\node_modules' ]
25676 info linkStuff jszip@3.10.1
25677 verbose linkBins jszip@3.10.1
25678 verbose linkMans jszip@3.10.1
25679 verbose rebuildBundles jszip@3.10.1
25680 silly gunzTarPerm extractEntry dist/types/css/property-descriptors/counter-increment.d.ts
25681 silly gunzTarPerm modified mode [ 'dist/types/css/property-descriptors/counter-increment.d.ts',
25681 silly gunzTarPerm   420,
25681 silly gunzTarPerm   438 ]
25682 silly gunzTarPerm extractEntry dist/types/css/property-descriptors/counter-reset.d.ts
25683 silly gunzTarPerm modified mode [ 'dist/types/css/property-descriptors/counter-reset.d.ts',
25683 silly gunzTarPerm   420,
25683 silly gunzTarPerm   438 ]
25684 silly gunzTarPerm extractEntry dist/types/css/types/functions/counter.d.ts
25685 silly gunzTarPerm modified mode [ 'dist/types/css/types/functions/counter.d.ts', 420, 438 ]
25686 verbose rebuildBundles [ 'lie', 'pako', 'readable-stream', 'setimmediate' ]
25687 info install jszip@3.10.1
25688 silly gunzTarPerm extractEntry modules/es.typed-array.of.js
25689 silly gunzTarPerm modified mode [ 'modules/es.typed-array.of.js', 420, 438 ]
25690 silly gunzTarPerm extractEntry modules/es.typed-array.reduce-right.js
25691 silly gunzTarPerm modified mode [ 'modules/es.typed-array.reduce-right.js', 420, 438 ]
25692 info postinstall jszip@3.10.1
25693 verbose unlock done using C:\Users\Carlos García\AppData\Roaming\npm-cache\_locks\jszip-e2c279e2b4038dac.lock for C:\chef-master-pro\node_modules\exceljs\node_modules\jszip
25694 silly gunzTarPerm extractEntry modules/es.typed-array.reduce.js
25695 silly gunzTarPerm modified mode [ 'modules/es.typed-array.reduce.js', 420, 438 ]
25696 silly gunzTarPerm extractEntry modules/es.typed-array.reverse.js
25697 silly gunzTarPerm modified mode [ 'modules/es.typed-array.reverse.js', 420, 438 ]
25698 silly gunzTarPerm extractEntry modules/es.typed-array.set.js
25699 silly gunzTarPerm modified mode [ 'modules/es.typed-array.set.js', 420, 438 ]
25700 silly gunzTarPerm extractEntry modules/es.typed-array.slice.js
25701 silly gunzTarPerm modified mode [ 'modules/es.typed-array.slice.js', 420, 438 ]
25702 silly gunzTarPerm extractEntry modules/es.typed-array.some.js
25703 silly gunzTarPerm modified mode [ 'modules/es.typed-array.some.js', 420, 438 ]
25704 silly gunzTarPerm extractEntry modules/es.typed-array.sort.js
25705 silly gunzTarPerm modified mode [ 'modules/es.typed-array.sort.js', 420, 438 ]
25706 silly gunzTarPerm extractEntry dist/types/core/debugger.d.ts
25707 silly gunzTarPerm modified mode [ 'dist/types/core/debugger.d.ts', 420, 438 ]
25708 silly gunzTarPerm extractEntry modules/es.typed-array.subarray.js
25709 silly gunzTarPerm modified mode [ 'modules/es.typed-array.subarray.js', 420, 438 ]
25710 silly gunzTarPerm extractEntry modules/es.typed-array.to-locale-string.js
25711 silly gunzTarPerm modified mode [ 'modules/es.typed-array.to-locale-string.js', 420, 438 ]
25712 silly gunzTarPerm extractEntry modules/es.typed-array.to-reversed.js
25713 silly gunzTarPerm modified mode [ 'modules/es.typed-array.to-reversed.js', 420, 438 ]
25714 silly gunzTarPerm extractEntry modules/es.typed-array.to-sorted.js
25715 silly gunzTarPerm modified mode [ 'modules/es.typed-array.to-sorted.js', 420, 438 ]
25716 silly gunzTarPerm extractEntry dist/types/css/property-descriptors/direction.d.ts
25717 silly gunzTarPerm modified mode [ 'dist/types/css/property-descriptors/direction.d.ts',
25717 silly gunzTarPerm   420,
25717 silly gunzTarPerm   438 ]
25718 silly gunzTarPerm extractEntry dist/types/css/property-descriptors/display.d.ts
25719 silly gunzTarPerm modified mode [ 'dist/types/css/property-descriptors/display.d.ts', 420, 438 ]
25720 silly gunzTarPerm extractEntry modules/es.typed-array.to-string.js
25721 silly gunzTarPerm modified mode [ 'modules/es.typed-array.to-string.js', 420, 438 ]
25722 silly gunzTarPerm extractEntry modules/es.typed-array.uint16-array.js
25723 silly gunzTarPerm modified mode [ 'modules/es.typed-array.uint16-array.js', 420, 438 ]
25724 silly gunzTarPerm extractEntry modules/es.typed-array.uint32-array.js
25725 silly gunzTarPerm modified mode [ 'modules/es.typed-array.uint32-array.js', 420, 438 ]
25726 silly gunzTarPerm extractEntry modules/es.typed-array.uint8-array.js
25727 silly gunzTarPerm modified mode [ 'modules/es.typed-array.uint8-array.js', 420, 438 ]
25728 silly gunzTarPerm extractEntry dist/types/dom/__mocks__/document-cloner.d.ts
25729 silly gunzTarPerm modified mode [ 'dist/types/dom/__mocks__/document-cloner.d.ts', 420, 438 ]
25730 silly gunzTarPerm extractEntry dist/types/dom/document-cloner.d.ts
25731 silly gunzTarPerm modified mode [ 'dist/types/dom/document-cloner.d.ts', 420, 438 ]
25732 silly gunzTarPerm extractEntry modules/es.typed-array.uint8-clamped-array.js
25733 silly gunzTarPerm modified mode [ 'modules/es.typed-array.uint8-clamped-array.js', 420, 438 ]
25734 silly gunzTarPerm extractEntry modules/es.typed-array.with.js
25735 silly gunzTarPerm modified mode [ 'modules/es.typed-array.with.js', 420, 438 ]
25736 silly gunzTarPerm extractEntry dist/types/css/property-descriptors/duration.d.ts
25737 silly gunzTarPerm modified mode [ 'dist/types/css/property-descriptors/duration.d.ts', 420, 438 ]
25738 silly gunzTarPerm extractEntry dist/types/render/effects.d.ts
25739 silly gunzTarPerm modified mode [ 'dist/types/render/effects.d.ts', 420, 438 ]
25740 silly gunzTarPerm extractEntry modules/es.uint8-array.from-base64.js
25741 silly gunzTarPerm modified mode [ 'modules/es.uint8-array.from-base64.js', 420, 438 ]
25742 silly gunzTarPerm extractEntry modules/es.uint8-array.from-hex.js
25743 silly gunzTarPerm modified mode [ 'modules/es.uint8-array.from-hex.js', 420, 438 ]
25744 silly gunzTarPerm extractEntry dist/types/dom/element-container.d.ts
25745 silly gunzTarPerm modified mode [ 'dist/types/dom/element-container.d.ts', 420, 438 ]
25746 silly gunzTarPerm extractEntry dist/types/core/__mocks__/features.d.ts
25747 silly gunzTarPerm modified mode [ 'dist/types/core/__mocks__/features.d.ts', 420, 438 ]
25748 silly gunzTarPerm extractEntry modules/es.uint8-array.set-from-base64.js
25749 silly gunzTarPerm modified mode [ 'modules/es.uint8-array.set-from-base64.js', 420, 438 ]
25750 silly gunzTarPerm extractEntry modules/es.uint8-array.set-from-hex.js
25751 silly gunzTarPerm modified mode [ 'modules/es.uint8-array.set-from-hex.js', 420, 438 ]
25752 silly gunzTarPerm extractEntry modules/es.uint8-array.to-base64.js
25753 silly gunzTarPerm modified mode [ 'modules/es.uint8-array.to-base64.js', 420, 438 ]
25754 silly gunzTarPerm extractEntry modules/es.uint8-array.to-hex.js
25755 silly gunzTarPerm modified mode [ 'modules/es.uint8-array.to-hex.js', 420, 438 ]
25756 silly gunzTarPerm extractEntry dist/types/core/features.d.ts
25757 silly gunzTarPerm modified mode [ 'dist/types/core/features.d.ts', 420, 438 ]
25758 silly gunzTarPerm extractEntry dist/types/css/property-descriptors/float.d.ts
25759 silly gunzTarPerm modified mode [ 'dist/types/css/property-descriptors/float.d.ts', 420, 438 ]
25760 silly gunzTarPerm extractEntry modules/es.unescape.js
25761 silly gunzTarPerm modified mode [ 'modules/es.unescape.js', 420, 438 ]
25762 silly gunzTarPerm extractEntry modules/es.weak-map.constructor.js
25763 silly gunzTarPerm modified mode [ 'modules/es.weak-map.constructor.js', 420, 438 ]
25764 silly gunzTarPerm extractEntry dist/types/css/property-descriptors/__tests__/font-family.d.ts
25765 silly gunzTarPerm modified mode [ 'dist/types/css/property-descriptors/__tests__/font-family.d.ts',
25765 silly gunzTarPerm   420,
25765 silly gunzTarPerm   438 ]
25766 silly gunzTarPerm extractEntry dist/types/css/property-descriptors/font-family.d.ts
25767 silly gunzTarPerm modified mode [ 'dist/types/css/property-descriptors/font-family.d.ts',
25767 silly gunzTarPerm   420,
25767 silly gunzTarPerm   438 ]
25768 silly gunzTarPerm extractEntry modules/es.weak-map.get-or-insert-computed.js
25769 silly gunzTarPerm modified mode [ 'modules/es.weak-map.get-or-insert-computed.js', 420, 438 ]
25770 silly gunzTarPerm extractEntry modules/es.weak-map.get-or-insert.js
25771 silly gunzTarPerm modified mode [ 'modules/es.weak-map.get-or-insert.js', 420, 438 ]
25772 silly gunzTarPerm extractEntry dist/types/render/font-metrics.d.ts
25773 silly gunzTarPerm modified mode [ 'dist/types/render/font-metrics.d.ts', 420, 438 ]
25774 silly gunzTarPerm extractEntry dist/types/css/property-descriptors/font-size.d.ts
25775 silly gunzTarPerm modified mode [ 'dist/types/css/property-descriptors/font-size.d.ts',
25775 silly gunzTarPerm   420,
25775 silly gunzTarPerm   438 ]
25776 silly gunzTarPerm extractEntry modules/es.weak-map.js
25777 silly gunzTarPerm modified mode [ 'modules/es.weak-map.js', 420, 438 ]
25778 silly gunzTarPerm extractEntry modules/es.weak-set.constructor.js
25779 silly gunzTarPerm modified mode [ 'modules/es.weak-set.constructor.js', 420, 438 ]
25780 silly gunzTarPerm extractEntry dist/types/css/property-descriptors/font-style.d.ts
25781 silly gunzTarPerm modified mode [ 'dist/types/css/property-descriptors/font-style.d.ts',
25781 silly gunzTarPerm   420,
25781 silly gunzTarPerm   438 ]
25782 silly gunzTarPerm extractEntry dist/types/css/property-descriptors/font-variant.d.ts
25783 silly gunzTarPerm modified mode [ 'dist/types/css/property-descriptors/font-variant.d.ts',
25783 silly gunzTarPerm   420,
25783 silly gunzTarPerm   438 ]
25784 silly gunzTarPerm extractEntry modules/es.weak-set.js
25785 silly gunzTarPerm modified mode [ 'modules/es.weak-set.js', 420, 438 ]
25786 silly gunzTarPerm extractEntry actual/escape.js
25787 silly gunzTarPerm modified mode [ 'actual/escape.js', 420, 438 ]
25788 silly gunzTarPerm extractEntry dist/types/css/property-descriptors/font-weight.d.ts
25789 silly gunzTarPerm modified mode [ 'dist/types/css/property-descriptors/font-weight.d.ts',
25789 silly gunzTarPerm   420,
25789 silly gunzTarPerm   438 ]
25790 silly gunzTarPerm extractEntry dist/types/render/canvas/foreignobject-renderer.d.ts
25791 silly gunzTarPerm modified mode [ 'dist/types/render/canvas/foreignobject-renderer.d.ts',
25791 silly gunzTarPerm   420,
25791 silly gunzTarPerm   438 ]
25792 silly gunzTarPerm extractEntry actual/regexp/escape.js
25793 silly gunzTarPerm modified mode [ 'actual/regexp/escape.js', 420, 438 ]
25794 silly gunzTarPerm extractEntry es/escape.js
25795 silly gunzTarPerm modified mode [ 'es/escape.js', 420, 438 ]
25796 silly gunzTarPerm extractEntry dist/types/css/types/functions/gradient.d.ts
25797 silly gunzTarPerm modified mode [ 'dist/types/css/types/functions/gradient.d.ts', 420, 438 ]
25798 silly gunzTarPerm extractEntry dist/types/dom/replaced-elements/iframe-element-container.d.ts
25799 silly gunzTarPerm modified mode [ 'dist/types/dom/replaced-elements/iframe-element-container.d.ts',
25799 silly gunzTarPerm   420,
25799 silly gunzTarPerm   438 ]
25800 silly gunzTarPerm extractEntry es/regexp/escape.js
25801 silly gunzTarPerm modified mode [ 'es/regexp/escape.js', 420, 438 ]
25802 silly gunzTarPerm extractEntry features/escape.js
25803 silly gunzTarPerm modified mode [ 'features/escape.js', 420, 438 ]
25804 silly gunzTarPerm extractEntry dist/types/dom/replaced-elements/image-element-container.d.ts
25805 silly gunzTarPerm modified mode [ 'dist/types/dom/replaced-elements/image-element-container.d.ts',
25805 silly gunzTarPerm   420,
25805 silly gunzTarPerm   438 ]
25806 silly gunzTarPerm extractEntry dist/types/css/types/__tests__/image-tests.d.ts
25807 silly gunzTarPerm modified mode [ 'dist/types/css/types/__tests__/image-tests.d.ts', 420, 438 ]
25808 silly gunzTarPerm extractEntry features/regexp/escape.js
25809 silly gunzTarPerm modified mode [ 'features/regexp/escape.js', 420, 438 ]
25810 silly gunzTarPerm extractEntry full/escape.js
25811 silly gunzTarPerm modified mode [ 'full/escape.js', 420, 438 ]
25812 silly gunzTarPerm extractEntry dist/types/css/types/image.d.ts
25813 silly gunzTarPerm modified mode [ 'dist/types/css/types/image.d.ts', 420, 438 ]
25814 silly gunzTarPerm extractEntry dist/types/__tests__/index.d.ts
25815 silly gunzTarPerm modified mode [ 'dist/types/__tests__/index.d.ts', 420, 438 ]
25816 silly gunzTarPerm extractEntry full/regexp/escape.js
25817 silly gunzTarPerm modified mode [ 'full/regexp/escape.js', 420, 438 ]
25818 silly gunzTarPerm extractEntry stable/escape.js
25819 silly gunzTarPerm modified mode [ 'stable/escape.js', 420, 438 ]
25820 silly gunzTarPerm extractEntry dist/types/css/index.d.ts
25821 silly gunzTarPerm modified mode [ 'dist/types/css/index.d.ts', 420, 438 ]
25822 silly gunzTarPerm extractEntry dist/types/css/types/index.d.ts
25823 silly gunzTarPerm modified mode [ 'dist/types/css/types/index.d.ts', 420, 438 ]
25824 silly gunzTarPerm extractEntry stable/regexp/escape.js
25825 silly gunzTarPerm modified mode [ 'stable/regexp/escape.js', 420, 438 ]
25826 silly gunzTarPerm extractEntry modules/esnext.aggregate-error.js
25827 silly gunzTarPerm modified mode [ 'modules/esnext.aggregate-error.js', 420, 438 ]
25828 silly gunzTarPerm extractEntry modules/esnext.array-buffer.detached.js
25829 silly gunzTarPerm modified mode [ 'modules/esnext.array-buffer.detached.js', 420, 438 ]
25830 silly gunzTarPerm extractEntry modules/esnext.array-buffer.transfer-to-fixed-length.js
25831 silly gunzTarPerm modified mode [ 'modules/esnext.array-buffer.transfer-to-fixed-length.js',
25831 silly gunzTarPerm   420,
25831 silly gunzTarPerm   438 ]
25832 silly gunzTarPerm extractEntry dist/types/dom/replaced-elements/index.d.ts
25833 silly gunzTarPerm modified mode [ 'dist/types/dom/replaced-elements/index.d.ts', 420, 438 ]
25834 silly gunzTarPerm extractEntry dist/types/index.d.ts
25835 silly gunzTarPerm modified mode [ 'dist/types/index.d.ts', 420, 438 ]
25836 silly gunzTarPerm extractEntry modules/esnext.array-buffer.transfer.js
25837 silly gunzTarPerm modified mode [ 'modules/esnext.array-buffer.transfer.js', 420, 438 ]
25838 silly gunzTarPerm extractEntry modules/esnext.array.at.js
25839 silly gunzTarPerm modified mode [ 'modules/esnext.array.at.js', 420, 438 ]
25840 silly gunzTarPerm extractEntry dist/types/dom/replaced-elements/input-element-container.d.ts
25841 silly gunzTarPerm modified mode [ 'dist/types/dom/replaced-elements/input-element-container.d.ts',
25841 silly gunzTarPerm   420,
25841 silly gunzTarPerm   438 ]
25842 silly gunzTarPerm extractEntry dist/types/invariant.d.ts
25843 silly gunzTarPerm modified mode [ 'dist/types/invariant.d.ts', 420, 438 ]
25844 silly gunzTarPerm extractEntry modules/esnext.array.filter-out.js
25845 silly gunzTarPerm modified mode [ 'modules/esnext.array.filter-out.js', 420, 438 ]
25846 silly gunzTarPerm extractEntry modules/esnext.array.filter-reject.js
25847 silly gunzTarPerm modified mode [ 'modules/esnext.array.filter-reject.js', 420, 438 ]
25848 silly gunzTarPerm extractEntry modules/esnext.array.find-last-index.js
25849 silly gunzTarPerm modified mode [ 'modules/esnext.array.find-last-index.js', 420, 438 ]
25850 silly gunzTarPerm extractEntry modules/esnext.array.find-last.js
25851 silly gunzTarPerm modified mode [ 'modules/esnext.array.find-last.js', 420, 438 ]
25852 silly gunzTarPerm extractEntry dist/types/css/IPropertyDescriptor.d.ts
25853 silly gunzTarPerm modified mode [ 'dist/types/css/IPropertyDescriptor.d.ts', 420, 438 ]
25854 silly gunzTarPerm extractEntry dist/types/css/ITypeDescriptor.d.ts
25855 silly gunzTarPerm modified mode [ 'dist/types/css/ITypeDescriptor.d.ts', 420, 438 ]
25856 silly gunzTarPerm extractEntry modules/esnext.array.from-async.js
25857 silly gunzTarPerm modified mode [ 'modules/esnext.array.from-async.js', 420, 438 ]
25858 silly gunzTarPerm extractEntry modules/esnext.array.group-by-to-map.js
25859 silly gunzTarPerm modified mode [ 'modules/esnext.array.group-by-to-map.js', 420, 438 ]
25860 silly gunzTarPerm extractEntry dist/types/css/types/length-percentage.d.ts
25861 silly gunzTarPerm modified mode [ 'dist/types/css/types/length-percentage.d.ts', 420, 438 ]
25862 silly gunzTarPerm extractEntry dist/types/css/types/length.d.ts
25863 silly gunzTarPerm modified mode [ 'dist/types/css/types/length.d.ts', 420, 438 ]
25864 silly gunzTarPerm extractEntry modules/esnext.array.group-by.js
25865 silly gunzTarPerm modified mode [ 'modules/esnext.array.group-by.js', 420, 438 ]
25866 silly gunzTarPerm extractEntry modules/esnext.array.group-to-map.js
25867 silly gunzTarPerm modified mode [ 'modules/esnext.array.group-to-map.js', 420, 438 ]
25868 silly gunzTarPerm extractEntry dist/types/css/property-descriptors/letter-spacing.d.ts
25869 silly gunzTarPerm modified mode [ 'dist/types/css/property-descriptors/letter-spacing.d.ts',
25869 silly gunzTarPerm   420,
25869 silly gunzTarPerm   438 ]
25870 silly gunzTarPerm extractEntry dist/types/dom/elements/li-element-container.d.ts
25871 silly gunzTarPerm modified mode [ 'dist/types/dom/elements/li-element-container.d.ts', 420, 438 ]
25872 silly gunzTarPerm extractEntry modules/esnext.array.group.js
25873 silly gunzTarPerm modified mode [ 'modules/esnext.array.group.js', 420, 438 ]
25874 silly gunzTarPerm extractEntry modules/esnext.array.is-template-object.js
25875 silly gunzTarPerm modified mode [ 'modules/esnext.array.is-template-object.js', 420, 438 ]
25876 info preinstall canvg@3.0.11
25877 silly gunzTarPerm extractEntry modules/esnext.array.last-index.js
25878 silly gunzTarPerm modified mode [ 'modules/esnext.array.last-index.js', 420, 438 ]
25879 silly gunzTarPerm extractEntry modules/esnext.array.last-item.js
25880 silly gunzTarPerm modified mode [ 'modules/esnext.array.last-item.js', 420, 438 ]
25881 silly gunzTarPerm extractEntry dist/types/css/property-descriptors/line-break.d.ts
25882 silly gunzTarPerm modified mode [ 'dist/types/css/property-descriptors/line-break.d.ts',
25882 silly gunzTarPerm   420,
25882 silly gunzTarPerm   438 ]
25883 silly gunzTarPerm extractEntry dist/types/css/property-descriptors/line-height.d.ts
25884 silly gunzTarPerm modified mode [ 'dist/types/css/property-descriptors/line-height.d.ts',
25884 silly gunzTarPerm   420,
25884 silly gunzTarPerm   438 ]
25885 silly prepareForInstallMany adding @types/raf@^3.4.0 from canvg dependencies
25886 silly prepareForInstallMany adding raf@^3.4.1 from canvg dependencies
25887 silly prepareForInstallMany adding regenerator-runtime@^0.13.7 from canvg dependencies
25888 silly prepareForInstallMany adding rgbcolor@^1.0.1 from canvg dependencies
25889 silly prepareForInstallMany adding stackblur-canvas@^2.0.0 from canvg dependencies
25890 silly prepareForInstallMany adding svg-pathdata@^6.0.3 from canvg dependencies
25891 silly cache add args [ '@types/raf@^3.4.0', null ]
25892 verbose cache add spec @types/raf@^3.4.0
25893 silly cache add args [ 'raf@^3.4.1', null ]
25894 verbose cache add spec raf@^3.4.1
25895 silly cache add parsed spec { raw: '@types/raf@^3.4.0',
25895 silly cache add   scope: '@types',
25895 silly cache add   name: '@types/raf',
25895 silly cache add   rawSpec: '^3.4.0',
25895 silly cache add   spec: '>=3.4.0 <4.0.0',
25895 silly cache add   type: 'range' }
25896 verbose addNamed @types/raf@>=3.4.0 <4.0.0
25897 silly addNamed semver.valid null
25898 silly addNamed semver.validRange >=3.4.0 <4.0.0
25899 silly addNameRange { name: '@types/raf', range: '>=3.4.0 <4.0.0', hasData: false }
25900 silly mapToRegistry name @types/raf
25901 silly mapToRegistry scope (from package name) @types
25902 verbose mapToRegistry no registry URL found in name for scope @types
25903 silly mapToRegistry using default registry
25904 silly mapToRegistry registry https://registry.npmjs.org/
25905 silly mapToRegistry uri https://registry.npmjs.org/@types%2fraf
25906 verbose addNameRange registry:https://registry.npmjs.org/@types%2fraf not in flight; fetching
25907 silly cache add parsed spec { raw: 'raf@^3.4.1',
25907 silly cache add   scope: null,
25907 silly cache add   name: 'raf',
25907 silly cache add   rawSpec: '^3.4.1',
25907 silly cache add   spec: '>=3.4.1 <4.0.0',
25907 silly cache add   type: 'range' }
25908 verbose addNamed raf@>=3.4.1 <4.0.0
25909 silly addNamed semver.valid null
25910 silly addNamed semver.validRange >=3.4.1 <4.0.0
25911 silly addNameRange { name: 'raf', range: '>=3.4.1 <4.0.0', hasData: false }
25912 silly mapToRegistry name raf
25913 silly mapToRegistry using default registry
25914 silly mapToRegistry registry https://registry.npmjs.org/
25915 silly mapToRegistry uri https://registry.npmjs.org/raf
25916 verbose addNameRange registry:https://registry.npmjs.org/raf not in flight; fetching
25917 silly cache add args [ 'regenerator-runtime@^0.13.7', null ]
25918 verbose cache add spec regenerator-runtime@^0.13.7
25919 silly cache add parsed spec { raw: 'regenerator-runtime@^0.13.7',
25919 silly cache add   scope: null,
25919 silly cache add   name: 'regenerator-runtime',
25919 silly cache add   rawSpec: '^0.13.7',
25919 silly cache add   spec: '>=0.13.7 <0.14.0',
25919 silly cache add   type: 'range' }
25920 verbose addNamed regenerator-runtime@>=0.13.7 <0.14.0
25921 silly addNamed semver.valid null
25922 silly addNamed semver.validRange >=0.13.7 <0.14.0
25923 silly addNameRange { name: 'regenerator-runtime',
25923 silly addNameRange   range: '>=0.13.7 <0.14.0',
25923 silly addNameRange   hasData: false }
25924 silly mapToRegistry name regenerator-runtime
25925 silly mapToRegistry using default registry
25926 silly mapToRegistry registry https://registry.npmjs.org/
25927 silly mapToRegistry uri https://registry.npmjs.org/regenerator-runtime
25928 verbose addNameRange registry:https://registry.npmjs.org/regenerator-runtime not in flight; fetching
25929 silly cache add args [ 'rgbcolor@^1.0.1', null ]
25930 verbose cache add spec rgbcolor@^1.0.1
25931 silly cache add parsed spec { raw: 'rgbcolor@^1.0.1',
25931 silly cache add   scope: null,
25931 silly cache add   name: 'rgbcolor',
25931 silly cache add   rawSpec: '^1.0.1',
25931 silly cache add   spec: '>=1.0.1 <2.0.0',
25931 silly cache add   type: 'range' }
25932 verbose addNamed rgbcolor@>=1.0.1 <2.0.0
25933 silly addNamed semver.valid null
25934 silly addNamed semver.validRange >=1.0.1 <2.0.0
25935 silly addNameRange { name: 'rgbcolor', range: '>=1.0.1 <2.0.0', hasData: false }
25936 silly mapToRegistry name rgbcolor
25937 silly mapToRegistry using default registry
25938 silly mapToRegistry registry https://registry.npmjs.org/
25939 silly mapToRegistry uri https://registry.npmjs.org/rgbcolor
25940 verbose addNameRange registry:https://registry.npmjs.org/rgbcolor not in flight; fetching
25941 silly cache add args [ 'stackblur-canvas@^2.0.0', null ]
25942 verbose cache add spec stackblur-canvas@^2.0.0
25943 silly cache add parsed spec { raw: 'stackblur-canvas@^2.0.0',
25943 silly cache add   scope: null,
25943 silly cache add   name: 'stackblur-canvas',
25943 silly cache add   rawSpec: '^2.0.0',
25943 silly cache add   spec: '>=2.0.0 <3.0.0',
25943 silly cache add   type: 'range' }
25944 verbose addNamed stackblur-canvas@>=2.0.0 <3.0.0
25945 silly addNamed semver.valid null
25946 silly addNamed semver.validRange >=2.0.0 <3.0.0
25947 silly addNameRange { name: 'stackblur-canvas',
25947 silly addNameRange   range: '>=2.0.0 <3.0.0',
25947 silly addNameRange   hasData: false }
25948 silly mapToRegistry name stackblur-canvas
25949 silly mapToRegistry using default registry
25950 silly mapToRegistry registry https://registry.npmjs.org/
25951 silly mapToRegistry uri https://registry.npmjs.org/stackblur-canvas
25952 verbose addNameRange registry:https://registry.npmjs.org/stackblur-canvas not in flight; fetching
25953 silly cache add args [ 'svg-pathdata@^6.0.3', null ]
25954 verbose cache add spec svg-pathdata@^6.0.3
25955 silly cache add parsed spec { raw: 'svg-pathdata@^6.0.3',
25955 silly cache add   scope: null,
25955 silly cache add   name: 'svg-pathdata',
25955 silly cache add   rawSpec: '^6.0.3',
25955 silly cache add   spec: '>=6.0.3 <7.0.0',
25955 silly cache add   type: 'range' }
25956 verbose addNamed svg-pathdata@>=6.0.3 <7.0.0
25957 silly addNamed semver.valid null
25958 silly addNamed semver.validRange >=6.0.3 <7.0.0
25959 silly addNameRange { name: 'svg-pathdata', range: '>=6.0.3 <7.0.0', hasData: false }
25960 silly mapToRegistry name svg-pathdata
25961 silly mapToRegistry using default registry
25962 silly mapToRegistry registry https://registry.npmjs.org/
25963 silly mapToRegistry uri https://registry.npmjs.org/svg-pathdata
25964 verbose addNameRange registry:https://registry.npmjs.org/svg-pathdata not in flight; fetching
25965 verbose request uri https://registry.npmjs.org/@types%2fraf
25966 verbose request no auth needed
25967 info attempt registry request try #1 at 10:27:36
25968 verbose etag W/"a8a9d38438ac13238d7608206cc5e71c"
25969 verbose lastModified Sun, 03 Aug 2025 07:32:50 GMT
25970 http request GET https://registry.npmjs.org/@types%2fraf
25971 verbose request uri https://registry.npmjs.org/raf
25972 verbose request no auth needed
25973 info attempt registry request try #1 at 10:27:36
25974 verbose etag W/"93ac141977a444bcece60fc2d91764af"
25975 verbose lastModified Sat, 25 Jun 2022 09:54:02 GMT
25976 http request GET https://registry.npmjs.org/raf
25977 silly gunzTarPerm extractEntry modules/esnext.array.to-reversed.js
25978 silly gunzTarPerm modified mode [ 'modules/esnext.array.to-reversed.js', 420, 438 ]
25979 silly gunzTarPerm extractEntry modules/esnext.array.to-sorted.js
25980 silly gunzTarPerm modified mode [ 'modules/esnext.array.to-sorted.js', 420, 438 ]
25981 silly gunzTarPerm extractEntry dist/types/css/types/functions/linear-gradient.d.ts
25982 silly gunzTarPerm modified mode [ 'dist/types/css/types/functions/linear-gradient.d.ts',
25982 silly gunzTarPerm   420,
25982 silly gunzTarPerm   438 ]
25983 silly gunzTarPerm extractEntry dist/types/css/property-descriptors/list-style-image.d.ts
25984 silly gunzTarPerm modified mode [ 'dist/types/css/property-descriptors/list-style-image.d.ts',
25984 silly gunzTarPerm   420,
25984 silly gunzTarPerm   438 ]
25985 verbose request uri https://registry.npmjs.org/rgbcolor
25986 verbose request no auth needed
25987 info attempt registry request try #1 at 10:27:36
25988 verbose etag W/"ed3c6aeeff4e4da531198b4475b51e7f"
25989 verbose lastModified Sun, 26 Jun 2022 13:07:42 GMT
25990 http request GET https://registry.npmjs.org/rgbcolor
25991 verbose request uri https://registry.npmjs.org/regenerator-runtime
25992 verbose request no auth needed
25993 info attempt registry request try #1 at 10:27:36
25994 verbose etag W/"61cb9feaa496f836e6b086e35ef22908"
25995 verbose lastModified Fri, 15 Dec 2023 20:53:02 GMT
25996 http request GET https://registry.npmjs.org/regenerator-runtime
25997 verbose request uri https://registry.npmjs.org/stackblur-canvas
25998 verbose request no auth needed
25999 info attempt registry request try #1 at 10:27:36
26000 verbose etag W/"8771dd6e62e35f25326230ad6778a6fa"
26001 verbose lastModified Sat, 14 Mar 2026 01:17:41 GMT
26002 http request GET https://registry.npmjs.org/stackblur-canvas
26003 verbose request uri https://registry.npmjs.org/svg-pathdata
26004 verbose request no auth needed
26005 info attempt registry request try #1 at 10:27:36
26006 verbose etag W/"868c843e9cedd172ad73b75aeba38383"
26007 verbose lastModified Fri, 27 Mar 2026 13:53:32 GMT
26008 http request GET https://registry.npmjs.org/svg-pathdata
26009 silly gunzTarPerm extractEntry modules/esnext.array.to-spliced.js
26010 silly gunzTarPerm modified mode [ 'modules/esnext.array.to-spliced.js', 420, 438 ]
26011 silly gunzTarPerm extractEntry modules/esnext.array.unique-by.js
26012 silly gunzTarPerm modified mode [ 'modules/esnext.array.unique-by.js', 420, 438 ]
26013 silly gunzTarPerm extractEntry dist/types/css/property-descriptors/list-style-position.d.ts
26014 silly gunzTarPerm modified mode [ 'dist/types/css/property-descriptors/list-style-position.d.ts',
26014 silly gunzTarPerm   420,
26014 silly gunzTarPerm   438 ]
26015 silly gunzTarPerm extractEntry dist/types/css/property-descriptors/list-style-type.d.ts
26016 silly gunzTarPerm modified mode [ 'dist/types/css/property-descriptors/list-style-type.d.ts',
26016 silly gunzTarPerm   420,
26016 silly gunzTarPerm   438 ]
26017 silly gunzTarPerm extractEntry modules/esnext.array.with.js
26018 silly gunzTarPerm modified mode [ 'modules/esnext.array.with.js', 420, 438 ]
26019 silly gunzTarPerm extractEntry modules/esnext.async-disposable-stack.constructor.js
26020 silly gunzTarPerm modified mode [ 'modules/esnext.async-disposable-stack.constructor.js',
26020 silly gunzTarPerm   420,
26020 silly gunzTarPerm   438 ]
26021 silly gunzTarPerm extractEntry dist/types/core/__mocks__/logger.d.ts
26022 silly gunzTarPerm modified mode [ 'dist/types/core/__mocks__/logger.d.ts', 420, 438 ]
26023 silly gunzTarPerm extractEntry dist/types/core/__tests__/logger.d.ts
26024 silly gunzTarPerm modified mode [ 'dist/types/core/__tests__/logger.d.ts', 420, 438 ]
26025 silly gunzTarPerm extractEntry modules/esnext.async-iterator.as-indexed-pairs.js
26026 silly gunzTarPerm modified mode [ 'modules/esnext.async-iterator.as-indexed-pairs.js', 420, 438 ]
26027 silly gunzTarPerm extractEntry modules/esnext.async-iterator.async-dispose.js
26028 silly gunzTarPerm modified mode [ 'modules/esnext.async-iterator.async-dispose.js', 420, 438 ]
26029 silly gunzTarPerm extractEntry dist/types/core/logger.d.ts
26030 silly gunzTarPerm modified mode [ 'dist/types/core/logger.d.ts', 420, 438 ]
26031 silly gunzTarPerm extractEntry dist/types/css/property-descriptors/margin.d.ts
26032 silly gunzTarPerm modified mode [ 'dist/types/css/property-descriptors/margin.d.ts', 420, 438 ]
26033 silly gunzTarPerm extractEntry modules/esnext.async-iterator.constructor.js
26034 silly gunzTarPerm modified mode [ 'modules/esnext.async-iterator.constructor.js', 420, 438 ]
26035 silly gunzTarPerm extractEntry modules/esnext.async-iterator.drop.js
26036 silly gunzTarPerm modified mode [ 'modules/esnext.async-iterator.drop.js', 420, 438 ]
26037 silly gunzTarPerm extractEntry dist/types/dom/node-parser.d.ts
26038 silly gunzTarPerm modified mode [ 'dist/types/dom/node-parser.d.ts', 420, 438 ]
26039 silly gunzTarPerm extractEntry dist/types/dom/elements/ol-element-container.d.ts
26040 silly gunzTarPerm modified mode [ 'dist/types/dom/elements/ol-element-container.d.ts', 420, 438 ]
26041 silly gunzTarPerm extractEntry modules/esnext.async-iterator.every.js
26042 silly gunzTarPerm modified mode [ 'modules/esnext.async-iterator.every.js', 420, 438 ]
26043 silly gunzTarPerm extractEntry modules/esnext.async-iterator.filter.js
26044 silly gunzTarPerm modified mode [ 'modules/esnext.async-iterator.filter.js', 420, 438 ]
26045 silly gunzTarPerm extractEntry dist/types/css/property-descriptors/opacity.d.ts
26046 silly gunzTarPerm modified mode [ 'dist/types/css/property-descriptors/opacity.d.ts', 420, 438 ]
26047 silly gunzTarPerm extractEntry dist/types/css/property-descriptors/overflow-wrap.d.ts
26048 silly gunzTarPerm modified mode [ 'dist/types/css/property-descriptors/overflow-wrap.d.ts',
26048 silly gunzTarPerm   420,
26048 silly gunzTarPerm   438 ]
26049 silly gunzTarPerm extractEntry modules/esnext.async-iterator.find.js
26050 silly gunzTarPerm modified mode [ 'modules/esnext.async-iterator.find.js', 420, 438 ]
26051 silly gunzTarPerm extractEntry modules/esnext.async-iterator.flat-map.js
26052 silly gunzTarPerm modified mode [ 'modules/esnext.async-iterator.flat-map.js', 420, 438 ]
26053 silly gunzTarPerm extractEntry dist/types/css/property-descriptors/overflow.d.ts
26054 silly gunzTarPerm modified mode [ 'dist/types/css/property-descriptors/overflow.d.ts', 420, 438 ]
26055 silly gunzTarPerm extractEntry dist/types/css/property-descriptors/padding.d.ts
26056 silly gunzTarPerm modified mode [ 'dist/types/css/property-descriptors/padding.d.ts', 420, 438 ]
26057 silly gunzTarPerm extractEntry modules/esnext.async-iterator.for-each.js
26058 silly gunzTarPerm modified mode [ 'modules/esnext.async-iterator.for-each.js', 420, 438 ]
26059 silly gunzTarPerm extractEntry modules/esnext.async-iterator.from.js
26060 silly gunzTarPerm modified mode [ 'modules/esnext.async-iterator.from.js', 420, 438 ]
26061 silly gunzTarPerm extractEntry modules/esnext.async-iterator.indexed.js
26062 silly gunzTarPerm modified mode [ 'modules/esnext.async-iterator.indexed.js', 420, 438 ]
26063 silly gunzTarPerm extractEntry modules/esnext.async-iterator.map.js
26064 silly gunzTarPerm modified mode [ 'modules/esnext.async-iterator.map.js', 420, 438 ]
26065 silly gunzTarPerm extractEntry dist/types/css/property-descriptors/__tests__/paint-order.d.ts
26066 silly gunzTarPerm modified mode [ 'dist/types/css/property-descriptors/__tests__/paint-order.d.ts',
26066 silly gunzTarPerm   420,
26066 silly gunzTarPerm   438 ]
26067 silly gunzTarPerm extractEntry dist/types/css/property-descriptors/paint-order.d.ts
26068 silly gunzTarPerm modified mode [ 'dist/types/css/property-descriptors/paint-order.d.ts',
26068 silly gunzTarPerm   420,
26068 silly gunzTarPerm   438 ]
26069 silly gunzTarPerm extractEntry modules/esnext.async-iterator.reduce.js
26070 silly gunzTarPerm modified mode [ 'modules/esnext.async-iterator.reduce.js', 420, 438 ]
26071 silly gunzTarPerm extractEntry modules/esnext.async-iterator.some.js
26072 silly gunzTarPerm modified mode [ 'modules/esnext.async-iterator.some.js', 420, 438 ]
26073 silly gunzTarPerm extractEntry modules/esnext.async-iterator.take.js
26074 silly gunzTarPerm modified mode [ 'modules/esnext.async-iterator.take.js', 420, 438 ]
26075 silly gunzTarPerm extractEntry modules/esnext.async-iterator.to-array.js
26076 silly gunzTarPerm modified mode [ 'modules/esnext.async-iterator.to-array.js', 420, 438 ]
26077 silly gunzTarPerm extractEntry dist/types/css/syntax/parser.d.ts
26078 silly gunzTarPerm modified mode [ 'dist/types/css/syntax/parser.d.ts', 420, 438 ]
26079 silly gunzTarPerm extractEntry dist/types/render/path.d.ts
26080 silly gunzTarPerm modified mode [ 'dist/types/render/path.d.ts', 420, 438 ]
26081 silly gunzTarPerm extractEntry dist/types/css/property-descriptors/position.d.ts
26082 silly gunzTarPerm modified mode [ 'dist/types/css/property-descriptors/position.d.ts', 420, 438 ]
26083 silly gunzTarPerm extractEntry dist/types/dom/replaced-elements/pseudo-elements.d.ts
26084 silly gunzTarPerm modified mode [ 'dist/types/dom/replaced-elements/pseudo-elements.d.ts',
26084 silly gunzTarPerm   420,
26084 silly gunzTarPerm   438 ]
26085 silly gunzTarPerm extractEntry modules/esnext.bigint.range.js
26086 silly gunzTarPerm modified mode [ 'modules/esnext.bigint.range.js', 420, 438 ]
26087 silly gunzTarPerm extractEntry modules/esnext.composite-key.js
26088 silly gunzTarPerm modified mode [ 'modules/esnext.composite-key.js', 420, 438 ]
26089 silly gunzTarPerm extractEntry modules/esnext.composite-symbol.js
26090 silly gunzTarPerm modified mode [ 'modules/esnext.composite-symbol.js', 420, 438 ]
26091 silly gunzTarPerm extractEntry modules/esnext.data-view.get-float16.js
26092 silly gunzTarPerm modified mode [ 'modules/esnext.data-view.get-float16.js', 420, 438 ]
26093 silly gunzTarPerm extractEntry dist/types/css/property-descriptors/quotes.d.ts
26094 silly gunzTarPerm modified mode [ 'dist/types/css/property-descriptors/quotes.d.ts', 420, 438 ]
26095 silly gunzTarPerm extractEntry dist/types/css/types/functions/__tests__/radial-gradient.d.ts
26096 silly gunzTarPerm modified mode [ 'dist/types/css/types/functions/__tests__/radial-gradient.d.ts',
26096 silly gunzTarPerm   420,
26096 silly gunzTarPerm   438 ]
26097 silly gunzTarPerm extractEntry modules/esnext.data-view.get-uint8-clamped.js
26098 silly gunzTarPerm modified mode [ 'modules/esnext.data-view.get-uint8-clamped.js', 420, 438 ]
26099 silly gunzTarPerm extractEntry modules/esnext.data-view.set-float16.js
26100 silly gunzTarPerm modified mode [ 'modules/esnext.data-view.set-float16.js', 420, 438 ]
26101 silly gunzTarPerm extractEntry dist/types/css/types/functions/radial-gradient.d.ts
26102 silly gunzTarPerm modified mode [ 'dist/types/css/types/functions/radial-gradient.d.ts',
26102 silly gunzTarPerm   420,
26102 silly gunzTarPerm   438 ]
26103 silly gunzTarPerm extractEntry dist/types/render/renderer.d.ts
26104 silly gunzTarPerm modified mode [ 'dist/types/render/renderer.d.ts', 420, 438 ]
26105 silly gunzTarPerm extractEntry modules/esnext.data-view.set-uint8-clamped.js
26106 silly gunzTarPerm modified mode [ 'modules/esnext.data-view.set-uint8-clamped.js', 420, 438 ]
26107 silly gunzTarPerm extractEntry modules/esnext.disposable-stack.constructor.js
26108 silly gunzTarPerm modified mode [ 'modules/esnext.disposable-stack.constructor.js', 420, 438 ]
26109 silly gunzTarPerm extractEntry dist/types/dom/elements/select-element-container.d.ts
26110 silly gunzTarPerm modified mode [ 'dist/types/dom/elements/select-element-container.d.ts',
26110 silly gunzTarPerm   420,
26110 silly gunzTarPerm   438 ]
26111 silly gunzTarPerm extractEntry dist/types/render/stacking-context.d.ts
26112 silly gunzTarPerm modified mode [ 'dist/types/render/stacking-context.d.ts', 420, 438 ]
26113 silly gunzTarPerm extractEntry modules/esnext.error.is-error.js
26114 silly gunzTarPerm modified mode [ 'modules/esnext.error.is-error.js', 420, 438 ]
26115 silly gunzTarPerm extractEntry modules/esnext.function.demethodize.js
26116 silly gunzTarPerm modified mode [ 'modules/esnext.function.demethodize.js', 420, 438 ]
26117 silly gunzTarPerm extractEntry dist/types/dom/replaced-elements/svg-element-container.d.ts
26118 silly gunzTarPerm modified mode [ 'dist/types/dom/replaced-elements/svg-element-container.d.ts',
26118 silly gunzTarPerm   420,
26118 silly gunzTarPerm   438 ]
26119 silly gunzTarPerm extractEntry dist/types/css/property-descriptors/text-align.d.ts
26120 silly gunzTarPerm modified mode [ 'dist/types/css/property-descriptors/text-align.d.ts',
26120 silly gunzTarPerm   420,
26120 silly gunzTarPerm   438 ]
26121 silly gunzTarPerm extractEntry modules/esnext.function.is-callable.js
26122 silly gunzTarPerm modified mode [ 'modules/esnext.function.is-callable.js', 420, 438 ]
26123 silly gunzTarPerm extractEntry modules/esnext.function.is-constructor.js
26124 silly gunzTarPerm modified mode [ 'modules/esnext.function.is-constructor.js', 420, 438 ]
26125 silly gunzTarPerm extractEntry dist/types/dom/text-container.d.ts
26126 silly gunzTarPerm modified mode [ 'dist/types/dom/text-container.d.ts', 420, 438 ]
26127 silly gunzTarPerm extractEntry dist/types/css/property-descriptors/text-decoration-color.d.ts
26128 silly gunzTarPerm modified mode [ 'dist/types/css/property-descriptors/text-decoration-color.d.ts',
26128 silly gunzTarPerm   420,
26128 silly gunzTarPerm   438 ]
26129 silly gunzTarPerm extractEntry modules/esnext.function.metadata.js
26130 silly gunzTarPerm modified mode [ 'modules/esnext.function.metadata.js', 420, 438 ]
26131 silly gunzTarPerm extractEntry modules/esnext.function.un-this.js
26132 silly gunzTarPerm modified mode [ 'modules/esnext.function.un-this.js', 420, 438 ]
26133 silly gunzTarPerm extractEntry modules/esnext.global-this.js
26134 silly gunzTarPerm modified mode [ 'modules/esnext.global-this.js', 420, 438 ]
26135 silly gunzTarPerm extractEntry modules/esnext.iterator.as-indexed-pairs.js
26136 silly gunzTarPerm modified mode [ 'modules/esnext.iterator.as-indexed-pairs.js', 420, 438 ]
26137 silly gunzTarPerm extractEntry modules/esnext.iterator.chunks.js
26138 silly gunzTarPerm modified mode [ 'modules/esnext.iterator.chunks.js', 420, 438 ]
26139 silly gunzTarPerm extractEntry modules/esnext.iterator.concat.js
26140 silly gunzTarPerm modified mode [ 'modules/esnext.iterator.concat.js', 420, 438 ]
26141 silly gunzTarPerm extractEntry dist/types/css/property-descriptors/text-decoration-line.d.ts
26142 silly gunzTarPerm modified mode [ 'dist/types/css/property-descriptors/text-decoration-line.d.ts',
26142 silly gunzTarPerm   420,
26142 silly gunzTarPerm   438 ]
26143 silly gunzTarPerm extractEntry dist/types/css/property-descriptors/__tests__/text-shadow.d.ts
26144 silly gunzTarPerm modified mode [ 'dist/types/css/property-descriptors/__tests__/text-shadow.d.ts',
26144 silly gunzTarPerm   420,
26144 silly gunzTarPerm   438 ]
26145 silly gunzTarPerm extractEntry modules/esnext.iterator.constructor.js
26146 silly gunzTarPerm modified mode [ 'modules/esnext.iterator.constructor.js', 420, 438 ]
26147 silly gunzTarPerm extractEntry modules/esnext.iterator.dispose.js
26148 silly gunzTarPerm modified mode [ 'modules/esnext.iterator.dispose.js', 420, 438 ]
26149 silly gunzTarPerm extractEntry dist/types/css/property-descriptors/text-shadow.d.ts
26150 silly gunzTarPerm modified mode [ 'dist/types/css/property-descriptors/text-shadow.d.ts',
26150 silly gunzTarPerm   420,
26150 silly gunzTarPerm   438 ]
26151 silly gunzTarPerm extractEntry dist/types/css/property-descriptors/text-transform.d.ts
26152 silly gunzTarPerm modified mode [ 'dist/types/css/property-descriptors/text-transform.d.ts',
26152 silly gunzTarPerm   420,
26152 silly gunzTarPerm   438 ]
26153 silly gunzTarPerm extractEntry modules/esnext.iterator.drop.js
26154 silly gunzTarPerm modified mode [ 'modules/esnext.iterator.drop.js', 420, 438 ]
26155 silly gunzTarPerm extractEntry modules/esnext.iterator.every.js
26156 silly gunzTarPerm modified mode [ 'modules/esnext.iterator.every.js', 420, 438 ]
26157 silly gunzTarPerm extractEntry dist/types/css/layout/text.d.ts
26158 silly gunzTarPerm modified mode [ 'dist/types/css/layout/text.d.ts', 420, 438 ]
26159 silly gunzTarPerm extractEntry dist/types/dom/elements/textarea-element-container.d.ts
26160 silly gunzTarPerm modified mode [ 'dist/types/dom/elements/textarea-element-container.d.ts',
26160 silly gunzTarPerm   420,
26160 silly gunzTarPerm   438 ]
26161 silly gunzTarPerm extractEntry modules/esnext.iterator.filter.js
26162 silly gunzTarPerm modified mode [ 'modules/esnext.iterator.filter.js', 420, 438 ]
26163 silly gunzTarPerm extractEntry modules/esnext.iterator.find.js
26164 silly gunzTarPerm modified mode [ 'modules/esnext.iterator.find.js', 420, 438 ]
26165 silly gunzTarPerm extractEntry dist/types/css/types/time.d.ts
26166 silly gunzTarPerm modified mode [ 'dist/types/css/types/time.d.ts', 420, 438 ]
26167 silly gunzTarPerm extractEntry dist/types/css/syntax/tokenizer.d.ts
26168 silly gunzTarPerm modified mode [ 'dist/types/css/syntax/tokenizer.d.ts', 420, 438 ]
26169 silly gunzTarPerm extractEntry modules/esnext.iterator.flat-map.js
26170 silly gunzTarPerm modified mode [ 'modules/esnext.iterator.flat-map.js', 420, 438 ]
26171 silly gunzTarPerm extractEntry modules/esnext.iterator.for-each.js
26172 silly gunzTarPerm modified mode [ 'modules/esnext.iterator.for-each.js', 420, 438 ]
26173 silly gunzTarPerm extractEntry modules/esnext.iterator.from.js
26174 silly gunzTarPerm modified mode [ 'modules/esnext.iterator.from.js', 420, 438 ]
26175 silly gunzTarPerm extractEntry modules/esnext.iterator.indexed.js
26176 silly gunzTarPerm modified mode [ 'modules/esnext.iterator.indexed.js', 420, 438 ]
26177 silly gunzTarPerm extractEntry dist/types/css/syntax/__tests__/tokernizer-tests.d.ts
26178 silly gunzTarPerm modified mode [ 'dist/types/css/syntax/__tests__/tokernizer-tests.d.ts',
26178 silly gunzTarPerm   420,
26178 silly gunzTarPerm   438 ]
26179 silly gunzTarPerm extractEntry dist/types/css/property-descriptors/transform-origin.d.ts
26180 silly gunzTarPerm modified mode [ 'dist/types/css/property-descriptors/transform-origin.d.ts',
26180 silly gunzTarPerm   420,
26180 silly gunzTarPerm   438 ]
26181 silly gunzTarPerm extractEntry dist/types/css/property-descriptors/__tests__/transform-tests.d.ts
26182 silly gunzTarPerm modified mode [ 'dist/types/css/property-descriptors/__tests__/transform-tests.d.ts',
26182 silly gunzTarPerm   420,
26182 silly gunzTarPerm   438 ]
26183 silly gunzTarPerm extractEntry dist/types/css/property-descriptors/transform.d.ts
26184 silly gunzTarPerm modified mode [ 'dist/types/css/property-descriptors/transform.d.ts',
26184 silly gunzTarPerm   420,
26184 silly gunzTarPerm   438 ]
26185 silly gunzTarPerm extractEntry modules/esnext.iterator.map.js
26186 silly gunzTarPerm modified mode [ 'modules/esnext.iterator.map.js', 420, 438 ]
26187 silly gunzTarPerm extractEntry modules/esnext.iterator.range.js
26188 silly gunzTarPerm modified mode [ 'modules/esnext.iterator.range.js', 420, 438 ]
26189 silly gunzTarPerm extractEntry modules/esnext.iterator.reduce.js
26190 silly gunzTarPerm modified mode [ 'modules/esnext.iterator.reduce.js', 420, 438 ]
26191 silly gunzTarPerm extractEntry modules/esnext.iterator.sliding.js
26192 silly gunzTarPerm modified mode [ 'modules/esnext.iterator.sliding.js', 420, 438 ]
26193 silly gunzTarPerm extractEntry modules/esnext.iterator.some.js
26194 silly gunzTarPerm modified mode [ 'modules/esnext.iterator.some.js', 420, 438 ]
26195 silly gunzTarPerm extractEntry modules/esnext.iterator.take.js
26196 silly gunzTarPerm modified mode [ 'modules/esnext.iterator.take.js', 420, 438 ]
26197 silly gunzTarPerm extractEntry dist/types/core/util.d.ts
26198 silly gunzTarPerm modified mode [ 'dist/types/core/util.d.ts', 420, 438 ]
26199 silly gunzTarPerm extractEntry dist/types/render/vector.d.ts
26200 silly gunzTarPerm modified mode [ 'dist/types/render/vector.d.ts', 420, 438 ]
26201 silly gunzTarPerm extractEntry modules/esnext.iterator.to-array.js
26202 silly gunzTarPerm modified mode [ 'modules/esnext.iterator.to-array.js', 420, 438 ]
26203 silly gunzTarPerm extractEntry modules/esnext.iterator.to-async.js
26204 silly gunzTarPerm modified mode [ 'modules/esnext.iterator.to-async.js', 420, 438 ]
26205 silly gunzTarPerm extractEntry modules/esnext.iterator.windows.js
26206 silly gunzTarPerm modified mode [ 'modules/esnext.iterator.windows.js', 420, 438 ]
26207 silly gunzTarPerm extractEntry modules/esnext.iterator.zip-keyed.js
26208 silly gunzTarPerm modified mode [ 'modules/esnext.iterator.zip-keyed.js', 420, 438 ]
26209 silly gunzTarPerm extractEntry dist/types/css/property-descriptors/visibility.d.ts
26210 silly gunzTarPerm modified mode [ 'dist/types/css/property-descriptors/visibility.d.ts',
26210 silly gunzTarPerm   420,
26210 silly gunzTarPerm   438 ]
26211 silly gunzTarPerm extractEntry dist/types/css/property-descriptors/webkit-text-stroke-color.d.ts
26212 silly gunzTarPerm modified mode [ 'dist/types/css/property-descriptors/webkit-text-stroke-color.d.ts',
26212 silly gunzTarPerm   420,
26212 silly gunzTarPerm   438 ]
26213 silly gunzTarPerm extractEntry modules/esnext.iterator.zip.js
26214 silly gunzTarPerm modified mode [ 'modules/esnext.iterator.zip.js', 420, 438 ]
26215 silly gunzTarPerm extractEntry modules/esnext.json.is-raw-json.js
26216 silly gunzTarPerm modified mode [ 'modules/esnext.json.is-raw-json.js', 420, 438 ]
26217 silly gunzTarPerm extractEntry dist/types/css/property-descriptors/webkit-text-stroke-width.d.ts
26218 silly gunzTarPerm modified mode [ 'dist/types/css/property-descriptors/webkit-text-stroke-width.d.ts',
26218 silly gunzTarPerm   420,
26218 silly gunzTarPerm   438 ]
26219 silly gunzTarPerm extractEntry dist/types/css/property-descriptors/word-break.d.ts
26220 silly gunzTarPerm modified mode [ 'dist/types/css/property-descriptors/word-break.d.ts',
26220 silly gunzTarPerm   420,
26220 silly gunzTarPerm   438 ]
26221 silly gunzTarPerm extractEntry dist/types/css/property-descriptors/z-index.d.ts
26222 silly gunzTarPerm modified mode [ 'dist/types/css/property-descriptors/z-index.d.ts', 420, 438 ]
26223 silly gunzTarPerm extractEntry modules/esnext.json.parse.js
26224 silly gunzTarPerm modified mode [ 'modules/esnext.json.parse.js', 420, 438 ]
26225 silly gunzTarPerm extractEntry modules/esnext.json.raw-json.js
26226 silly gunzTarPerm modified mode [ 'modules/esnext.json.raw-json.js', 420, 438 ]
26227 silly gunzTarPerm extractEntry modules/esnext.map.delete-all.js
26228 silly gunzTarPerm modified mode [ 'modules/esnext.map.delete-all.js', 420, 438 ]
26229 silly gunzTarPerm extractEntry modules/esnext.map.emplace.js
26230 silly gunzTarPerm modified mode [ 'modules/esnext.map.emplace.js', 420, 438 ]
26231 silly gunzTarPerm extractEntry modules/esnext.map.every.js
26232 silly gunzTarPerm modified mode [ 'modules/esnext.map.every.js', 420, 438 ]
26233 silly gunzTarPerm extractEntry modules/esnext.map.filter.js
26234 silly gunzTarPerm modified mode [ 'modules/esnext.map.filter.js', 420, 438 ]
26235 silly gunzTarPerm extractEntry modules/esnext.map.find-key.js
26236 silly gunzTarPerm modified mode [ 'modules/esnext.map.find-key.js', 420, 438 ]
26237 silly gunzTarPerm extractEntry modules/esnext.map.find.js
26238 silly gunzTarPerm modified mode [ 'modules/esnext.map.find.js', 420, 438 ]
26239 silly gunzTarPerm extractEntry modules/esnext.map.from.js
26240 silly gunzTarPerm modified mode [ 'modules/esnext.map.from.js', 420, 438 ]
26241 silly gunzTarPerm extractEntry modules/esnext.map.get-or-insert-computed.js
26242 silly gunzTarPerm modified mode [ 'modules/esnext.map.get-or-insert-computed.js', 420, 438 ]
26243 silly gunzTarPerm extractEntry modules/esnext.map.get-or-insert.js
26244 silly gunzTarPerm modified mode [ 'modules/esnext.map.get-or-insert.js', 420, 438 ]
26245 silly gunzTarPerm extractEntry modules/esnext.map.group-by.js
26246 silly gunzTarPerm modified mode [ 'modules/esnext.map.group-by.js', 420, 438 ]
26247 silly gunzTarPerm extractEntry modules/esnext.map.includes.js
26248 silly gunzTarPerm modified mode [ 'modules/esnext.map.includes.js', 420, 438 ]
26249 silly gunzTarPerm extractEntry modules/esnext.map.key-by.js
26250 silly gunzTarPerm modified mode [ 'modules/esnext.map.key-by.js', 420, 438 ]
26251 silly gunzTarPerm extractEntry modules/esnext.map.key-of.js
26252 silly gunzTarPerm modified mode [ 'modules/esnext.map.key-of.js', 420, 438 ]
26253 silly gunzTarPerm extractEntry modules/esnext.map.map-keys.js
26254 silly gunzTarPerm modified mode [ 'modules/esnext.map.map-keys.js', 420, 438 ]
26255 silly gunzTarPerm extractEntry modules/esnext.map.map-values.js
26256 silly gunzTarPerm modified mode [ 'modules/esnext.map.map-values.js', 420, 438 ]
26257 silly gunzTarPerm extractEntry modules/esnext.map.merge.js
26258 silly gunzTarPerm modified mode [ 'modules/esnext.map.merge.js', 420, 438 ]
26259 silly gunzTarPerm extractEntry modules/esnext.map.of.js
26260 silly gunzTarPerm modified mode [ 'modules/esnext.map.of.js', 420, 438 ]
26261 silly gunzTarPerm extractEntry modules/esnext.map.reduce.js
26262 silly gunzTarPerm modified mode [ 'modules/esnext.map.reduce.js', 420, 438 ]
26263 silly gunzTarPerm extractEntry modules/esnext.map.some.js
26264 silly gunzTarPerm modified mode [ 'modules/esnext.map.some.js', 420, 438 ]
26265 silly gunzTarPerm extractEntry modules/esnext.map.update-or-insert.js
26266 silly gunzTarPerm modified mode [ 'modules/esnext.map.update-or-insert.js', 420, 438 ]
26267 silly gunzTarPerm extractEntry modules/esnext.map.update.js
26268 silly gunzTarPerm modified mode [ 'modules/esnext.map.update.js', 420, 438 ]
26269 silly gunzTarPerm extractEntry modules/esnext.map.upsert.js
26270 silly gunzTarPerm modified mode [ 'modules/esnext.map.upsert.js', 420, 438 ]
26271 silly gunzTarPerm extractEntry modules/esnext.math.clamp.js
26272 silly gunzTarPerm modified mode [ 'modules/esnext.math.clamp.js', 420, 438 ]
26273 silly gunzTarPerm extractEntry modules/esnext.math.deg-per-rad.js
26274 silly gunzTarPerm modified mode [ 'modules/esnext.math.deg-per-rad.js', 420, 438 ]
26275 silly gunzTarPerm extractEntry modules/esnext.math.degrees.js
26276 silly gunzTarPerm modified mode [ 'modules/esnext.math.degrees.js', 420, 438 ]
26277 silly gunzTarPerm extractEntry modules/esnext.math.f16round.js
26278 silly gunzTarPerm modified mode [ 'modules/esnext.math.f16round.js', 420, 438 ]
26279 silly gunzTarPerm extractEntry modules/esnext.math.fscale.js
26280 silly gunzTarPerm modified mode [ 'modules/esnext.math.fscale.js', 420, 438 ]
26281 silly gunzTarPerm extractEntry modules/esnext.math.iaddh.js
26282 silly gunzTarPerm modified mode [ 'modules/esnext.math.iaddh.js', 420, 438 ]
26283 silly gunzTarPerm extractEntry modules/esnext.math.imulh.js
26284 silly gunzTarPerm modified mode [ 'modules/esnext.math.imulh.js', 420, 438 ]
26285 silly gunzTarPerm extractEntry modules/esnext.math.isubh.js
26286 silly gunzTarPerm modified mode [ 'modules/esnext.math.isubh.js', 420, 438 ]
26287 silly gunzTarPerm extractEntry modules/esnext.math.rad-per-deg.js
26288 silly gunzTarPerm modified mode [ 'modules/esnext.math.rad-per-deg.js', 420, 438 ]
26289 silly gunzTarPerm extractEntry modules/esnext.math.radians.js
26290 silly gunzTarPerm modified mode [ 'modules/esnext.math.radians.js', 420, 438 ]
26291 silly gunzTarPerm extractEntry modules/esnext.math.scale.js
26292 silly gunzTarPerm modified mode [ 'modules/esnext.math.scale.js', 420, 438 ]
26293 silly gunzTarPerm extractEntry modules/esnext.math.seeded-prng.js
26294 silly gunzTarPerm modified mode [ 'modules/esnext.math.seeded-prng.js', 420, 438 ]
26295 silly gunzTarPerm extractEntry modules/esnext.math.signbit.js
26296 silly gunzTarPerm modified mode [ 'modules/esnext.math.signbit.js', 420, 438 ]
26297 silly gunzTarPerm extractEntry modules/esnext.math.sum-precise.js
26298 silly gunzTarPerm modified mode [ 'modules/esnext.math.sum-precise.js', 420, 438 ]
26299 silly gunzTarPerm extractEntry modules/esnext.math.umulh.js
26300 silly gunzTarPerm modified mode [ 'modules/esnext.math.umulh.js', 420, 438 ]
26301 silly gunzTarPerm extractEntry modules/esnext.number.clamp.js
26302 silly gunzTarPerm modified mode [ 'modules/esnext.number.clamp.js', 420, 438 ]
26303 silly gunzTarPerm extractEntry modules/esnext.number.from-string.js
26304 silly gunzTarPerm modified mode [ 'modules/esnext.number.from-string.js', 420, 438 ]
26305 silly gunzTarPerm extractEntry modules/esnext.number.range.js
26306 silly gunzTarPerm modified mode [ 'modules/esnext.number.range.js', 420, 438 ]
26307 http 304 https://registry.npmjs.org/stackblur-canvas
26308 silly get cb [ 304,
26308 silly get   { date: 'Tue, 21 Apr 2026 16:27:35 GMT',
26308 silly get     connection: 'keep-alive',
26308 silly get     'set-cookie': [ '_cfuvid=hgMCVxdv3OtGc4gXLf_j9WwPZXfRfnKmkvuSZrHbNzo-1776788855.049898-1.0.1.1-xvsaLNvnADPwTORotLrbyVVggFIPBTzm9Gsv3UW.vqA; HttpOnly; SameSite=None; Secure; Path=/; Domain=npmjs.org' ],
26308 silly get     'cf-ray': '9efdc1c80f350db9-SAP',
26308 silly get     'cf-cache-status': 'HIT',
26308 silly get     'access-control-allow-origin': '*',
26308 silly get     'cache-control': 'public, max-age=300',
26308 silly get     etag: '"8771dd6e62e35f25326230ad6778a6fa"',
26308 silly get     'last-modified': 'Sat, 14 Mar 2026 01:17:41 GMT',
26308 silly get     server: 'cloudflare',
26308 silly get     vary: 'Accept-Encoding' } ]
26309 verbose etag https://registry.npmjs.org/stackblur-canvas from cache
26310 verbose get saving stackblur-canvas to C:\Users\Carlos García\AppData\Roaming\npm-cache\registry.npmjs.org\stackblur-canvas\.cache.json
26311 http 304 https://registry.npmjs.org/svg-pathdata
26312 silly get cb [ 304,
26312 silly get   { date: 'Tue, 21 Apr 2026 16:27:35 GMT',
26312 silly get     connection: 'keep-alive',
26312 silly get     'set-cookie': [ '_cfuvid=cOjcARm5Sv8c_H6TQhE58svkkgGoRasZmzunLCxtEBw-1776788855.0677392-1.0.1.1-E3TKVFd1.uzdiCjb4k4ieKDfcm6iQmid2ILEk0Hxd7E; HttpOnly; SameSite=None; Secure; Path=/; Domain=npmjs.org' ],
26312 silly get     'cf-ray': '9efdc1c82bb28ea7-SAP',
26312 silly get     'cf-cache-status': 'HIT',
26312 silly get     'access-control-allow-origin': '*',
26312 silly get     'cache-control': 'public, max-age=300',
26312 silly get     etag: '"868c843e9cedd172ad73b75aeba38383"',
26312 silly get     'last-modified': 'Fri, 27 Mar 2026 13:53:32 GMT',
26312 silly get     server: 'cloudflare',
26312 silly get     vary: 'Accept-Encoding' } ]
26313 verbose etag https://registry.npmjs.org/svg-pathdata from cache
26314 verbose get saving svg-pathdata to C:\Users\Carlos García\AppData\Roaming\npm-cache\registry.npmjs.org\svg-pathdata\.cache.json
26315 silly gunzTarPerm extractEntry modules/esnext.object.group-by.js
26316 silly gunzTarPerm modified mode [ 'modules/esnext.object.group-by.js', 420, 438 ]
26317 silly gunzTarPerm extractEntry modules/esnext.object.has-own.js
26318 silly gunzTarPerm modified mode [ 'modules/esnext.object.has-own.js', 420, 438 ]
26319 http 304 https://registry.npmjs.org/rgbcolor
26320 silly get cb [ 304,
26320 silly get   { date: 'Tue, 21 Apr 2026 16:27:35 GMT',
26320 silly get     connection: 'keep-alive',
26320 silly get     'set-cookie': [ '_cfuvid=AI0O64YauW.TSjBMX9C6ztq.piVzY3q2vmEURZ.QBQE-1776788855.0786438-1.0.1.1-199p8LS27gXkw5gIubS_k64zaG0V9rbiX4zizQHqkrA; HttpOnly; SameSite=None; Secure; Path=/; Domain=npmjs.org' ],
26320 silly get     'cf-ray': '9efdc1c83bc88ea7-SAP',
26320 silly get     'cf-cache-status': 'HIT',
26320 silly get     'access-control-allow-origin': '*',
26320 silly get     'cache-control': 'public, max-age=300',
26320 silly get     etag: '"ed3c6aeeff4e4da531198b4475b51e7f"',
26320 silly get     'last-modified': 'Sun, 26 Jun 2022 13:07:42 GMT',
26320 silly get     server: 'cloudflare',
26320 silly get     vary: 'Accept-Encoding' } ]
26321 verbose etag https://registry.npmjs.org/rgbcolor from cache
26322 verbose get saving rgbcolor to C:\Users\Carlos García\AppData\Roaming\npm-cache\registry.npmjs.org\rgbcolor\.cache.json
26323 silly gunzTarPerm extractEntry modules/esnext.object.iterate-entries.js
26324 silly gunzTarPerm modified mode [ 'modules/esnext.object.iterate-entries.js', 420, 438 ]
26325 silly gunzTarPerm extractEntry modules/esnext.object.iterate-keys.js
26326 silly gunzTarPerm modified mode [ 'modules/esnext.object.iterate-keys.js', 420, 438 ]
26327 silly gunzTarPerm extractEntry modules/esnext.object.iterate-values.js
26328 silly gunzTarPerm modified mode [ 'modules/esnext.object.iterate-values.js', 420, 438 ]
26329 silly gunzTarPerm extractEntry modules/esnext.observable.constructor.js
26330 silly gunzTarPerm modified mode [ 'modules/esnext.observable.constructor.js', 420, 438 ]
26331 silly gunzTarPerm extractEntry modules/esnext.observable.from.js
26332 silly gunzTarPerm modified mode [ 'modules/esnext.observable.from.js', 420, 438 ]
26333 silly gunzTarPerm extractEntry modules/esnext.observable.js
26334 silly gunzTarPerm modified mode [ 'modules/esnext.observable.js', 420, 438 ]
26335 http 304 https://registry.npmjs.org/@types%2fraf
26336 silly get cb [ 304,
26336 silly get   { date: 'Tue, 21 Apr 2026 16:27:35 GMT',
26336 silly get     connection: 'keep-alive',
26336 silly get     'set-cookie': [ '_cfuvid=IhSHsEKMqxgI2Xq7ESW5Y2L9MZKBA2SXHxadw0KhS_4-1776788855.0781696-1.0.1.1-PdlKqShiGI77qmYIZcaIBsBOVrYlj6BpDjztEm3iP9o; HttpOnly; SameSite=None; Secure; Path=/; Domain=npmjs.org' ],
26336 silly get     'cf-ray': '9efdc1c83bc48ea7-SAP',
26336 silly get     'cf-cache-status': 'HIT',
26336 silly get     'access-control-allow-origin': '*',
26336 silly get     age: '268',
26336 silly get     'cache-control': 'public, max-age=300',
26336 silly get     etag: '"a8a9d38438ac13238d7608206cc5e71c"',
26336 silly get     'last-modified': 'Sun, 03 Aug 2025 07:32:50 GMT',
26336 silly get     server: 'cloudflare',
26336 silly get     vary: 'Accept-Encoding' } ]
26337 verbose etag https://registry.npmjs.org/@types%2fraf from cache
26338 verbose get saving @types/raf to C:\Users\Carlos García\AppData\Roaming\npm-cache\registry.npmjs.org\_40types_252fraf\.cache.json
26339 silly gunzTarPerm extractEntry modules/esnext.observable.of.js
26340 silly gunzTarPerm modified mode [ 'modules/esnext.observable.of.js', 420, 438 ]
26341 silly gunzTarPerm extractEntry modules/esnext.promise.all-settled.js
26342 silly gunzTarPerm modified mode [ 'modules/esnext.promise.all-settled.js', 420, 438 ]
26343 silly addNameRange number 2 { name: '@types/raf', range: '>=3.4.0 <4.0.0', hasData: true }
26344 silly addNameRange versions [ '@types/raf', [ '3.4.0', '3.4.1', '3.4.2', '3.4.3' ] ]
26345 verbose addNamed @types/raf@3.4.3
26346 silly addNamed semver.valid 3.4.3
26347 silly addNamed semver.validRange 3.4.3
26348 silly gunzTarPerm extractEntry modules/esnext.promise.any.js
26349 silly gunzTarPerm modified mode [ 'modules/esnext.promise.any.js', 420, 438 ]
26350 silly gunzTarPerm extractEntry modules/esnext.promise.try.js
26351 silly gunzTarPerm modified mode [ 'modules/esnext.promise.try.js', 420, 438 ]
26352 silly cache afterAdd @types/raf@3.4.3
26353 verbose afterAdd C:\Users\Carlos García\AppData\Roaming\npm-cache\@types\raf\3.4.3\package\package.json not in flight; writing
26354 silly addNameRange number 2 { name: 'stackblur-canvas',
26354 silly addNameRange   range: '>=2.0.0 <3.0.0',
26354 silly addNameRange   hasData: true }
26355 silly addNameRange versions [ 'stackblur-canvas',
26355 silly addNameRange   [ '1.0.0',
26355 silly addNameRange     '1.1.0',
26355 silly addNameRange     '1.2.0',
26355 silly addNameRange     '1.2.1',
26355 silly addNameRange     '1.3.0',
26355 silly addNameRange     '1.4.0',
26355 silly addNameRange     '1.4.1',
26355 silly addNameRange     '2.0.0',
26355 silly addNameRange     '2.1.0',
26355 silly addNameRange     '2.2.0',
26355 silly addNameRange     '2.3.0',
26355 silly addNameRange     '2.4.0',
26355 silly addNameRange     '2.5.0',
26355 silly addNameRange     '2.6.0',
26355 silly addNameRange     '2.7.0',
26355 silly addNameRange     '3.0.0',
26355 silly addNameRange     '3.0.1' ] ]
26356 verbose addNamed stackblur-canvas@2.7.0
26357 silly addNamed semver.valid 2.7.0
26358 silly addNamed semver.validRange 2.7.0
26359 silly gunzTarPerm extractEntry modules/esnext.promise.with-resolvers.js
26360 silly gunzTarPerm modified mode [ 'modules/esnext.promise.with-resolvers.js', 420, 438 ]
26361 silly gunzTarPerm extractEntry modules/esnext.reflect.define-metadata.js
26362 silly gunzTarPerm modified mode [ 'modules/esnext.reflect.define-metadata.js', 420, 438 ]
26363 silly addNameRange number 2 { name: 'svg-pathdata', range: '>=6.0.3 <7.0.0', hasData: true }
26364 silly addNameRange versions [ 'svg-pathdata',
26364 silly addNameRange   [ '0.0.0',
26364 silly addNameRange     '0.0.1',
26364 silly addNameRange     '0.0.2',
26364 silly addNameRange     '0.0.3',
26364 silly addNameRange     '0.0.4',
26364 silly addNameRange     '0.0.5',
26364 silly addNameRange     '0.0.6',
26364 silly addNameRange     '1.0.0',
26364 silly addNameRange     '1.0.1',
26364 silly addNameRange     '1.0.2',
26364 silly addNameRange     '1.0.3',
26364 silly addNameRange     '1.0.4',
26364 silly addNameRange     '2.0.0',
26364 silly addNameRange     '2.0.1',
26364 silly addNameRange     '2.0.3',
26364 silly addNameRange     '3.0.0',
26364 silly addNameRange     '3.1.0',
26364 silly addNameRange     '3.1.1',
26364 silly addNameRange     '3.2.0',
26364 silly addNameRange     '3.2.1',
26364 silly addNameRange     '3.2.2',
26364 silly addNameRange     '3.2.3',
26364 silly addNameRange     '4.0.0',
26364 silly addNameRange     '4.0.1',
26364 silly addNameRange     '5.0.0',
26364 silly addNameRange     '5.0.1',
26364 silly addNameRange     '5.0.2',
26364 silly addNameRange     '5.0.3',
26364 silly addNameRange     '5.0.4',
26364 silly addNameRange     '5.0.5',
26364 silly addNameRange     '6.0.0',
26364 silly addNameRange     '6.0.1',
26364 silly addNameRange     '6.0.2',
26364 silly addNameRange     '6.0.3',
26364 silly addNameRange     '7.0.0',
26364 silly addNameRange     '7.0.1',
26364 silly addNameRange     '7.1.0',
26364 silly addNameRange     '7.2.0',
26364 silly addNameRange     '8.0.0',
26364 silly addNameRange     '9.0.0' ] ]
26365 verbose addNamed svg-pathdata@6.0.3
26366 silly addNamed semver.valid 6.0.3
26367 silly addNamed semver.validRange 6.0.3
26368 verbose afterAdd C:\Users\Carlos García\AppData\Roaming\npm-cache\@types\raf\3.4.3\package\package.json written
26369 silly cache afterAdd stackblur-canvas@2.7.0
26370 verbose afterAdd C:\Users\Carlos García\AppData\Roaming\npm-cache\stackblur-canvas\2.7.0\package\package.json not in flight; writing
26371 silly gunzTarPerm extractEntry modules/esnext.reflect.delete-metadata.js
26372 silly gunzTarPerm modified mode [ 'modules/esnext.reflect.delete-metadata.js', 420, 438 ]
26373 silly gunzTarPerm extractEntry modules/esnext.reflect.get-metadata-keys.js
26374 silly gunzTarPerm modified mode [ 'modules/esnext.reflect.get-metadata-keys.js', 420, 438 ]
26375 silly cache afterAdd svg-pathdata@6.0.3
26376 verbose afterAdd C:\Users\Carlos García\AppData\Roaming\npm-cache\svg-pathdata\6.0.3\package\package.json not in flight; writing
26377 silly addNameRange number 2 { name: 'rgbcolor', range: '>=1.0.1 <2.0.0', hasData: true }
26378 silly addNameRange versions [ 'rgbcolor',
26378 silly addNameRange   [ '0.0.1',
26378 silly addNameRange     '0.0.2',
26378 silly addNameRange     '0.0.3',
26378 silly addNameRange     '0.0.4',
26378 silly addNameRange     '0.0.5',
26378 silly addNameRange     '0.0.6',
26378 silly addNameRange     '1.0.0',
26378 silly addNameRange     '1.0.1' ] ]
26379 verbose addNamed rgbcolor@1.0.1
26380 silly addNamed semver.valid 1.0.1
26381 silly addNamed semver.validRange 1.0.1
26382 verbose afterAdd C:\Users\Carlos García\AppData\Roaming\npm-cache\stackblur-canvas\2.7.0\package\package.json written
26383 silly gunzTarPerm extractEntry modules/esnext.reflect.get-metadata.js
26384 silly gunzTarPerm modified mode [ 'modules/esnext.reflect.get-metadata.js', 420, 438 ]
26385 silly gunzTarPerm extractEntry modules/esnext.reflect.get-own-metadata-keys.js
26386 silly gunzTarPerm modified mode [ 'modules/esnext.reflect.get-own-metadata-keys.js', 420, 438 ]
26387 verbose afterAdd C:\Users\Carlos García\AppData\Roaming\npm-cache\svg-pathdata\6.0.3\package\package.json written
26388 silly cache afterAdd rgbcolor@1.0.1
26389 verbose afterAdd C:\Users\Carlos García\AppData\Roaming\npm-cache\rgbcolor\1.0.1\package\package.json not in flight; writing
26390 silly gunzTarPerm extractEntry modules/esnext.reflect.get-own-metadata.js
26391 silly gunzTarPerm modified mode [ 'modules/esnext.reflect.get-own-metadata.js', 420, 438 ]
26392 silly gunzTarPerm extractEntry modules/esnext.reflect.has-metadata.js
26393 silly gunzTarPerm modified mode [ 'modules/esnext.reflect.has-metadata.js', 420, 438 ]
26394 verbose afterAdd C:\Users\Carlos García\AppData\Roaming\npm-cache\rgbcolor\1.0.1\package\package.json written
26395 silly gunzTarPerm extractEntry modules/esnext.reflect.has-own-metadata.js
26396 silly gunzTarPerm modified mode [ 'modules/esnext.reflect.has-own-metadata.js', 420, 438 ]
26397 silly gunzTarPerm extractEntry modules/esnext.reflect.metadata.js
26398 silly gunzTarPerm modified mode [ 'modules/esnext.reflect.metadata.js', 420, 438 ]
26399 silly gunzTarPerm extractEntry modules/esnext.regexp.escape.js
26400 silly gunzTarPerm modified mode [ 'modules/esnext.regexp.escape.js', 420, 438 ]
26401 silly gunzTarPerm extractEntry modules/esnext.set.add-all.js
26402 silly gunzTarPerm modified mode [ 'modules/esnext.set.add-all.js', 420, 438 ]
26403 silly gunzTarPerm extractEntry modules/esnext.set.delete-all.js
26404 silly gunzTarPerm modified mode [ 'modules/esnext.set.delete-all.js', 420, 438 ]
26405 silly gunzTarPerm extractEntry modules/esnext.set.difference.js
26406 silly gunzTarPerm modified mode [ 'modules/esnext.set.difference.js', 420, 438 ]
26407 silly gunzTarPerm extractEntry modules/esnext.set.difference.v2.js
26408 silly gunzTarPerm modified mode [ 'modules/esnext.set.difference.v2.js', 420, 438 ]
26409 silly gunzTarPerm extractEntry modules/esnext.set.every.js
26410 silly gunzTarPerm modified mode [ 'modules/esnext.set.every.js', 420, 438 ]
26411 silly gunzTarPerm extractEntry modules/esnext.set.filter.js
26412 silly gunzTarPerm modified mode [ 'modules/esnext.set.filter.js', 420, 438 ]
26413 silly gunzTarPerm extractEntry modules/esnext.set.find.js
26414 silly gunzTarPerm modified mode [ 'modules/esnext.set.find.js', 420, 438 ]
26415 silly gunzTarPerm extractEntry modules/esnext.set.from.js
26416 silly gunzTarPerm modified mode [ 'modules/esnext.set.from.js', 420, 438 ]
26417 silly gunzTarPerm extractEntry modules/esnext.set.intersection.js
26418 silly gunzTarPerm modified mode [ 'modules/esnext.set.intersection.js', 420, 438 ]
26419 info preinstall dayjs@1.11.20
26420 silly gunzTarPerm extractEntry modules/esnext.set.intersection.v2.js
26421 silly gunzTarPerm modified mode [ 'modules/esnext.set.intersection.v2.js', 420, 438 ]
26422 silly gunzTarPerm extractEntry modules/esnext.set.is-disjoint-from.js
26423 silly gunzTarPerm modified mode [ 'modules/esnext.set.is-disjoint-from.js', 420, 438 ]
26424 silly install resolved []
26425 verbose about to build C:\chef-master-pro\node_modules\exceljs\node_modules\dayjs
26426 info build C:\chef-master-pro\node_modules\exceljs\node_modules\dayjs
26427 verbose linkStuff [ false,
26427 verbose linkStuff   false,
26427 verbose linkStuff   false,
26427 verbose linkStuff   'C:\\chef-master-pro\\node_modules\\exceljs\\node_modules' ]
26428 info linkStuff dayjs@1.11.20
26429 verbose linkBins dayjs@1.11.20
26430 verbose linkMans dayjs@1.11.20
26431 verbose rebuildBundles dayjs@1.11.20
26432 info install dayjs@1.11.20
26433 info postinstall dayjs@1.11.20
26434 silly gunzTarPerm extractEntry modules/esnext.set.is-disjoint-from.v2.js
26435 silly gunzTarPerm modified mode [ 'modules/esnext.set.is-disjoint-from.v2.js', 420, 438 ]
26436 silly gunzTarPerm extractEntry modules/esnext.set.is-subset-of.js
26437 silly gunzTarPerm modified mode [ 'modules/esnext.set.is-subset-of.js', 420, 438 ]
26438 verbose unlock done using C:\Users\Carlos García\AppData\Roaming\npm-cache\_locks\dayjs-e959ceafb06c760e.lock for C:\chef-master-pro\node_modules\exceljs\node_modules\dayjs
26439 silly gunzTarPerm extractEntry modules/esnext.set.is-subset-of.v2.js
26440 silly gunzTarPerm modified mode [ 'modules/esnext.set.is-subset-of.v2.js', 420, 438 ]
26441 silly gunzTarPerm extractEntry modules/esnext.set.is-superset-of.js
26442 silly gunzTarPerm modified mode [ 'modules/esnext.set.is-superset-of.js', 420, 438 ]
26443 silly gunzTarPerm extractEntry modules/esnext.set.is-superset-of.v2.js
26444 silly gunzTarPerm modified mode [ 'modules/esnext.set.is-superset-of.v2.js', 420, 438 ]
26445 silly gunzTarPerm extractEntry modules/esnext.set.join.js
26446 silly gunzTarPerm modified mode [ 'modules/esnext.set.join.js', 420, 438 ]
26447 silly gunzTarPerm extractEntry modules/esnext.set.map.js
26448 silly gunzTarPerm modified mode [ 'modules/esnext.set.map.js', 420, 438 ]
26449 silly gunzTarPerm extractEntry modules/esnext.set.of.js
26450 silly gunzTarPerm modified mode [ 'modules/esnext.set.of.js', 420, 438 ]
26451 silly gunzTarPerm extractEntry modules/esnext.set.reduce.js
26452 silly gunzTarPerm modified mode [ 'modules/esnext.set.reduce.js', 420, 438 ]
26453 silly gunzTarPerm extractEntry modules/esnext.set.some.js
26454 silly gunzTarPerm modified mode [ 'modules/esnext.set.some.js', 420, 438 ]
26455 silly gunzTarPerm extractEntry modules/esnext.set.symmetric-difference.js
26456 silly gunzTarPerm modified mode [ 'modules/esnext.set.symmetric-difference.js', 420, 438 ]
26457 silly gunzTarPerm extractEntry modules/esnext.set.symmetric-difference.v2.js
26458 silly gunzTarPerm modified mode [ 'modules/esnext.set.symmetric-difference.v2.js', 420, 438 ]
26459 silly gunzTarPerm extractEntry modules/esnext.set.union.js
26460 silly gunzTarPerm modified mode [ 'modules/esnext.set.union.js', 420, 438 ]
26461 silly gunzTarPerm extractEntry modules/esnext.set.union.v2.js
26462 silly gunzTarPerm modified mode [ 'modules/esnext.set.union.v2.js', 420, 438 ]
26463 silly gunzTarPerm extractEntry modules/esnext.string.at-alternative.js
26464 silly gunzTarPerm modified mode [ 'modules/esnext.string.at-alternative.js', 420, 438 ]
26465 silly gunzTarPerm extractEntry modules/esnext.string.at.js
26466 silly gunzTarPerm modified mode [ 'modules/esnext.string.at.js', 420, 438 ]
26467 silly gunzTarPerm extractEntry modules/esnext.string.code-points.js
26468 silly gunzTarPerm modified mode [ 'modules/esnext.string.code-points.js', 420, 438 ]
26469 silly gunzTarPerm extractEntry modules/esnext.string.cooked.js
26470 silly gunzTarPerm modified mode [ 'modules/esnext.string.cooked.js', 420, 438 ]
26471 silly gunzTarPerm extractEntry modules/esnext.string.dedent.js
26472 silly gunzTarPerm modified mode [ 'modules/esnext.string.dedent.js', 420, 438 ]
26473 silly gunzTarPerm extractEntry modules/esnext.string.is-well-formed.js
26474 silly gunzTarPerm modified mode [ 'modules/esnext.string.is-well-formed.js', 420, 438 ]
26475 silly gunzTarPerm extractEntry modules/esnext.string.match-all.js
26476 silly gunzTarPerm modified mode [ 'modules/esnext.string.match-all.js', 420, 438 ]
26477 silly gunzTarPerm extractEntry modules/esnext.string.replace-all.js
26478 silly gunzTarPerm modified mode [ 'modules/esnext.string.replace-all.js', 420, 438 ]
26479 silly gunzTarPerm extractEntry modules/esnext.string.to-well-formed.js
26480 silly gunzTarPerm modified mode [ 'modules/esnext.string.to-well-formed.js', 420, 438 ]
26481 silly gunzTarPerm extractEntry modules/esnext.suppressed-error.constructor.js
26482 silly gunzTarPerm modified mode [ 'modules/esnext.suppressed-error.constructor.js', 420, 438 ]
26483 silly gunzTarPerm extractEntry modules/esnext.symbol.async-dispose.js
26484 silly gunzTarPerm modified mode [ 'modules/esnext.symbol.async-dispose.js', 420, 438 ]
26485 silly gunzTarPerm extractEntry modules/esnext.symbol.custom-matcher.js
26486 silly gunzTarPerm modified mode [ 'modules/esnext.symbol.custom-matcher.js', 420, 438 ]
26487 silly gunzTarPerm extractEntry modules/esnext.symbol.dispose.js
26488 silly gunzTarPerm modified mode [ 'modules/esnext.symbol.dispose.js', 420, 438 ]
26489 silly gunzTarPerm extractEntry modules/esnext.symbol.is-registered-symbol.js
26490 silly gunzTarPerm modified mode [ 'modules/esnext.symbol.is-registered-symbol.js', 420, 438 ]
26491 silly gunzTarPerm extractEntry modules/esnext.symbol.is-registered.js
26492 silly gunzTarPerm modified mode [ 'modules/esnext.symbol.is-registered.js', 420, 438 ]
26493 silly gunzTarPerm extractEntry modules/esnext.symbol.is-well-known-symbol.js
26494 silly gunzTarPerm modified mode [ 'modules/esnext.symbol.is-well-known-symbol.js', 420, 438 ]
26495 silly gunzTarPerm extractEntry modules/esnext.symbol.is-well-known.js
26496 silly gunzTarPerm modified mode [ 'modules/esnext.symbol.is-well-known.js', 420, 438 ]
26497 silly gunzTarPerm extractEntry modules/esnext.symbol.matcher.js
26498 silly gunzTarPerm modified mode [ 'modules/esnext.symbol.matcher.js', 420, 438 ]
26499 silly gunzTarPerm extractEntry modules/esnext.symbol.metadata-key.js
26500 silly gunzTarPerm modified mode [ 'modules/esnext.symbol.metadata-key.js', 420, 438 ]
26501 silly gunzTarPerm extractEntry modules/esnext.symbol.metadata.js
26502 silly gunzTarPerm modified mode [ 'modules/esnext.symbol.metadata.js', 420, 438 ]
26503 silly gunzTarPerm extractEntry modules/esnext.symbol.observable.js
26504 silly gunzTarPerm modified mode [ 'modules/esnext.symbol.observable.js', 420, 438 ]
26505 silly gunzTarPerm extractEntry modules/esnext.symbol.pattern-match.js
26506 silly gunzTarPerm modified mode [ 'modules/esnext.symbol.pattern-match.js', 420, 438 ]
26507 silly gunzTarPerm extractEntry modules/esnext.symbol.replace-all.js
26508 silly gunzTarPerm modified mode [ 'modules/esnext.symbol.replace-all.js', 420, 438 ]
26509 silly gunzTarPerm extractEntry modules/esnext.typed-array.at.js
26510 silly gunzTarPerm modified mode [ 'modules/esnext.typed-array.at.js', 420, 438 ]
26511 silly gunzTarPerm extractEntry modules/esnext.typed-array.filter-out.js
26512 silly gunzTarPerm modified mode [ 'modules/esnext.typed-array.filter-out.js', 420, 438 ]
26513 silly gunzTarPerm extractEntry modules/esnext.typed-array.filter-reject.js
26514 silly gunzTarPerm modified mode [ 'modules/esnext.typed-array.filter-reject.js', 420, 438 ]
26515 silly gunzTarPerm extractEntry modules/esnext.typed-array.find-last-index.js
26516 silly gunzTarPerm modified mode [ 'modules/esnext.typed-array.find-last-index.js', 420, 438 ]
26517 silly gunzTarPerm extractEntry modules/esnext.typed-array.find-last.js
26518 silly gunzTarPerm modified mode [ 'modules/esnext.typed-array.find-last.js', 420, 438 ]
26519 info preinstall pako@2.1.0
26520 silly install resolved []
26521 verbose about to build C:\chef-master-pro\node_modules\jspdf\node_modules\fast-png\node_modules\pako
26522 info build C:\chef-master-pro\node_modules\jspdf\node_modules\fast-png\node_modules\pako
26523 verbose linkStuff [ false,
26523 verbose linkStuff   false,
26523 verbose linkStuff   false,
26523 verbose linkStuff   'C:\\chef-master-pro\\node_modules\\jspdf\\node_modules\\fast-png\\node_modules' ]
26524 info linkStuff pako@2.1.0
26525 verbose linkBins pako@2.1.0
26526 verbose linkMans pako@2.1.0
26527 verbose rebuildBundles pako@2.1.0
26528 info install pako@2.1.0
26529 silly gunzTarPerm extractEntry modules/esnext.typed-array.from-async.js
26530 silly gunzTarPerm modified mode [ 'modules/esnext.typed-array.from-async.js', 420, 438 ]
26531 silly gunzTarPerm extractEntry modules/esnext.typed-array.group-by.js
26532 silly gunzTarPerm modified mode [ 'modules/esnext.typed-array.group-by.js', 420, 438 ]
26533 info postinstall pako@2.1.0
26534 verbose unlock done using C:\Users\Carlos García\AppData\Roaming\npm-cache\_locks\pako-44a83c83f668748b.lock for C:\chef-master-pro\node_modules\jspdf\node_modules\fast-png\node_modules\pako
26535 verbose about to build C:\chef-master-pro\node_modules\jspdf\node_modules\fast-png
26536 verbose unlock done using C:\Users\Carlos García\AppData\Roaming\npm-cache\_locks\fast-png-2488974b64f8a535.lock for C:\chef-master-pro\node_modules\jspdf\node_modules\fast-png
26537 silly gunzTarPerm extractEntry modules/esnext.typed-array.to-reversed.js
26538 silly gunzTarPerm modified mode [ 'modules/esnext.typed-array.to-reversed.js', 420, 438 ]
26539 silly gunzTarPerm extractEntry modules/esnext.typed-array.to-sorted.js
26540 silly gunzTarPerm modified mode [ 'modules/esnext.typed-array.to-sorted.js', 420, 438 ]
26541 silly gunzTarPerm extractEntry modules/esnext.typed-array.to-spliced.js
26542 silly gunzTarPerm modified mode [ 'modules/esnext.typed-array.to-spliced.js', 420, 438 ]
26543 silly gunzTarPerm extractEntry modules/esnext.typed-array.unique-by.js
26544 silly gunzTarPerm modified mode [ 'modules/esnext.typed-array.unique-by.js', 420, 438 ]
26545 silly gunzTarPerm extractEntry modules/esnext.typed-array.with.js
26546 silly gunzTarPerm modified mode [ 'modules/esnext.typed-array.with.js', 420, 438 ]
26547 silly gunzTarPerm extractEntry modules/esnext.uint8-array.from-base64.js
26548 silly gunzTarPerm modified mode [ 'modules/esnext.uint8-array.from-base64.js', 420, 438 ]
26549 silly gunzTarPerm extractEntry modules/esnext.uint8-array.from-hex.js
26550 silly gunzTarPerm modified mode [ 'modules/esnext.uint8-array.from-hex.js', 420, 438 ]
26551 silly gunzTarPerm extractEntry modules/esnext.uint8-array.set-from-base64.js
26552 silly gunzTarPerm modified mode [ 'modules/esnext.uint8-array.set-from-base64.js', 420, 438 ]
26553 silly gunzTarPerm extractEntry modules/esnext.uint8-array.set-from-hex.js
26554 silly gunzTarPerm modified mode [ 'modules/esnext.uint8-array.set-from-hex.js', 420, 438 ]
26555 silly gunzTarPerm extractEntry modules/esnext.uint8-array.to-base64.js
26556 silly gunzTarPerm modified mode [ 'modules/esnext.uint8-array.to-base64.js', 420, 438 ]
26557 silly gunzTarPerm extractEntry modules/esnext.uint8-array.to-hex.js
26558 silly gunzTarPerm modified mode [ 'modules/esnext.uint8-array.to-hex.js', 420, 438 ]
26559 silly gunzTarPerm extractEntry modules/esnext.weak-map.delete-all.js
26560 silly gunzTarPerm modified mode [ 'modules/esnext.weak-map.delete-all.js', 420, 438 ]
26561 silly gunzTarPerm extractEntry modules/esnext.weak-map.emplace.js
26562 silly gunzTarPerm modified mode [ 'modules/esnext.weak-map.emplace.js', 420, 438 ]
26563 silly gunzTarPerm extractEntry modules/esnext.weak-map.from.js
26564 silly gunzTarPerm modified mode [ 'modules/esnext.weak-map.from.js', 420, 438 ]
26565 silly gunzTarPerm extractEntry modules/esnext.weak-map.get-or-insert-computed.js
26566 silly gunzTarPerm modified mode [ 'modules/esnext.weak-map.get-or-insert-computed.js', 420, 438 ]
26567 silly gunzTarPerm extractEntry modules/esnext.weak-map.get-or-insert.js
26568 silly gunzTarPerm modified mode [ 'modules/esnext.weak-map.get-or-insert.js', 420, 438 ]
26569 silly gunzTarPerm extractEntry modules/esnext.weak-map.of.js
26570 silly gunzTarPerm modified mode [ 'modules/esnext.weak-map.of.js', 420, 438 ]
26571 silly gunzTarPerm extractEntry modules/esnext.weak-map.upsert.js
26572 silly gunzTarPerm modified mode [ 'modules/esnext.weak-map.upsert.js', 420, 438 ]
26573 silly gunzTarPerm extractEntry modules/esnext.weak-set.add-all.js
26574 silly gunzTarPerm modified mode [ 'modules/esnext.weak-set.add-all.js', 420, 438 ]
26575 silly gunzTarPerm extractEntry modules/esnext.weak-set.delete-all.js
26576 silly gunzTarPerm modified mode [ 'modules/esnext.weak-set.delete-all.js', 420, 438 ]
26577 silly gunzTarPerm extractEntry modules/esnext.weak-set.from.js
26578 silly gunzTarPerm modified mode [ 'modules/esnext.weak-set.from.js', 420, 438 ]
26579 silly gunzTarPerm extractEntry modules/esnext.weak-set.of.js
26580 silly gunzTarPerm modified mode [ 'modules/esnext.weak-set.of.js', 420, 438 ]
26581 silly gunzTarPerm extractEntry actual/array/every.js
26582 silly gunzTarPerm modified mode [ 'actual/array/every.js', 420, 438 ]
26583 silly gunzTarPerm extractEntry actual/array/virtual/every.js
26584 silly gunzTarPerm modified mode [ 'actual/array/virtual/every.js', 420, 438 ]
26585 silly gunzTarPerm extractEntry actual/async-iterator/every.js
26586 silly gunzTarPerm modified mode [ 'actual/async-iterator/every.js', 420, 438 ]
26587 silly gunzTarPerm extractEntry actual/instance/every.js
26588 silly gunzTarPerm modified mode [ 'actual/instance/every.js', 420, 438 ]
26589 silly gunzTarPerm extractEntry actual/iterator/every.js
26590 silly gunzTarPerm modified mode [ 'actual/iterator/every.js', 420, 438 ]
26591 silly gunzTarPerm extractEntry actual/typed-array/every.js
26592 silly gunzTarPerm modified mode [ 'actual/typed-array/every.js', 420, 438 ]
26593 silly gunzTarPerm extractEntry es/array/every.js
26594 silly gunzTarPerm modified mode [ 'es/array/every.js', 420, 438 ]
26595 silly gunzTarPerm extractEntry es/array/virtual/every.js
26596 silly gunzTarPerm modified mode [ 'es/array/virtual/every.js', 420, 438 ]
26597 silly gunzTarPerm extractEntry es/instance/every.js
26598 silly gunzTarPerm modified mode [ 'es/instance/every.js', 420, 438 ]
26599 silly gunzTarPerm extractEntry es/iterator/every.js
26600 silly gunzTarPerm modified mode [ 'es/iterator/every.js', 420, 438 ]
26601 http 304 https://registry.npmjs.org/raf
26602 silly get cb [ 304,
26602 silly get   { date: 'Tue, 21 Apr 2026 16:27:35 GMT',
26602 silly get     connection: 'keep-alive',
26602 silly get     'set-cookie': [ '_cfuvid=2koVN4nfGdShvbjXJwbi50pclyXFwIkMVrMHjcyvvlU-1776788855.0651462-1.0.1.1-J_KxntPcmMxjqli5n40nHvWDnim3DEu08Ry.7LhcjLg; HttpOnly; SameSite=None; Secure; Path=/; Domain=npmjs.org' ],
26602 silly get     'cf-ray': '9efdc1c829241f85-SAP',
26602 silly get     'cf-cache-status': 'HIT',
26602 silly get     'access-control-allow-origin': '*',
26602 silly get     'cache-control': 'public, max-age=300',
26602 silly get     etag: '"93ac141977a444bcece60fc2d91764af"',
26602 silly get     'last-modified': 'Sat, 25 Jun 2022 09:54:02 GMT',
26602 silly get     server: 'cloudflare',
26602 silly get     vary: 'Accept-Encoding' } ]
26603 verbose etag https://registry.npmjs.org/raf from cache
26604 verbose get saving raf to C:\Users\Carlos García\AppData\Roaming\npm-cache\registry.npmjs.org\raf\.cache.json
26605 silly gunzTarPerm extractEntry es/typed-array/every.js
26606 silly gunzTarPerm modified mode [ 'es/typed-array/every.js', 420, 438 ]
26607 silly gunzTarPerm extractEntry features/array/every.js
26608 silly gunzTarPerm modified mode [ 'features/array/every.js', 420, 438 ]
26609 silly gunzTarPerm extractEntry features/array/virtual/every.js
26610 silly gunzTarPerm modified mode [ 'features/array/virtual/every.js', 420, 438 ]
26611 silly gunzTarPerm extractEntry features/async-iterator/every.js
26612 silly gunzTarPerm modified mode [ 'features/async-iterator/every.js', 420, 438 ]
26613 silly gunzTarPerm extractEntry features/instance/every.js
26614 silly gunzTarPerm modified mode [ 'features/instance/every.js', 420, 438 ]
26615 silly gunzTarPerm extractEntry features/iterator/every.js
26616 silly gunzTarPerm modified mode [ 'features/iterator/every.js', 420, 438 ]
26617 silly gunzTarPerm extractEntry features/map/every.js
26618 silly gunzTarPerm modified mode [ 'features/map/every.js', 420, 438 ]
26619 silly gunzTarPerm extractEntry features/set/every.js
26620 silly gunzTarPerm modified mode [ 'features/set/every.js', 420, 438 ]
26621 silly gunzTarPerm extractEntry features/typed-array/every.js
26622 silly gunzTarPerm modified mode [ 'features/typed-array/every.js', 420, 438 ]
26623 silly gunzTarPerm extractEntry full/array/every.js
26624 silly gunzTarPerm modified mode [ 'full/array/every.js', 420, 438 ]
26625 silly gunzTarPerm extractEntry full/array/virtual/every.js
26626 silly gunzTarPerm modified mode [ 'full/array/virtual/every.js', 420, 438 ]
26627 silly gunzTarPerm extractEntry full/async-iterator/every.js
26628 silly gunzTarPerm modified mode [ 'full/async-iterator/every.js', 420, 438 ]
26629 http 304 https://registry.npmjs.org/regenerator-runtime
26630 silly get cb [ 304,
26630 silly get   { date: 'Tue, 21 Apr 2026 16:27:35 GMT',
26630 silly get     connection: 'keep-alive',
26630 silly get     'set-cookie': [ '_cfuvid=w0iQwCyQ05l92OcOmOdW_zD4Du1yDElp3.yPY7ZaJE8-1776788855.0654964-1.0.1.1-75_puHOzHSTPBv2UMp0ZabUUz_yF6RAKfEuQVdIl8fU; HttpOnly; SameSite=None; Secure; Path=/; Domain=npmjs.org' ],
26630 silly get     'cf-ray': '9efdc1c829261f85-SAP',
26630 silly get     'cf-cache-status': 'HIT',
26630 silly get     'access-control-allow-origin': '*',
26630 silly get     'cache-control': 'public, max-age=300',
26630 silly get     etag: '"61cb9feaa496f836e6b086e35ef22908"',
26630 silly get     'last-modified': 'Fri, 15 Dec 2023 20:53:02 GMT',
26630 silly get     server: 'cloudflare',
26630 silly get     vary: 'Accept-Encoding' } ]
26631 verbose etag https://registry.npmjs.org/regenerator-runtime from cache
26632 verbose get saving regenerator-runtime to C:\Users\Carlos García\AppData\Roaming\npm-cache\registry.npmjs.org\regenerator-runtime\.cache.json
26633 silly addNameRange number 2 { name: 'raf', range: '>=3.4.1 <4.0.0', hasData: true }
26634 silly addNameRange versions [ 'raf',
26634 silly addNameRange   [ '0.0.0',
26634 silly addNameRange     '0.0.1',
26634 silly addNameRange     '0.0.2',
26634 silly addNameRange     '0.0.3',
26634 silly addNameRange     '0.1.0',
26634 silly addNameRange     '0.1.1',
26634 silly addNameRange     '0.1.2',
26634 silly addNameRange     '0.1.3',
26634 silly addNameRange     '0.2.0',
26634 silly addNameRange     '1.0.0',
26634 silly addNameRange     '1.0.1',
26634 silly addNameRange     '2.0.0',
26634 silly addNameRange     '2.0.1',
26634 silly addNameRange     '2.0.2',
26634 silly addNameRange     '2.0.3',
26634 silly addNameRange     '2.0.4',
26634 silly addNameRange     '3.0.0',
26634 silly addNameRange     '3.1.0',
26634 silly addNameRange     '3.2.0',
26634 silly addNameRange     '3.3.0',
26634 silly addNameRange     '3.3.1',
26634 silly addNameRange     '3.3.2',
26634 silly addNameRange     '3.4.0',
26634 silly addNameRange     '3.4.1' ] ]
26635 verbose addNamed raf@3.4.1
26636 silly addNamed semver.valid 3.4.1
26637 silly addNamed semver.validRange 3.4.1
26638 silly cache afterAdd raf@3.4.1
26639 verbose afterAdd C:\Users\Carlos García\AppData\Roaming\npm-cache\raf\3.4.1\package\package.json not in flight; writing
26640 silly gunzTarPerm extractEntry full/instance/every.js
26641 silly gunzTarPerm modified mode [ 'full/instance/every.js', 420, 438 ]
26642 silly gunzTarPerm extractEntry full/iterator/every.js
26643 silly gunzTarPerm modified mode [ 'full/iterator/every.js', 420, 438 ]
26644 verbose afterAdd C:\Users\Carlos García\AppData\Roaming\npm-cache\raf\3.4.1\package\package.json written
26645 silly gunzTarPerm extractEntry full/map/every.js
26646 silly gunzTarPerm modified mode [ 'full/map/every.js', 420, 438 ]
26647 silly gunzTarPerm extractEntry full/set/every.js
26648 silly gunzTarPerm modified mode [ 'full/set/every.js', 420, 438 ]
26649 silly gunzTarPerm extractEntry full/typed-array/every.js
26650 silly gunzTarPerm modified mode [ 'full/typed-array/every.js', 420, 438 ]
26651 silly gunzTarPerm extractEntry stable/array/every.js
26652 silly gunzTarPerm modified mode [ 'stable/array/every.js', 420, 438 ]
26653 silly gunzTarPerm extractEntry stable/array/virtual/every.js
26654 silly gunzTarPerm modified mode [ 'stable/array/virtual/every.js', 420, 438 ]
26655 silly gunzTarPerm extractEntry stable/instance/every.js
26656 silly gunzTarPerm modified mode [ 'stable/instance/every.js', 420, 438 ]
26657 silly gunzTarPerm extractEntry stable/iterator/every.js
26658 silly gunzTarPerm modified mode [ 'stable/iterator/every.js', 420, 438 ]
26659 silly gunzTarPerm extractEntry stable/typed-array/every.js
26660 silly gunzTarPerm modified mode [ 'stable/typed-array/every.js', 420, 438 ]
26661 silly gunzTarPerm extractEntry proposals/explicit-resource-management.js
26662 silly gunzTarPerm modified mode [ 'proposals/explicit-resource-management.js', 420, 438 ]
26663 silly gunzTarPerm extractEntry actual/math/expm1.js
26664 silly gunzTarPerm modified mode [ 'actual/math/expm1.js', 420, 438 ]
26665 silly gunzTarPerm extractEntry es/math/expm1.js
26666 silly gunzTarPerm modified mode [ 'es/math/expm1.js', 420, 438 ]
26667 silly gunzTarPerm extractEntry features/math/expm1.js
26668 silly gunzTarPerm modified mode [ 'features/math/expm1.js', 420, 438 ]
26669 silly gunzTarPerm extractEntry full/math/expm1.js
26670 silly gunzTarPerm modified mode [ 'full/math/expm1.js', 420, 438 ]
26671 silly gunzTarPerm extractEntry stable/math/expm1.js
26672 silly gunzTarPerm modified mode [ 'stable/math/expm1.js', 420, 438 ]
26673 silly gunzTarPerm extractEntry internals/export.js
26674 silly gunzTarPerm modified mode [ 'internals/export.js', 420, 438 ]
26675 silly gunzTarPerm extractEntry proposals/extractors.js
26676 silly gunzTarPerm modified mode [ 'proposals/extractors.js', 420, 438 ]
26677 silly gunzTarPerm extractEntry actual/math/f16round.js
26678 silly gunzTarPerm modified mode [ 'actual/math/f16round.js', 420, 438 ]
26679 silly gunzTarPerm extractEntry es/math/f16round.js
26680 silly gunzTarPerm modified mode [ 'es/math/f16round.js', 420, 438 ]
26681 silly addNameRange number 2 { name: 'regenerator-runtime',
26681 silly addNameRange   range: '>=0.13.7 <0.14.0',
26681 silly addNameRange   hasData: true }
26682 silly addNameRange versions [ 'regenerator-runtime',
26682 silly addNameRange   [ '0.9.0',
26682 silly addNameRange     '0.9.1',
26682 silly addNameRange     '0.9.2',
26682 silly addNameRange     '0.9.3',
26682 silly addNameRange     '0.9.4',
26682 silly addNameRange     '0.9.5',
26682 silly addNameRange     '0.9.6',
26682 silly addNameRange     '0.10.0',
26682 silly addNameRange     '0.10.1',
26682 silly addNameRange     '0.10.2',
26682 silly addNameRange     '0.10.3',
26682 silly addNameRange     '0.10.4',
26682 silly addNameRange     '0.10.5',
26682 silly addNameRange     '0.11.0',
26682 silly addNameRange     '0.11.1',
26682 silly addNameRange     '0.12.0',
26682 silly addNameRange     '0.12.1',
26682 silly addNameRange     '0.13.0',
26682 silly addNameRange     '0.13.1',
26682 silly addNameRange     '0.13.2',
26682 silly addNameRange     '0.13.3',
26682 silly addNameRange     '0.13.4',
26682 silly addNameRange     '0.13.5',
26682 silly addNameRange     '0.13.6',
26682 silly addNameRange     '0.13.7',
26682 silly addNameRange     '0.13.8',
26682 silly addNameRange     '0.13.9',
26682 silly addNameRange     '0.13.10',
26682 silly addNameRange     '0.13.11',
26682 silly addNameRange     '0.14.0',
26682 silly addNameRange     '0.14.1' ] ]
26683 verbose addNamed regenerator-runtime@0.13.11
26684 silly addNamed semver.valid 0.13.11
26685 silly addNamed semver.validRange 0.13.11
26686 silly cache afterAdd regenerator-runtime@0.13.11
26687 verbose afterAdd C:\Users\Carlos García\AppData\Roaming\npm-cache\regenerator-runtime\0.13.11\package\package.json not in flight; writing
26688 silly gunzTarPerm extractEntry features/math/f16round.js
26689 silly gunzTarPerm modified mode [ 'features/math/f16round.js', 420, 438 ]
26690 silly gunzTarPerm extractEntry full/math/f16round.js
26691 silly gunzTarPerm modified mode [ 'full/math/f16round.js', 420, 438 ]
26692 verbose afterAdd C:\Users\Carlos García\AppData\Roaming\npm-cache\regenerator-runtime\0.13.11\package\package.json written
26693 silly install resolved [ { name: '@types/raf',
26693 silly install resolved     version: '3.4.3',
26693 silly install resolved     license: 'MIT',
26693 silly install resolved     _id: '@types/raf@3.4.3',
26693 silly install resolved     maintainers: [ [Object] ],
26693 silly install resolved     contributors: [ [Object] ],
26693 silly install resolved     homepage: 'https://github.com/DefinitelyTyped/DefinitelyTyped/tree/master/types/raf',
26693 silly install resolved     dist:
26693 silly install resolved      { shasum: '85f1d1d17569b28b8db45e16e996407a56b0ab04',
26693 silly install resolved        tarball: 'https://registry.npmjs.org/@types/raf/-/raf-3.4.3.tgz',
26693 silly install resolved        fileCount: 5,
26693 silly install resolved        integrity: 'sha512-c4YAvMedbPZ5tEyxzQdMoOhhJ4RD3rngZIdwC2/qDN3d7JpEhB6fiBRKVY1lg5B7Wk+uPBjn5f39j1/2MY1oOw==',
26693 silly install resolved        signatures: [Object],
26693 silly install resolved        unpackedSize: 2849 },
26693 silly install resolved     main: '',
26693 silly install resolved     types: 'index.d.ts',
26693 silly install resolved     scripts: {},
26693 silly install resolved     _npmUser: { name: 'types', email: 'ts-npm-types@microsoft.com' },
26693 silly install resolved     repository:
26693 silly install resolved      { url: 'https://github.com/DefinitelyTyped/DefinitelyTyped.git',
26693 silly install resolved        type: 'git',
26693 silly install resolved        directory: 'types/raf' },
26693 silly install resolved     description: 'TypeScript definitions for raf',
26693 silly install resolved     directories: {},
26693 silly install resolved     dependencies: {},
26693 silly install resolved     _hasShrinkwrap: false,
26693 silly install resolved     typeScriptVersion: '4.5',
26693 silly install resolved     _npmOperationalInternal:
26693 silly install resolved      { tmp: 'tmp/raf_3.4.3_1699364537630_0.45159754749698866',
26693 silly install resolved        host: 's3://npm-registry-packages' },
26693 silly install resolved     typesPublisherContentHash: 'c21796c8334d2e3ffe799f3011382988b3ef7ee37118005878a3ca9ea1fca5bb',
26693 silly install resolved     _shasum: '85f1d1d17569b28b8db45e16e996407a56b0ab04',
26693 silly install resolved     _resolved: 'https://registry.npmjs.org/@types/raf/-/raf-3.4.3.tgz',
26693 silly install resolved     _from: '@types/raf@>=3.4.0 <4.0.0',
26693 silly install resolved     bugs: { url: 'https://github.com/DefinitelyTyped/DefinitelyTyped/issues' },
26693 silly install resolved     readme: 'ERROR: No README data found!' },
26693 silly install resolved   { name: 'stackblur-canvas',
26693 silly install resolved     version: '2.7.0',
26693 silly install resolved     keywords: [ 'stackblur', 'blur', 'canvas', 'gaussian' ],
26693 silly install resolved     author: { name: 'Mario Klingemann' },
26693 silly install resolved     license: 'MIT',
26693 silly install resolved     _id: 'stackblur-canvas@2.7.0',
26693 silly install resolved     maintainers: [ [Object], [Object] ],
26693 silly install resolved     contributors: [ [Object] ],
26693 silly install resolved     homepage: 'http://www.quasimondo.com/StackBlurForCanvas/StackBlurDemo.html',
26693 silly install resolved     bugs: { url: 'https://github.com/flozz/StackBlur/issues' },
26693 silly install resolved     dist:
26693 silly install resolved      { shasum: 'af931277d0b5096df55e1f91c530043e066989b6',
26693 silly install resolved        tarball: 'https://registry.npmjs.org/stackblur-canvas/-/stackblur-canvas-2.7.0.tgz',
26693 silly install resolved        fileCount: 15,
26693 silly install resolved        integrity: 'sha512-yf7OENo23AGJhBriGx0QivY5JP6Y1HbrrDI6WLt6C5auYZXlQrheoY8hD4ibekFKz1HOfE48Ww8kMWMnJD/zcQ==',
26693 silly install resolved        signatures: [Object],
26693 silly install resolved        unpackedSize: 151690 },
26693 silly install resolved     main: 'dist/stackblur.js',
26693 silly install resolved     module: 'dist/stackblur-es.js',
26693 silly install resolved     engines: { node: '>=0.1.14' },
26693 silly install resolved     gitHead: 'cf33f3d5f4808dada27d157946e4ca3bb270d3e3',
26693 silly install resolved     scripts:
26693 silly install resolved      { docs: 'rm -rf docs/jsdoc/*;jsdoc --pedantic -c docs/jsdoc-config.json src',
26693 silly install resolved        test: 'npm run eslint && npm run rollup && echo "Error: no test specified" && exit 1',
26693 silly install resolved        start: 'open-cli http://localhost:8081/demo/ && http-server -p 8081',
26693 silly install resolved        eslint: 'eslint --ext=js,md,html .',
26693 silly install resolved        rollup: 'rollup -c',
26693 silly install resolved        'open-docs': 'npm run docs && open-cli http://localhost:8081/docs/jsdoc/ && http-server -p 8081',
26693 silly install resolved        prepublishOnly: 'pnpm i' },
26693 silly install resolved     _npmUser: { name: 'brettz9', email: 'brettz9@yahoo.com' },
26693 silly install resolved     repository:
26693 silly install resolved      { url: 'git+https://github.com/flozz/StackBlur.git',
26693 silly install resolved        type: 'git' },
26693 silly install resolved     _npmVersion: '9.5.1',
26693 silly install resolved     description: 'Fast and almost Gaussian blur by Mario Klingemann',
26693 silly install resolved     directories: {},
26693 silly install resolved     _nodeVersion: '18.16.0',
26693 silly install resolved     browserslist: { target: 'cover 100%' },
26693 silly install resolved     dependencies: {},
26693 silly install resolved     _hasShrinkwrap: false,
26693 silly install resolved     devDependencies:
26693 silly install resolved      { jsdoc: '^3.6.5',
26693 silly install resolved        eslint: '^7.20.0',
26693 silly install resolved        rollup: '2.39.0',
26693 silly install resolved        'open-cli': '^6.0.1',
26693 silly install resolved        '@babel/core': '^7.12.16',
26693 silly install resolved        'http-server': '^0.12.3',
26693 silly install resolved        'rollup-plugin-re': '^1.0.7',
26693 silly install resolved        '@babel/preset-env': '^7.12.16',
26693 silly install resolved        'eslint-plugin-html': '^6.1.1',
26693 silly install resolved        'eslint-plugin-node': '^11.1.0',
26693 silly install resolved        'eslint-plugin-jsdoc': '^32.0.1',
26693 silly install resolved        'eslint-plugin-radar': '^0.2.1',
26693 silly install resolved        '@rollup/plugin-babel': '^5.3.0',
26693 silly install resolved        'eslint-plugin-compat': '^3.9.0',
26693 silly install resolved        'eslint-plugin-import': '^2.22.1',
26693 silly install resolved        'rollup-plugin-terser': '^7.0.2',
26693 silly install resolved        'eslint-plugin-promise': '^4.3.1',
26693 silly install resolved        'eslint-plugin-unicorn': '^28.0.1',
26693 silly install resolved        '@brettz9/eslint-plugin': '^1.0.3',
26693 silly install resolved        'eslint-config-ash-nazg': '29.0.0',
26693 silly install resolved        'eslint-config-standard': '^16.0.2',
26693 silly install resolved        'eslint-plugin-markdown': '^2.0.0',
26693 silly install resolved        'eslint-plugin-standard': '^4.1.0',
26693 silly install resolved        'eslint-plugin-array-func': '^3.1.7',
26693 silly install resolved        'eslint-plugin-no-unsanitized': '^3.1.4',
26693 silly install resolved        'eslint-plugin-eslint-comments': '^3.2.0',
26693 silly install resolved        'eslint-plugin-no-use-extend-native': '^0.5.0' },
26693 silly install resolved     _npmOperationalInternal:
26693 silly install resolved      { tmp: 'tmp/stackblur-canvas_2.7.0_1707488396326_0.9732648700722837',
26693 silly install resolved        host: 's3://npm-registry-packages' },
26693 silly install resolved     _shasum: 'af931277d0b5096df55e1f91c530043e066989b6',
26693 silly install resolved     _resolved: 'https://registry.npmjs.org/stackblur-canvas/-/stackblur-canvas-2.7.0.tgz',
26693 silly install resolved     _from: 'stackblur-canvas@>=2.0.0 <3.0.0',
26693 silly install resolved     readme: 'ERROR: No README data found!' },
26693 silly install resolved   { name: 'svg-pathdata',
26693 silly install resolved     version: '6.0.3',
26693 silly install resolved     keywords:
26693 silly install resolved      [ 'svg',
26693 silly install resolved        'path',
26693 silly install resolved        'data',
26693 silly install resolved        'parser',
26693 silly install resolved        'encoder',
26693 silly install resolved        'transformer',
26693 silly install resolved        'reader',
26693 silly install resolved        'writer',
26693 silly install resolved        'stream',
26693 silly install resolved        'typescript' ],
26693 silly install resolved     author: { name: 'Nicolas Froidure' },
26693 silly install resolved     license: 'MIT',
26693 silly install resolved     _id: 'svg-pathdata@6.0.3',
26693 silly install resolved     maintainers: [ [Object], [Object], [Object], [Object] ],
26693 silly install resolved     contributors: [ [Object] ],
26693 silly install resolved     homepage: 'https://github.com/nfroidure/svg-pathdata#readme',
26693 silly install resolved     bugs: { url: 'https://github.com/nfroidure/SVGPathData/issues' },
26693 silly install resolved     dist:
26693 silly install resolved      { shasum: '80b0e0283b652ccbafb69ad4f8f73e8d3fbf2cac',
26693 silly install resolved        tarball: 'https://registry.npmjs.org/svg-pathdata/-/svg-pathdata-6.0.3.tgz',
26693 silly install resolved        fileCount: 26,
26693 silly install resolved        integrity: 'sha512-qsjeeq5YjBZ5eMdFuUa4ZosMLxgr5RZ+F+Y1OrDhuOCEInRMA3x74XdBtggJcj9kOeInz0WE+LgCPDkZFlBYJw==',
26693 silly install resolved        signatures: [Object],
26693 silly install resolved        unpackedSize: 209549,
26693 silly install resolved        'npm-signature': '-----BEGIN PGP SIGNATURE-----\r\nVersion: OpenPGP.js v3.0.13\r\nComment: https://openpgpjs.org\r\n\r\nwsFcBAEBCAAQBQJh28itCRA9TVsSAnZWagAA+hUP/i1O1ug7BHgdcpprpEgm\nW5n1/o3xkTr8MnlLHuKQPoRJeccR/EQGUl3GmqhNLXtrTZ6/Tla3fn9R25hn\n7/HxxCopBkoQlYGrCL68nvrH5AaFAijXilPrNkMnGxNvE5oJvyZy8FslGGPk\nKgFAXiW2mx54Y3wfhbsM8xELereFIOlAxaYM/4N6hUJM0hmh0tEpeqCC5sDs\npoeu4OwN9XKnLm4Qu8xUJmrsuIwM4UOxrMTCOIs5B05MBEKn6GZ+VQ5omQR/\n+F3VdZ8s3rbTLYOrkQLjY9gc521dO/tSbgivFmvTaXYIyE4YACpSqmo3BM3t\nJxwEp3BLZLmsfJy7OzOaUii9pmx52ir6cbUWJDgtsB4ZXPT0RvXzxI1fnbtg\nAEwCQUgyvNcImVr3wGBq3fC5UiVCdRzvFKKwUOfZkucCxKrvHrX7zJzjU4qT\nZX8lZKYVh+gT8mW/WX8PgyFxQ0A/d7u85mBXpXP0MyB2Zl48Qud9XI+JynzE\nqVt/zwOFd+seHsI39An3Lve7FayTzdVV5HqkFvjf/9dLcKcL0DhZbpRXjDcp\nbNErBQM+1qSfOY5mM0KZuwjUMA8dS1a8+6w+GvwVGSCYCz+wcp/X2T7lOUwe\nwDzWqx58O7w18ANn62oE1yWZvD3KNNPkDsrEgRqo0jgQk+j1F8IDR7qsePzW\nggAQ\r\n=8TiL\r\n-----END PGP SIGNATURE-----\r\n' },
26693 silly install resolved     main: 'lib/SVGPathData.cjs',
26693 silly install resolved     type: 'module',
26693 silly install resolved     types: 'lib/SVGPathData.d.ts',
26693 silly install resolved     config: { commitizen: [Object] },
26693 silly install resolved     module: 'lib/SVGPathData.module.js',
26693 silly install resolved     engines: { node: '>=12.0.0' },
26693 silly install resolved     exports:
26693 silly install resolved      { import: './lib/SVGPathData.module.js',
26693 silly install resolved        require: './lib/SVGPathData.cjs' },
26693 silly install resolved     gitHead: '24e6e7a418781e01467ca4d1b0d50353b1a73268',
26693 silly install resolved     scripts:
26693 silly install resolved      { cz: 'env NODE_ENV=${NODE_ENV:-cli} git cz',
26693 silly install resolved        cli: 'env NODE_ENV=${NODE_ENV:-cli}',
26693 silly install resolved        lint: 'eslint tests/*.mocha.js && tslint -p tsconfig.json',
26693 silly install resolved        test: 'mocha tests/*.mocha.js',
26693 silly install resolved        build: 'rollup -c rollup.config.js',
26693 silly install resolved        cover: 'istanbul cover _mocha --report html -- tests/*.mocha.js -R spec -t 5000',
26693 silly install resolved        watch: 'rollup -c rollup.config.js -w',
26693 silly install resolved        'test:ci': 'npm run lint && npm run build && npm run test',
26693 silly install resolved        version: 'npm run changelog && git add CHANGELOG.md',
26693 silly install resolved        changelog: 'conventional-changelog -p angular -i CHANGELOG.md -s',
26693 silly install resolved        coveralls: 'istanbul cover _mocha --report lcovonly -- tests/*.mocha.js -R spec -t 5000 && cat ./coverage/lcov.info | coveralls && rm -rf ./coverage',
26693 silly install resolved        preversion: 'npm run test:ci' },
26693 silly install resolved     _npmUser: { name: 'pioug', email: 'gilles.piou@gmail.com' },
26693 silly install resolved     repository:
26693 silly install resolved      { url: 'git+https://github.com/nfroidure/svg-pathdata.git',
26693 silly install resolved        type: 'git' },
26693 silly install resolved     _npmVersion: '6.14.15',
26693 silly install resolved     description: 'Manipulate SVG path data (path[d] attribute content) simply and efficiently.',
26693 silly install resolved     directories: {},
26693 silly install resolved     greenkeeper: { ignore: [Object] },
26693 silly install resolved     _nodeVersion: '16.8.0',
26693 silly install resolved     _hasShrinkwrap: false,
26693 silly install resolved     devDependencies:
26693 silly install resolved      { chai: '^4.3.4',
26693 silly install resolved        mocha: '^9.0.2',
26693 silly install resolved        tslib: '2.1.0',
26693 silly install resolved        eslint: '^7.23.0',
26693 silly install resolved        rollup: '^2.44.0',
26693 silly install resolved        tslint: '^6.1.3',
26693 silly install resolved        istanbul: '0.4.5',
26693 silly install resolved        coveralls: '^3.1.0',
26693 silly install resolved        'chai-stats': '^0.3.0',
26693 silly install resolved        commitizen: '^4.2.3',
26693 silly install resolved        typescript: '^4.2.3',
26693 silly install resolved        'mocha-lcov-reporter': '1.3.0',
26693 silly install resolved        'rollup-plugin-terser': '^7.0.2',
26693 silly install resolved        '@rollup/plugin-typescript': '^8.2.1',
26693 silly install resolved        'cz-conventional-changelog': '^3.3.0',
26693 silly install resolved        'eslint-config-simplifield': '^12.0.0',
26693 silly install resolved        'conventional-changelog-cli': '^2.1.1' },
26693 silly install resolved     _npmOperationalInternal:
26693 silly install resolved      { tmp: 'tmp/svg-pathdata_6.0.3_1631977615410_0.38197582926934315',
26693 silly install resolved        host: 's3://npm-registry-packages' },
26693 silly install resolved     _shasum: '80b0e0283b652ccbafb69ad4f8f73e8d3fbf2cac',
26693 silly install resolved     _resolved: 'https://registry.npmjs.org/svg-pathdata/-/svg-pathdata-6.0.3.tgz',
26693 silly install resolved     _from: 'svg-pathdata@>=6.0.3 <7.0.0',
26693 silly install resolved     readme: 'ERROR: No README data found!' },
26693 silly install resolved   { name: 'rgbcolor',
26693 silly install resolved     description: 'A module to parse color values',
26693 silly install resolved     version: '1.0.1',
26693 silly install resolved     author:
26693 silly install resolved      { name: 'Sebastian Vollnhals',
26693 silly install resolved        email: 'sebastian@vollnhals.info' },
26693 silly install resolved     main: './index.js',
26693 silly install resolved     repository:
26693 silly install resolved      { type: 'git',
26693 silly install resolved        url: 'git+https://github.com/yetzt/node-rgbcolor.git' },
26693 silly install resolved     keywords: [ 'rgb', 'color', 'rgbcolor' ],
26693 silly install resolved     license: 'MIT OR SEE LICENSE IN FEEL-FREE.md',
26693 silly install resolved     engines: { node: '>= 0.8.15' },
26693 silly install resolved     gitHead: '3ecdceb22a9383cdacfcc17d0e8b16ef01c4dcad',
26693 silly install resolved     bugs: { url: 'https://github.com/yetzt/node-rgbcolor/issues' },
26693 silly install resolved     homepage: 'https://github.com/yetzt/node-rgbcolor#readme',
26693 silly install resolved     _id: 'rgbcolor@1.0.1',
26693 silly install resolved     scripts: {},
26693 silly install resolved     _shasum: 'd6505ecdb304a6595da26fa4b43307306775945d',
26693 silly install resolved     _from: 'rgbcolor@>=1.0.1 <2.0.0',
26693 silly install resolved     _npmVersion: '3.8.6',
26693 silly install resolved     _nodeVersion: '5.12.0',
26693 silly install resolved     _npmUser: { name: 'yetzt', email: 'node@yetzt.me' },
26693 silly install resolved     dist:
26693 silly install resolved      { shasum: 'd6505ecdb304a6595da26fa4b43307306775945d',
26693 silly install resolved        tarball: 'https://registry.npmjs.org/rgbcolor/-/rgbcolor-1.0.1.tgz',
26693 silly install resolved        integrity: 'sha512-9aZLIrhRaD97sgVhtJOW6ckOEh6/GnvQtdVNfdZ6s67+3/XwLS9lBcQYzEEhYVeUowN7pRzMLsyGhK2i/xvWbw==',
26693 silly install resolved        signatures: [Object] },
26693 silly install resolved     maintainers: [ [Object] ],
26693 silly install resolved     _npmOperationalInternal:
26693 silly install resolved      { host: 'packages-18-east.internal.npmjs.com',
26693 silly install resolved        tmp: 'tmp/rgbcolor-1.0.1.tgz_1493198694577_0.8621763256378472' },
26693 silly install resolved     _resolved: 'https://registry.npmjs.org/rgbcolor/-/rgbcolor-1.0.1.tgz',
26693 silly install resolved     readme: 'ERROR: No README data found!' },
26693 silly install resolved   { name: 'raf',
26693 silly install resolved     version: '3.4.1',
26693 silly install resolved     description: 'requestAnimationFrame polyfill for node and the browser',
26693 silly install resolved     main: 'index.js',
26693 silly install resolved     scripts:
26693 silly install resolved      { testling: 'browserify test.js | testling',
26693 silly install resolved        test: 'node test.js' },
26693 silly install resolved     repository: { type: 'git', url: 'git://github.com/chrisdickinson/raf.git' },
26693 silly install resolved     keywords: [ 'requestAnimationFrame', 'polyfill' ],
26693 silly install resolved     author: { name: 'Chris Dickinson', email: 'chris@neversaw.us' },
26693 silly install resolved     contributors: [ [Object] ],
26693 silly install resolved     license: 'MIT',
26693 silly install resolved     devDependencies: { testling: '~1.6.1', browserify: '~4.1.2', tape: '^4.0.0' },
26693 silly install resolved     dependencies: { 'performance-now': '^2.1.0' },
26693 silly install resolved     testling: { files: 'test.js', browsers: [Object] },
26693 silly install resolved     gitHead: '8b77b7b0f37275dce8930cd9888f1cab209fff6a',
26693 silly install resolved     bugs: { url: 'https://github.com/chrisdickinson/raf/issues' },
26693 silly install resolved     homepage: 'https://github.com/chrisdickinson/raf#readme',
26693 silly install resolved     _id: 'raf@3.4.1',
26693 silly install resolved     _npmVersion: '6.4.1',
26693 silly install resolved     _nodeVersion: '10.12.0',
26693 silly install resolved     _npmUser: { name: 'cmtegner', email: 'christian.tegner@gmail.com' },
26693 silly install resolved     dist:
26693 silly install resolved      { integrity: 'sha512-Sq4CW4QhwOHE8ucn6J34MqtZCeWFP2aQSmrlroYgqAV1PjStIhJXxYuTgUIfkEk7zTLjmIjLmU5q+fbD1NnOJA==',
26693 silly install resolved        shasum: '0742e99a4a6552f445d73e3ee0328af0ff1ede39',
26693 silly install resolved        tarball: 'https://registry.npmjs.org/raf/-/raf-3.4.1.tgz',
26693 silly install resolved        fileCount: 7,
26693 silly install resolved        unpackedSize: 8100,
26693 silly install resolved        'npm-signature': '-----BEGIN PGP SIGNATURE-----\r\nVersion: OpenPGP.js v3.0.4\r\nComment: https://openpgpjs.org\r\n\r\nwsFcBAEBCAAQBQJb3CdtCRA9TVsSAnZWagAA6GsP/AoLXvyvwU4WeA/5eK1Z\n9NlBe38Faxdp3DytT3Jm9vJUEZd7UPUWQkO1p3XVf7Ap+FzWBAeCp2EUHPm5\nO+BxagM3rL8GHsPwRcs8mLacHCglq25iw8Kjrjbk1LlhFZU8XRpoI8lKFl+H\naX6YiLeS73iizvR1fwG/b5RV6erl3ZmzXbmLJev1BFx2foYS0cgXnrNSBWS5\nZj11dB+HSg3Q1r1EJkpNb81GvjyKJXW6bZehUJrk/0V3ByEjXTHvuMxjid5s\n9GKX8fNKQqYctGvw0HVHpd5kmzQ9ekxKe+Ui7PVTgkIelMcv/w+u8KKnsGJB\nws9kOdzEDI19kBWhF92MmjlN6ydUqghdxpXAMEILaMpqtdFo+FBwkTH2sv7H\nStySfaocXRGCCoxQI5Bynuxfyvvw1RCsA35FfVcRPl1sUMYWqe9pz4vZRODm\nu+sbyNX+gJeZKIU3nLfIzI0LyyJwJxlYB2FqplIqfK+zbkPbxOTAIpHpw7Iz\nB0EWWiEUW84BApyXvIK83tb+7b7PBfoBW9g0TZQwy2u4ReVbe06XFrq0NMxB\nT9vr4k4Kol1CEFKrSSYftJ1GEVeda5KmDPZcnnhCQ8mjnlI77tA+w6r8LofY\ndvDmosTEIya9LE8E7gsheYsb6Kgx6lwjFtpZRPiQlp35sF5VS/+zCf7dQ2a8\nB3Te\r\n=AWxW\r\n-----END PGP SIGNATURE-----\r\n',
26693 silly install resolved        signatures: [Object] },
26693 silly install resolved     maintainers: [ [Object], [Object] ],
26693 silly install resolved     directories: {},
26693 silly install resolved     _npmOperationalInternal:
26693 silly install resolved      { host: 's3://npm-registry-packages',
26693 silly install resolved        tmp: 'tmp/raf_3.4.1_1541154668669_0.7129521896863182' },
26693 silly install resolved     _hasShrinkwrap: false,
26693 silly install resolved     _shasum: '0742e99a4a6552f445d73e3ee0328af0ff1ede39',
26693 silly install resolved     _resolved: 'https://registry.npmjs.org/raf/-/raf-3.4.1.tgz',
26693 silly install resolved     _from: 'raf@>=3.4.1 <4.0.0',
26693 silly install resolved     readme: 'ERROR: No README data found!' },
26693 silly install resolved   { name: 'regenerator-runtime',
26693 silly install resolved     author: { name: 'Ben Newman', email: 'bn@cs.stanford.edu' },
26693 silly install resolved     description: 'Runtime for Regenerator-compiled generator and async functions.',
26693 silly install resolved     version: '0.13.11',
26693 silly install resolved     main: 'runtime.js',
26693 silly install resolved     keywords: [ 'regenerator', 'runtime', 'generator', 'async' ],
26693 silly install resolved     sideEffects: true,
26693 silly install resolved     repository:
26693 silly install resolved      { type: 'git',
26693 silly install resolved        url: 'git+https://github.com/facebook/regenerator.git#main' },
26693 silly install resolved     license: 'MIT',
26693 silly install resolved     gitHead: 'e4b592a44ef0d3a366cc7ad6125c4d9c8f6cc597',
26693 silly install resolved     bugs: { url: 'https://github.com/facebook/regenerator/issues' },
26693 silly install resolved     homepage: 'https://github.com/facebook/regenerator/tree/main#readme',
26693 silly install resolved     _id: 'regenerator-runtime@0.13.11',
26693 silly install resolved     _nodeVersion: '16.18.0',
26693 silly install resolved     _npmVersion: '8.19.3',
26693 silly install resolved     dist:
26693 silly install resolved      { integrity: 'sha512-kY1AZVr2Ra+t+piVaJ4gxaFaReZVH40AKNo7UCX6W+dEwBo/2oZJzqfuN1qLq1oL45o56cPaTXELwrTh8Fpggg==',
26693 silly install resolved        shasum: 'f6dca3e7ceec20590d07ada785636a90cdca17f9',
26693 silly install resolved        tarball: 'https://registry.npmjs.org/regenerator-runtime/-/regenerator-runtime-0.13.11.tgz',
26693 silly install resolved        fileCount: 5,
26693 silly install resolved        unpackedSize: 27759,
26693 silly install resolved        signatures: [Object],
26693 silly install resolved        'npm-signature': '-----BEGIN PGP SIGNATURE-----\r\nVersion: OpenPGP.js v4.10.10\r\nComment: https://openpgpjs.org\r\n\r\nwsFzBAEBCAAGBQJjcoW6ACEJED1NWxICdlZqFiEECWMYAoorWMhJKdjhPU1b\r\nEgJ2VmoBXQ//c5gV1W15zfaI24REh7wpDihDP7HB3uZJa1Aj+g4EI2w4c7d4\r\nHkXfq1Sh2jaGTbTie3CVNw3t4pQIk7pWndZsuMMt6e3TAS0r9jXkib4nUU4I\r\nojpJ97k+2H3VBk8TBhJNS4w2qnYs12V1lYYwH4Lrh2oSzf/E5U/zqFuAoDN7\r\nrL+ujVmXyWxAzdiJmBADdZ+XXMLyo++8+gS4of6Hyi8pFSt9zAknSEaEJGoS\r\nkyRyQtLjXApZuIBLucJ0u0CPtHOY7yr6dkaHFGt5TgAUeTxhXPSef7GHUxkU\r\nQMx0ctd5Wmm7+/6xq9BkbcmhbMAbeMl21/+1qOLW5X9QW7dfv7ZzmPx26YxX\r\nSRYgP1UIE35RYv3Cz/C7uHo2lQ3GJLB2rsqNe2BBZUwy74n2/Z8EA/gfAys6\r\neLm8HyNT9/xpQVVSI3uY5qDUl8L6YlxBS57bfb8lh+8ab08nYK/30rCBklG+\r\nDcHMploDiciZCPuDgRArugwRFCr3nbe7MVDkpgVpdwLYTfxhbkaWdYq5soPx\r\nCpzzzS2x3ZjVR6cda7W6hJ0MIVapntfiserw4ZF9ryrs9RfZ2guEyaAVQDU0\r\ngBIzjemh6KIKLDorzAwFgxfccjETIpcZGiuZaZDiUU0gbYJ6gPwIgLknYvC8\r\n/zNGSb2k4V5F2ItoGnf5N8Xy16CMsHje59s=\r\n=EROf\r\n-----END PGP SIGNATURE-----\r\n' },
26693 silly install resolved     _npmUser: { name: 'benjamn', email: 'ben@benjamn.com' },
26693 silly install resolved     directories: {},
26693 silly install resolved     maintainers: [ [Object] ],
26693 silly install resolved     _npmOperationalInternal:
26693 silly install resolved      { host: 's3://npm-registry-packages',
26693 silly install resolved        tmp: 'tmp/regenerator-runtime_0.13.11_1668449722556_0.3341559789725068' },
26693 silly install resolved     _hasShrinkwrap: false,
26693 silly install resolved     _shasum: 'f6dca3e7ceec20590d07ada785636a90cdca17f9',
26693 silly install resolved     _resolved: 'https://registry.npmjs.org/regenerator-runtime/-/regenerator-runtime-0.13.11.tgz',
26693 silly install resolved     _from: 'regenerator-runtime@>=0.13.7 <0.14.0',
26693 silly install resolved     readme: 'ERROR: No README data found!' } ]
26694 info install @types/raf@3.4.3 into C:\chef-master-pro\node_modules\jspdf\node_modules\canvg
26695 info install stackblur-canvas@2.7.0 into C:\chef-master-pro\node_modules\jspdf\node_modules\canvg
26696 info install svg-pathdata@6.0.3 into C:\chef-master-pro\node_modules\jspdf\node_modules\canvg
26697 info install rgbcolor@1.0.1 into C:\chef-master-pro\node_modules\jspdf\node_modules\canvg
26698 info install raf@3.4.1 into C:\chef-master-pro\node_modules\jspdf\node_modules\canvg
26699 info install regenerator-runtime@0.13.11 into C:\chef-master-pro\node_modules\jspdf\node_modules\canvg
26700 info installOne @types/raf@3.4.3
26701 verbose installOne of @types/raf to C:\chef-master-pro\node_modules\jspdf\node_modules\canvg not in flight; installing
26702 info installOne stackblur-canvas@2.7.0
26703 verbose installOne of stackblur-canvas to C:\chef-master-pro\node_modules\jspdf\node_modules\canvg not in flight; installing
26704 info installOne svg-pathdata@6.0.3
26705 verbose installOne of svg-pathdata to C:\chef-master-pro\node_modules\jspdf\node_modules\canvg not in flight; installing
26706 info installOne rgbcolor@1.0.1
26707 verbose installOne of rgbcolor to C:\chef-master-pro\node_modules\jspdf\node_modules\canvg not in flight; installing
26708 info installOne raf@3.4.1
26709 verbose installOne of raf to C:\chef-master-pro\node_modules\jspdf\node_modules\canvg not in flight; installing
26710 info installOne regenerator-runtime@0.13.11
26711 verbose installOne of regenerator-runtime to C:\chef-master-pro\node_modules\jspdf\node_modules\canvg not in flight; installing
26712 verbose lock using C:\Users\Carlos García\AppData\Roaming\npm-cache\_locks\types-raf-360ae71ea20f2ba5.lock for C:\chef-master-pro\node_modules\jspdf\node_modules\canvg\node_modules\@types\raf
26713 verbose lock using C:\Users\Carlos García\AppData\Roaming\npm-cache\_locks\stackblur-canvas-c5844bc988625c50.lock for C:\chef-master-pro\node_modules\jspdf\node_modules\canvg\node_modules\stackblur-canvas
26714 verbose lock using C:\Users\Carlos García\AppData\Roaming\npm-cache\_locks\svg-pathdata-3db5936251893edc.lock for C:\chef-master-pro\node_modules\jspdf\node_modules\canvg\node_modules\svg-pathdata
26715 warn engine svg-pathdata@6.0.3: wanted: {"node":">=12.0.0"} (current: {"node":"0.12.2","npm":"2.7.4"})
26716 verbose lock using C:\Users\Carlos García\AppData\Roaming\npm-cache\_locks\rgbcolor-a26d36a81ada2ecb.lock for C:\chef-master-pro\node_modules\jspdf\node_modules\canvg\node_modules\rgbcolor
26717 verbose lock using C:\Users\Carlos García\AppData\Roaming\npm-cache\_locks\raf-c5ed6b057fbe4e4c.lock for C:\chef-master-pro\node_modules\jspdf\node_modules\canvg\node_modules\raf
26718 silly install write writing @types/raf 3.4.3 to C:\chef-master-pro\node_modules\jspdf\node_modules\canvg\node_modules\@types\raf
26719 silly cache addNamed cb @types/raf@3.4.3
26720 verbose unbuild node_modules\jspdf\node_modules\canvg\node_modules\@types\raf
26721 silly install write writing stackblur-canvas 2.7.0 to C:\chef-master-pro\node_modules\jspdf\node_modules\canvg\node_modules\stackblur-canvas
26722 silly cache addNamed cb stackblur-canvas@2.7.0
26723 verbose unbuild node_modules\jspdf\node_modules\canvg\node_modules\stackblur-canvas
26724 silly install write writing svg-pathdata 6.0.3 to C:\chef-master-pro\node_modules\jspdf\node_modules\canvg\node_modules\svg-pathdata
26725 silly cache addNamed cb svg-pathdata@6.0.3
26726 verbose unbuild node_modules\jspdf\node_modules\canvg\node_modules\svg-pathdata
26727 silly install write writing rgbcolor 1.0.1 to C:\chef-master-pro\node_modules\jspdf\node_modules\canvg\node_modules\rgbcolor
26728 silly cache addNamed cb rgbcolor@1.0.1
26729 verbose unbuild node_modules\jspdf\node_modules\canvg\node_modules\rgbcolor
26730 silly install write writing raf 3.4.1 to C:\chef-master-pro\node_modules\jspdf\node_modules\canvg\node_modules\raf
26731 silly cache addNamed cb raf@3.4.1
26732 verbose unbuild node_modules\jspdf\node_modules\canvg\node_modules\raf
26733 verbose lock using C:\Users\Carlos García\AppData\Roaming\npm-cache\_locks\regenerator-runtime-138a2bd47c630716.lock for C:\chef-master-pro\node_modules\jspdf\node_modules\canvg\node_modules\regenerator-runtime
26734 silly gentlyRm C:\chef-master-pro\node_modules\jspdf\node_modules\canvg\node_modules\@types\raf is being purged from base C:\chef-master-pro
26735 verbose gentlyRm don't care about contents; nuking C:\chef-master-pro\node_modules\jspdf\node_modules\canvg\node_modules\@types\raf
26736 silly install write writing regenerator-runtime 0.13.11 to C:\chef-master-pro\node_modules\jspdf\node_modules\canvg\node_modules\regenerator-runtime
26737 silly cache addNamed cb regenerator-runtime@0.13.11
26738 verbose unbuild node_modules\jspdf\node_modules\canvg\node_modules\regenerator-runtime
26739 silly gentlyRm C:\chef-master-pro\node_modules\jspdf\node_modules\canvg\node_modules\stackblur-canvas is being purged from base C:\chef-master-pro
26740 verbose gentlyRm don't care about contents; nuking C:\chef-master-pro\node_modules\jspdf\node_modules\canvg\node_modules\stackblur-canvas
26741 silly gentlyRm C:\chef-master-pro\node_modules\jspdf\node_modules\canvg\node_modules\svg-pathdata is being purged from base C:\chef-master-pro
26742 verbose gentlyRm don't care about contents; nuking C:\chef-master-pro\node_modules\jspdf\node_modules\canvg\node_modules\svg-pathdata
26743 silly gentlyRm C:\chef-master-pro\node_modules\jspdf\node_modules\canvg\node_modules\rgbcolor is being purged from base C:\chef-master-pro
26744 verbose gentlyRm don't care about contents; nuking C:\chef-master-pro\node_modules\jspdf\node_modules\canvg\node_modules\rgbcolor
26745 silly gentlyRm C:\chef-master-pro\node_modules\jspdf\node_modules\canvg\node_modules\raf is being purged from base C:\chef-master-pro
26746 verbose gentlyRm don't care about contents; nuking C:\chef-master-pro\node_modules\jspdf\node_modules\canvg\node_modules\raf
26747 silly gunzTarPerm extractEntry stable/math/f16round.js
26748 silly gunzTarPerm modified mode [ 'stable/math/f16round.js', 420, 438 ]
26749 silly gunzTarPerm extractEntry internals/fails.js
26750 silly gunzTarPerm modified mode [ 'internals/fails.js', 420, 438 ]
26751 verbose tar unpack C:\Users\Carlos García\AppData\Roaming\npm-cache\@types\raf\3.4.3\package.tgz
26752 verbose tar unpacking to C:\chef-master-pro\node_modules\jspdf\node_modules\canvg\node_modules\@types\raf
26753 silly gentlyRm C:\chef-master-pro\node_modules\jspdf\node_modules\canvg\node_modules\@types\raf is being purged
26754 verbose gentlyRm don't care about contents; nuking C:\chef-master-pro\node_modules\jspdf\node_modules\canvg\node_modules\@types\raf
26755 verbose tar unpack C:\Users\Carlos García\AppData\Roaming\npm-cache\stackblur-canvas\2.7.0\package.tgz
26756 verbose tar unpacking to C:\chef-master-pro\node_modules\jspdf\node_modules\canvg\node_modules\stackblur-canvas
26757 silly gentlyRm C:\chef-master-pro\node_modules\jspdf\node_modules\canvg\node_modules\stackblur-canvas is being purged
26758 verbose gentlyRm don't care about contents; nuking C:\chef-master-pro\node_modules\jspdf\node_modules\canvg\node_modules\stackblur-canvas
26759 verbose tar unpack C:\Users\Carlos García\AppData\Roaming\npm-cache\svg-pathdata\6.0.3\package.tgz
26760 verbose tar unpacking to C:\chef-master-pro\node_modules\jspdf\node_modules\canvg\node_modules\svg-pathdata
26761 silly gentlyRm C:\chef-master-pro\node_modules\jspdf\node_modules\canvg\node_modules\svg-pathdata is being purged
26762 verbose gentlyRm don't care about contents; nuking C:\chef-master-pro\node_modules\jspdf\node_modules\canvg\node_modules\svg-pathdata
26763 verbose tar unpack C:\Users\Carlos García\AppData\Roaming\npm-cache\rgbcolor\1.0.1\package.tgz
26764 verbose tar unpacking to C:\chef-master-pro\node_modules\jspdf\node_modules\canvg\node_modules\rgbcolor
26765 silly gentlyRm C:\chef-master-pro\node_modules\jspdf\node_modules\canvg\node_modules\rgbcolor is being purged
26766 verbose gentlyRm don't care about contents; nuking C:\chef-master-pro\node_modules\jspdf\node_modules\canvg\node_modules\rgbcolor
26767 verbose tar unpack C:\Users\Carlos García\AppData\Roaming\npm-cache\raf\3.4.1\package.tgz
26768 verbose tar unpacking to C:\chef-master-pro\node_modules\jspdf\node_modules\canvg\node_modules\raf
26769 silly gentlyRm C:\chef-master-pro\node_modules\jspdf\node_modules\canvg\node_modules\raf is being purged
26770 verbose gentlyRm don't care about contents; nuking C:\chef-master-pro\node_modules\jspdf\node_modules\canvg\node_modules\raf
26771 silly gunzTarPerm modes [ '777', '666' ]
26772 silly gentlyRm C:\chef-master-pro\node_modules\jspdf\node_modules\canvg\node_modules\regenerator-runtime is being purged from base C:\chef-master-pro
26773 verbose gentlyRm don't care about contents; nuking C:\chef-master-pro\node_modules\jspdf\node_modules\canvg\node_modules\regenerator-runtime
26774 silly gunzTarPerm modes [ '777', '666' ]
26775 silly gunzTarPerm modes [ '777', '666' ]
26776 silly gunzTarPerm modes [ '777', '666' ]
26777 silly gunzTarPerm modes [ '777', '666' ]
26778 verbose tar unpack C:\Users\Carlos García\AppData\Roaming\npm-cache\regenerator-runtime\0.13.11\package.tgz
26779 verbose tar unpacking to C:\chef-master-pro\node_modules\jspdf\node_modules\canvg\node_modules\regenerator-runtime
26780 silly gentlyRm C:\chef-master-pro\node_modules\jspdf\node_modules\canvg\node_modules\regenerator-runtime is being purged
26781 verbose gentlyRm don't care about contents; nuking C:\chef-master-pro\node_modules\jspdf\node_modules\canvg\node_modules\regenerator-runtime
26782 silly gunzTarPerm modes [ '777', '666' ]
26783 silly gunzTarPerm extractEntry .editorconfig
26784 silly gunzTarPerm modified mode [ '.editorconfig', 420, 438 ]
26785 silly gunzTarPerm extractEntry package.json
26786 silly gunzTarPerm modified mode [ 'package.json', 420, 438 ]
26787 silly gunzTarPerm extractEntry LICENSE
26788 silly gunzTarPerm modified mode [ 'LICENSE', 420, 438 ]
26789 silly gunzTarPerm extractEntry package.json
26790 silly gunzTarPerm modified mode [ 'package.json', 420, 438 ]
26791 silly gunzTarPerm extractEntry LICENSE
26792 silly gunzTarPerm modified mode [ 'LICENSE', 420, 438 ]
26793 silly gunzTarPerm extractEntry
26794 silly gunzTarPerm modified mode [ '', 493, 511 ]
26795 silly gunzTarPerm extractEntry actual/array/fill.js
26796 silly gunzTarPerm modified mode [ 'actual/array/fill.js', 420, 438 ]
26797 silly gunzTarPerm extractEntry actual/array/virtual/fill.js
26798 silly gunzTarPerm modified mode [ 'actual/array/virtual/fill.js', 420, 438 ]
26799 silly gunzTarPerm extractEntry .eslintignore
26800 silly gunzTarPerm modified mode [ '.eslintignore', 420, 438 ]
26801 silly gunzTarPerm extractEntry .eslintrc.js
26802 silly gunzTarPerm modified mode [ '.eslintrc.js', 420, 438 ]
26803 silly gunzTarPerm extractEntry README.md
26804 silly gunzTarPerm modified mode [ 'README.md', 420, 438 ]
26805 silly gunzTarPerm extractEntry index.js
26806 silly gunzTarPerm modified mode [ 'index.js', 420, 438 ]
26807 silly gunzTarPerm extractEntry index.js
26808 silly gunzTarPerm modified mode [ 'index.js', 420, 438 ]
26809 silly gunzTarPerm extractEntry LICENSE
26810 silly gunzTarPerm modified mode [ 'LICENSE', 420, 438 ]
26811 silly gunzTarPerm extractEntry lib/SVGPathData.cjs
26812 silly gunzTarPerm modified mode [ 'lib/SVGPathData.cjs', 420, 438 ]
26813 silly gunzTarPerm extractEntry karma.conf.js
26814 silly gunzTarPerm modified mode [ 'karma.conf.js', 493, 511 ]
26815 silly gunzTarPerm extractEntry path.js
26816 silly gunzTarPerm modified mode [ 'path.js', 420, 438 ]
26817 silly gunzTarPerm extractEntry runtime.js
26818 silly gunzTarPerm modified mode [ 'runtime.js', 420, 438 ]
26819 silly gunzTarPerm extractEntry
26820 silly gunzTarPerm modified mode [ '', 420, 438 ]
26821 silly gunzTarPerm extractEntry
26822 silly gunzTarPerm modified mode [ '', 420, 438 ]
26823 silly gunzTarPerm extractEntry
26824 silly gunzTarPerm modified mode [ '', 420, 438 ]
26825 silly gunzTarPerm extractEntry actual/instance/fill.js
26826 silly gunzTarPerm modified mode [ 'actual/instance/fill.js', 420, 438 ]
26827 silly gunzTarPerm extractEntry actual/typed-array/fill.js
26828 silly gunzTarPerm modified mode [ 'actual/typed-array/fill.js', 420, 438 ]
26829 silly gunzTarPerm extractEntry dist/stackblur-es.js
26830 silly gunzTarPerm modified mode [ 'dist/stackblur-es.js', 420, 438 ]
26831 silly gunzTarPerm extractEntry dist/stackblur-es.min.js
26832 silly gunzTarPerm modified mode [ 'dist/stackblur-es.min.js', 420, 438 ]
26833 silly gunzTarPerm extractEntry dist/stackblur.js
26834 silly gunzTarPerm modified mode [ 'dist/stackblur.js', 420, 438 ]
26835 silly gunzTarPerm extractEntry src/stackblur.js
26836 silly gunzTarPerm modified mode [ 'src/stackblur.js', 420, 438 ]
26837 silly gunzTarPerm extractEntry dist/stackblur.min.js
26838 silly gunzTarPerm modified mode [ 'dist/stackblur.min.js', 420, 438 ]
26839 silly gunzTarPerm extractEntry package.json
26840 silly gunzTarPerm modified mode [ 'package.json', 420, 438 ]
26841 silly gunzTarPerm extractEntry dist/stackblur-es.min.js.map
26842 silly gunzTarPerm modified mode [ 'dist/stackblur-es.min.js.map', 420, 438 ]
26843 silly gunzTarPerm extractEntry dist/stackblur.min.js.map
26844 silly gunzTarPerm modified mode [ 'dist/stackblur.min.js.map', 420, 438 ]
26845 silly gunzTarPerm extractEntry CHANGES.md
26846 silly gunzTarPerm modified mode [ 'CHANGES.md', 420, 438 ]
26847 silly gunzTarPerm extractEntry README.md
26848 silly gunzTarPerm modified mode [ 'README.md', 420, 438 ]
26849 silly gunzTarPerm extractEntry index.d.ts
26850 silly gunzTarPerm modified mode [ 'index.d.ts', 420, 438 ]
26851 silly gunzTarPerm extractEntry LICENSE-MIT.txt
26852 silly gunzTarPerm modified mode [ 'LICENSE-MIT.txt', 420, 438 ]
26853 silly gunzTarPerm extractEntry FEEL-FREE.md
26854 silly gunzTarPerm modified mode [ 'FEEL-FREE.md', 420, 438 ]
26855 silly gunzTarPerm extractEntry LICENSE.md
26856 silly gunzTarPerm modified mode [ 'LICENSE.md', 420, 438 ]
26857 silly gunzTarPerm extractEntry lib/SVGPathData.module.js
26858 silly gunzTarPerm modified mode [ 'lib/SVGPathData.module.js', 420, 438 ]
26859 silly gunzTarPerm extractEntry package.json
26860 silly gunzTarPerm modified mode [ 'package.json', 420, 438 ]
26861 silly gunzTarPerm extractEntry tsconfig.json
26862 silly gunzTarPerm modified mode [ 'tsconfig.json', 420, 438 ]
26863 silly gunzTarPerm extractEntry polyfill.js
26864 silly gunzTarPerm modified mode [ 'polyfill.js', 420, 438 ]
26865 silly gunzTarPerm extractEntry README.md
26866 silly gunzTarPerm modified mode [ 'README.md', 420, 438 ]
26867 silly gunzTarPerm extractEntry
26868 silly gunzTarPerm modified mode [ '', 420, 438 ]
26869 silly gunzTarPerm extractEntry package.json
26870 silly gunzTarPerm modified mode [ 'package.json', 420, 438 ]
26871 silly gunzTarPerm extractEntry es/array/fill.js
26872 silly gunzTarPerm modified mode [ 'es/array/fill.js', 420, 438 ]
26873 silly gunzTarPerm extractEntry es/array/virtual/fill.js
26874 silly gunzTarPerm modified mode [ 'es/array/virtual/fill.js', 420, 438 ]
26875 silly gunzTarPerm extractEntry README.md
26876 silly gunzTarPerm modified mode [ 'README.md', 420, 438 ]
26877 silly gunzTarPerm extractEntry test.js
26878 silly gunzTarPerm modified mode [ 'test.js', 420, 438 ]
26879 silly gunzTarPerm extractEntry window.js
26880 silly gunzTarPerm modified mode [ 'window.js', 420, 438 ]
26881 silly gunzTarPerm extractEntry es/instance/fill.js
26882 silly gunzTarPerm modified mode [ 'es/instance/fill.js', 420, 438 ]
26883 silly gunzTarPerm extractEntry es/typed-array/fill.js
26884 silly gunzTarPerm modified mode [ 'es/typed-array/fill.js', 420, 438 ]
26885 silly gunzTarPerm extractEntry features/array/fill.js
26886 silly gunzTarPerm modified mode [ 'features/array/fill.js', 420, 438 ]
26887 silly gunzTarPerm extractEntry features/array/virtual/fill.js
26888 silly gunzTarPerm modified mode [ 'features/array/virtual/fill.js', 420, 438 ]
26889 silly gunzTarPerm extractEntry tslint.json
26890 silly gunzTarPerm modified mode [ 'tslint.json', 420, 438 ]
26891 silly gunzTarPerm extractEntry features/instance/fill.js
26892 silly gunzTarPerm modified mode [ 'features/instance/fill.js', 420, 438 ]
26893 silly gunzTarPerm extractEntry features/typed-array/fill.js
26894 silly gunzTarPerm modified mode [ 'features/typed-array/fill.js', 420, 438 ]
26895 silly gunzTarPerm extractEntry full/array/fill.js
26896 silly gunzTarPerm modified mode [ 'full/array/fill.js', 420, 438 ]
26897 silly gunzTarPerm extractEntry full/array/virtual/fill.js
26898 silly gunzTarPerm modified mode [ 'full/array/virtual/fill.js', 420, 438 ]
26899 silly gunzTarPerm extractEntry lib/SVGPathData.cjs.map
26900 silly gunzTarPerm modified mode [ 'lib/SVGPathData.cjs.map', 420, 438 ]
26901 silly gunzTarPerm extractEntry lib/SVGPathData.module.js.map
26902 silly gunzTarPerm modified mode [ 'lib/SVGPathData.module.js.map', 420, 438 ]
26903 silly gunzTarPerm extractEntry full/instance/fill.js
26904 silly gunzTarPerm modified mode [ 'full/instance/fill.js', 420, 438 ]
26905 silly gunzTarPerm extractEntry full/typed-array/fill.js
26906 silly gunzTarPerm modified mode [ 'full/typed-array/fill.js', 420, 438 ]
26907 info preinstall rgbcolor@1.0.1
26908 silly gunzTarPerm extractEntry CHANGELOG.md
26909 silly gunzTarPerm modified mode [ 'CHANGELOG.md', 420, 438 ]
26910 silly gunzTarPerm extractEntry README.md
26911 silly gunzTarPerm modified mode [ 'README.md', 493, 511 ]
26912 silly gunzTarPerm extractEntry index.d.ts
26913 silly gunzTarPerm modified mode [ 'index.d.ts', 420, 438 ]
26914 silly gunzTarPerm extractEntry stable/array/fill.js
26915 silly gunzTarPerm modified mode [ 'stable/array/fill.js', 420, 438 ]
26916 silly gunzTarPerm extractEntry stable/array/virtual/fill.js
26917 silly gunzTarPerm modified mode [ 'stable/array/virtual/fill.js', 420, 438 ]
26918 silly install resolved []
26919 verbose about to build C:\chef-master-pro\node_modules\jspdf\node_modules\canvg\node_modules\rgbcolor
26920 info build C:\chef-master-pro\node_modules\jspdf\node_modules\canvg\node_modules\rgbcolor
26921 verbose linkStuff [ false,
26921 verbose linkStuff   false,
26921 verbose linkStuff   false,
26921 verbose linkStuff   'C:\\chef-master-pro\\node_modules\\jspdf\\node_modules\\canvg\\node_modules' ]
26922 info linkStuff rgbcolor@1.0.1
26923 verbose linkBins rgbcolor@1.0.1
26924 verbose linkMans rgbcolor@1.0.1
26925 verbose rebuildBundles rgbcolor@1.0.1
26926 verbose unlock done using C:\Users\Carlos García\AppData\Roaming\npm-cache\_locks\types-raf-360ae71ea20f2ba5.lock for C:\chef-master-pro\node_modules\jspdf\node_modules\canvg\node_modules\@types\raf
26927 info install rgbcolor@1.0.1
26928 info postinstall rgbcolor@1.0.1
26929 verbose unlock done using C:\Users\Carlos García\AppData\Roaming\npm-cache\_locks\rgbcolor-a26d36a81ada2ecb.lock for C:\chef-master-pro\node_modules\jspdf\node_modules\canvg\node_modules\rgbcolor
26930 silly gunzTarPerm extractEntry stable/instance/fill.js
26931 silly gunzTarPerm modified mode [ 'stable/instance/fill.js', 420, 438 ]
26932 silly gunzTarPerm extractEntry stable/typed-array/fill.js
26933 silly gunzTarPerm modified mode [ 'stable/typed-array/fill.js', 420, 438 ]
26934 silly gunzTarPerm extractEntry features/array/filter-out.js
26935 silly gunzTarPerm modified mode [ 'features/array/filter-out.js', 420, 438 ]
26936 silly gunzTarPerm extractEntry features/array/virtual/filter-out.js
26937 silly gunzTarPerm modified mode [ 'features/array/virtual/filter-out.js', 420, 438 ]
26938 silly gunzTarPerm extractEntry features/instance/filter-out.js
26939 silly gunzTarPerm modified mode [ 'features/instance/filter-out.js', 420, 438 ]
26940 silly gunzTarPerm extractEntry features/typed-array/filter-out.js
26941 silly gunzTarPerm modified mode [ 'features/typed-array/filter-out.js', 420, 438 ]
26942 silly gunzTarPerm extractEntry lib/mathUtils.d.ts
26943 silly gunzTarPerm modified mode [ 'lib/mathUtils.d.ts', 420, 438 ]
26944 info preinstall regenerator-runtime@0.13.11
26945 silly gunzTarPerm extractEntry full/array/filter-out.js
26946 silly gunzTarPerm modified mode [ 'full/array/filter-out.js', 420, 438 ]
26947 silly gunzTarPerm extractEntry full/array/virtual/filter-out.js
26948 silly gunzTarPerm modified mode [ 'full/array/virtual/filter-out.js', 420, 438 ]
26949 silly install resolved []
26950 verbose about to build C:\chef-master-pro\node_modules\jspdf\node_modules\canvg\node_modules\regenerator-runtime
26951 info build C:\chef-master-pro\node_modules\jspdf\node_modules\canvg\node_modules\regenerator-runtime
26952 verbose linkStuff [ false,
26952 verbose linkStuff   false,
26952 verbose linkStuff   false,
26952 verbose linkStuff   'C:\\chef-master-pro\\node_modules\\jspdf\\node_modules\\canvg\\node_modules' ]
26953 info linkStuff regenerator-runtime@0.13.11
26954 verbose linkBins regenerator-runtime@0.13.11
26955 verbose linkMans regenerator-runtime@0.13.11
26956 verbose rebuildBundles regenerator-runtime@0.13.11
26957 info install regenerator-runtime@0.13.11
26958 info preinstall raf@3.4.1
26959 info postinstall regenerator-runtime@0.13.11
26960 silly gunzTarPerm extractEntry src/mathUtils.ts
26961 silly gunzTarPerm modified mode [ 'src/mathUtils.ts', 420, 438 ]
26962 silly gunzTarPerm extractEntry lib/SVGPathData.d.ts
26963 silly gunzTarPerm modified mode [ 'lib/SVGPathData.d.ts', 420, 438 ]
26964 silly prepareForInstallMany adding performance-now@^2.1.0 from raf dependencies
26965 verbose unlock done using C:\Users\Carlos García\AppData\Roaming\npm-cache\_locks\regenerator-runtime-138a2bd47c630716.lock for C:\chef-master-pro\node_modules\jspdf\node_modules\canvg\node_modules\regenerator-runtime
26966 silly gunzTarPerm extractEntry full/instance/filter-out.js
26967 silly gunzTarPerm modified mode [ 'full/instance/filter-out.js', 420, 438 ]
26968 silly gunzTarPerm extractEntry full/typed-array/filter-out.js
26969 silly gunzTarPerm modified mode [ 'full/typed-array/filter-out.js', 420, 438 ]
26970 silly cache add args [ 'performance-now@^2.1.0', null ]
26971 verbose cache add spec performance-now@^2.1.0
26972 silly cache add parsed spec { raw: 'performance-now@^2.1.0',
26972 silly cache add   scope: null,
26972 silly cache add   name: 'performance-now',
26972 silly cache add   rawSpec: '^2.1.0',
26972 silly cache add   spec: '>=2.1.0 <3.0.0',
26972 silly cache add   type: 'range' }
26973 verbose addNamed performance-now@>=2.1.0 <3.0.0
26974 silly addNamed semver.valid null
26975 silly addNamed semver.validRange >=2.1.0 <3.0.0
26976 silly addNameRange { name: 'performance-now',
26976 silly addNameRange   range: '>=2.1.0 <3.0.0',
26976 silly addNameRange   hasData: false }
26977 silly mapToRegistry name performance-now
26978 silly mapToRegistry using default registry
26979 silly mapToRegistry registry https://registry.npmjs.org/
26980 silly mapToRegistry uri https://registry.npmjs.org/performance-now
26981 verbose addNameRange registry:https://registry.npmjs.org/performance-now not in flight; fetching
26982 verbose request uri https://registry.npmjs.org/performance-now
26983 verbose request no auth needed
26984 info attempt registry request try #1 at 10:27:36
26985 verbose etag W/"8d85afed33aabcc08423629bb7f02b15"
26986 verbose lastModified Thu, 23 Jun 2022 18:23:29 GMT
26987 http request GET https://registry.npmjs.org/performance-now
26988 silly gunzTarPerm extractEntry src/SVGPathData.ts
26989 silly gunzTarPerm modified mode [ 'src/SVGPathData.ts', 420, 438 ]
26990 silly gunzTarPerm extractEntry lib/SVGPathDataEncoder.d.ts
26991 silly gunzTarPerm modified mode [ 'lib/SVGPathDataEncoder.d.ts', 420, 438 ]
26992 silly gunzTarPerm extractEntry features/array/filter-reject.js
26993 silly gunzTarPerm modified mode [ 'features/array/filter-reject.js', 420, 438 ]
26994 silly gunzTarPerm extractEntry features/array/virtual/filter-reject.js
26995 silly gunzTarPerm modified mode [ 'features/array/virtual/filter-reject.js', 420, 438 ]
26996 silly gunzTarPerm extractEntry src/SVGPathDataEncoder.ts
26997 silly gunzTarPerm modified mode [ 'src/SVGPathDataEncoder.ts', 420, 438 ]
26998 silly gunzTarPerm extractEntry features/instance/filter-reject.js
26999 silly gunzTarPerm modified mode [ 'features/instance/filter-reject.js', 420, 438 ]
27000 silly gunzTarPerm extractEntry features/typed-array/filter-reject.js
27001 silly gunzTarPerm modified mode [ 'features/typed-array/filter-reject.js', 420, 438 ]
27002 silly gunzTarPerm extractEntry lib/SVGPathDataParser.d.ts
27003 silly gunzTarPerm modified mode [ 'lib/SVGPathDataParser.d.ts', 420, 438 ]
27004 silly gunzTarPerm extractEntry src/SVGPathDataParser.ts
27005 silly gunzTarPerm modified mode [ 'src/SVGPathDataParser.ts', 420, 438 ]
27006 silly gunzTarPerm extractEntry lib/SVGPathDataTransformer.d.ts
27007 silly gunzTarPerm modified mode [ 'lib/SVGPathDataTransformer.d.ts', 420, 438 ]
27008 silly gunzTarPerm extractEntry full/array/filter-reject.js
27009 silly gunzTarPerm modified mode [ 'full/array/filter-reject.js', 420, 438 ]
27010 silly gunzTarPerm extractEntry full/array/virtual/filter-reject.js
27011 silly gunzTarPerm modified mode [ 'full/array/virtual/filter-reject.js', 420, 438 ]
27012 silly gunzTarPerm extractEntry full/instance/filter-reject.js
27013 silly gunzTarPerm modified mode [ 'full/instance/filter-reject.js', 420, 438 ]
27014 silly gunzTarPerm extractEntry full/typed-array/filter-reject.js
27015 silly gunzTarPerm modified mode [ 'full/typed-array/filter-reject.js', 420, 438 ]
27016 silly gunzTarPerm extractEntry actual/array/filter.js
27017 silly gunzTarPerm modified mode [ 'actual/array/filter.js', 420, 438 ]
27018 silly gunzTarPerm extractEntry actual/array/virtual/filter.js
27019 silly gunzTarPerm modified mode [ 'actual/array/virtual/filter.js', 420, 438 ]
27020 silly gunzTarPerm extractEntry src/SVGPathDataTransformer.ts
27021 silly gunzTarPerm modified mode [ 'src/SVGPathDataTransformer.ts', 420, 438 ]
27022 silly gunzTarPerm extractEntry actual/async-iterator/filter.js
27023 silly gunzTarPerm modified mode [ 'actual/async-iterator/filter.js', 420, 438 ]
27024 silly gunzTarPerm extractEntry actual/instance/filter.js
27025 silly gunzTarPerm modified mode [ 'actual/instance/filter.js', 420, 438 ]
27026 silly gunzTarPerm extractEntry actual/iterator/filter.js
27027 silly gunzTarPerm modified mode [ 'actual/iterator/filter.js', 420, 438 ]
27028 silly gunzTarPerm extractEntry actual/typed-array/filter.js
27029 silly gunzTarPerm modified mode [ 'actual/typed-array/filter.js', 420, 438 ]
27030 silly gunzTarPerm extractEntry es/array/filter.js
27031 silly gunzTarPerm modified mode [ 'es/array/filter.js', 420, 438 ]
27032 silly gunzTarPerm extractEntry es/array/virtual/filter.js
27033 silly gunzTarPerm modified mode [ 'es/array/virtual/filter.js', 420, 438 ]
27034 silly gunzTarPerm extractEntry es/instance/filter.js
27035 silly gunzTarPerm modified mode [ 'es/instance/filter.js', 420, 438 ]
27036 silly gunzTarPerm extractEntry es/iterator/filter.js
27037 silly gunzTarPerm modified mode [ 'es/iterator/filter.js', 420, 438 ]
27038 silly gunzTarPerm extractEntry lib/TransformableSVG.d.ts
27039 silly gunzTarPerm modified mode [ 'lib/TransformableSVG.d.ts', 420, 438 ]
27040 silly gunzTarPerm extractEntry es/typed-array/filter.js
27041 silly gunzTarPerm modified mode [ 'es/typed-array/filter.js', 420, 438 ]
27042 silly gunzTarPerm extractEntry features/array/filter.js
27043 silly gunzTarPerm modified mode [ 'features/array/filter.js', 420, 438 ]
27044 silly gunzTarPerm extractEntry features/array/virtual/filter.js
27045 silly gunzTarPerm modified mode [ 'features/array/virtual/filter.js', 420, 438 ]
27046 silly gunzTarPerm extractEntry features/async-iterator/filter.js
27047 silly gunzTarPerm modified mode [ 'features/async-iterator/filter.js', 420, 438 ]
27048 silly gunzTarPerm extractEntry src/TransformableSVG.ts
27049 silly gunzTarPerm modified mode [ 'src/TransformableSVG.ts', 420, 438 ]
27050 silly gunzTarPerm extractEntry lib/types.d.ts
27051 silly gunzTarPerm modified mode [ 'lib/types.d.ts', 420, 438 ]
27052 silly gunzTarPerm extractEntry src/types.ts
27053 silly gunzTarPerm modified mode [ 'src/types.ts', 420, 438 ]
27054 silly gunzTarPerm extractEntry features/instance/filter.js
27055 silly gunzTarPerm modified mode [ 'features/instance/filter.js', 420, 438 ]
27056 silly gunzTarPerm extractEntry features/iterator/filter.js
27057 silly gunzTarPerm modified mode [ 'features/iterator/filter.js', 420, 438 ]
27058 silly gunzTarPerm extractEntry features/map/filter.js
27059 silly gunzTarPerm modified mode [ 'features/map/filter.js', 420, 438 ]
27060 silly gunzTarPerm extractEntry features/set/filter.js
27061 silly gunzTarPerm modified mode [ 'features/set/filter.js', 420, 438 ]
27062 silly gunzTarPerm extractEntry features/typed-array/filter.js
27063 silly gunzTarPerm modified mode [ 'features/typed-array/filter.js', 420, 438 ]
27064 silly gunzTarPerm extractEntry full/array/filter.js
27065 silly gunzTarPerm modified mode [ 'full/array/filter.js', 420, 438 ]
27066 silly gunzTarPerm extractEntry full/array/virtual/filter.js
27067 silly gunzTarPerm modified mode [ 'full/array/virtual/filter.js', 420, 438 ]
27068 silly gunzTarPerm extractEntry full/async-iterator/filter.js
27069 silly gunzTarPerm modified mode [ 'full/async-iterator/filter.js', 420, 438 ]
27070 silly gunzTarPerm extractEntry full/instance/filter.js
27071 silly gunzTarPerm modified mode [ 'full/instance/filter.js', 420, 438 ]
27072 silly gunzTarPerm extractEntry full/iterator/filter.js
27073 silly gunzTarPerm modified mode [ 'full/iterator/filter.js', 420, 438 ]
27074 verbose unlock done using C:\Users\Carlos García\AppData\Roaming\npm-cache\_locks\types-node-03e7cda6701401a0.lock for C:\chef-master-pro\node_modules\exceljs\node_modules\fast-csv\node_modules\@fast-csv\parse\node_modules\@types\node
27075 verbose about to build C:\chef-master-pro\node_modules\exceljs\node_modules\fast-csv\node_modules\@fast-csv\parse
27076 verbose unlock done using C:\Users\Carlos García\AppData\Roaming\npm-cache\_locks\fast-csv-parse-074e920b4e13c851.lock for C:\chef-master-pro\node_modules\exceljs\node_modules\fast-csv\node_modules\@fast-csv\parse
27077 silly gunzTarPerm extractEntry full/map/filter.js
27078 silly gunzTarPerm modified mode [ 'full/map/filter.js', 420, 438 ]
27079 silly gunzTarPerm extractEntry full/set/filter.js
27080 silly gunzTarPerm modified mode [ 'full/set/filter.js', 420, 438 ]
27081 silly gunzTarPerm extractEntry full/typed-array/filter.js
27082 silly gunzTarPerm modified mode [ 'full/typed-array/filter.js', 420, 438 ]
27083 silly gunzTarPerm extractEntry stable/array/filter.js
27084 silly gunzTarPerm modified mode [ 'stable/array/filter.js', 420, 438 ]
27085 silly gunzTarPerm extractEntry stable/array/virtual/filter.js
27086 silly gunzTarPerm modified mode [ 'stable/array/virtual/filter.js', 420, 438 ]
27087 silly gunzTarPerm extractEntry stable/instance/filter.js
27088 silly gunzTarPerm modified mode [ 'stable/instance/filter.js', 420, 438 ]
27089 silly gunzTarPerm extractEntry stable/iterator/filter.js
27090 silly gunzTarPerm modified mode [ 'stable/iterator/filter.js', 420, 438 ]
27091 silly gunzTarPerm extractEntry stable/typed-array/filter.js
27092 silly gunzTarPerm modified mode [ 'stable/typed-array/filter.js', 420, 438 ]
27093 silly gunzTarPerm extractEntry actual/promise/finally.js
27094 silly gunzTarPerm modified mode [ 'actual/promise/finally.js', 420, 438 ]
27095 silly gunzTarPerm extractEntry es/promise/finally.js
27096 silly gunzTarPerm modified mode [ 'es/promise/finally.js', 420, 438 ]
27097 silly gunzTarPerm extractEntry features/promise/finally.js
27098 silly gunzTarPerm modified mode [ 'features/promise/finally.js', 420, 438 ]
27099 silly gunzTarPerm extractEntry full/promise/finally.js
27100 silly gunzTarPerm modified mode [ 'full/promise/finally.js', 420, 438 ]
27101 silly gunzTarPerm extractEntry stable/promise/finally.js
27102 silly gunzTarPerm modified mode [ 'stable/promise/finally.js', 420, 438 ]
27103 silly gunzTarPerm extractEntry actual/array/find-index.js
27104 silly gunzTarPerm modified mode [ 'actual/array/find-index.js', 420, 438 ]
27105 silly gunzTarPerm extractEntry actual/array/virtual/find-index.js
27106 silly gunzTarPerm modified mode [ 'actual/array/virtual/find-index.js', 420, 438 ]
27107 silly gunzTarPerm extractEntry actual/instance/find-index.js
27108 silly gunzTarPerm modified mode [ 'actual/instance/find-index.js', 420, 438 ]
27109 silly gunzTarPerm extractEntry actual/typed-array/find-index.js
27110 silly gunzTarPerm modified mode [ 'actual/typed-array/find-index.js', 420, 438 ]
27111 silly gunzTarPerm extractEntry es/array/find-index.js
27112 silly gunzTarPerm modified mode [ 'es/array/find-index.js', 420, 438 ]
27113 verbose unlock done using C:\Users\Carlos García\AppData\Roaming\npm-cache\_locks\types-node-b8d27eb5c4f09377.lock for C:\chef-master-pro\node_modules\exceljs\node_modules\fast-csv\node_modules\@fast-csv\format\node_modules\@types\node
27114 verbose about to build C:\chef-master-pro\node_modules\exceljs\node_modules\fast-csv\node_modules\@fast-csv\format
27115 verbose unlock done using C:\Users\Carlos García\AppData\Roaming\npm-cache\_locks\fast-csv-format-fc8c09225c63b295.lock for C:\chef-master-pro\node_modules\exceljs\node_modules\fast-csv\node_modules\@fast-csv\format
27116 verbose about to build C:\chef-master-pro\node_modules\exceljs\node_modules\fast-csv
27117 verbose unlock done using C:\Users\Carlos García\AppData\Roaming\npm-cache\_locks\fast-csv-58a5f22425c78667.lock for C:\chef-master-pro\node_modules\exceljs\node_modules\fast-csv
27118 verbose about to build C:\chef-master-pro\node_modules\exceljs
27119 verbose unlock done using C:\Users\Carlos García\AppData\Roaming\npm-cache\_locks\exceljs-a5254dfc2f18fc2c.lock for C:\chef-master-pro\node_modules\exceljs
27120 silly gunzTarPerm extractEntry es/array/virtual/find-index.js
27121 silly gunzTarPerm modified mode [ 'es/array/virtual/find-index.js', 420, 438 ]
27122 silly gunzTarPerm extractEntry es/instance/find-index.js
27123 silly gunzTarPerm modified mode [ 'es/instance/find-index.js', 420, 438 ]
27124 silly gunzTarPerm extractEntry es/typed-array/find-index.js
27125 silly gunzTarPerm modified mode [ 'es/typed-array/find-index.js', 420, 438 ]
27126 silly gunzTarPerm extractEntry features/array/find-index.js
27127 silly gunzTarPerm modified mode [ 'features/array/find-index.js', 420, 438 ]
27128 silly gunzTarPerm extractEntry features/array/virtual/find-index.js
27129 silly gunzTarPerm modified mode [ 'features/array/virtual/find-index.js', 420, 438 ]
27130 silly gunzTarPerm extractEntry features/instance/find-index.js
27131 silly gunzTarPerm modified mode [ 'features/instance/find-index.js', 420, 438 ]
27132 info preinstall stackblur-canvas@2.7.0
27133 silly gunzTarPerm extractEntry features/typed-array/find-index.js
27134 silly gunzTarPerm modified mode [ 'features/typed-array/find-index.js', 420, 438 ]
27135 silly gunzTarPerm extractEntry full/array/find-index.js
27136 silly gunzTarPerm modified mode [ 'full/array/find-index.js', 420, 438 ]
27137 silly install resolved []
27138 verbose about to build C:\chef-master-pro\node_modules\jspdf\node_modules\canvg\node_modules\stackblur-canvas
27139 info build C:\chef-master-pro\node_modules\jspdf\node_modules\canvg\node_modules\stackblur-canvas
27140 verbose linkStuff [ false,
27140 verbose linkStuff   false,
27140 verbose linkStuff   false,
27140 verbose linkStuff   'C:\\chef-master-pro\\node_modules\\jspdf\\node_modules\\canvg\\node_modules' ]
27141 info linkStuff stackblur-canvas@2.7.0
27142 verbose linkBins stackblur-canvas@2.7.0
27143 verbose linkMans stackblur-canvas@2.7.0
27144 verbose rebuildBundles stackblur-canvas@2.7.0
27145 info install stackblur-canvas@2.7.0
27146 info postinstall stackblur-canvas@2.7.0
27147 verbose unlock done using C:\Users\Carlos García\AppData\Roaming\npm-cache\_locks\stackblur-canvas-c5844bc988625c50.lock for C:\chef-master-pro\node_modules\jspdf\node_modules\canvg\node_modules\stackblur-canvas
27148 silly gunzTarPerm extractEntry full/array/virtual/find-index.js
27149 silly gunzTarPerm modified mode [ 'full/array/virtual/find-index.js', 420, 438 ]
27150 silly gunzTarPerm extractEntry full/instance/find-index.js
27151 silly gunzTarPerm modified mode [ 'full/instance/find-index.js', 420, 438 ]
27152 silly gunzTarPerm extractEntry full/typed-array/find-index.js
27153 silly gunzTarPerm modified mode [ 'full/typed-array/find-index.js', 420, 438 ]
27154 silly gunzTarPerm extractEntry stable/array/find-index.js
27155 silly gunzTarPerm modified mode [ 'stable/array/find-index.js', 420, 438 ]
27156 silly gunzTarPerm extractEntry stable/array/virtual/find-index.js
27157 silly gunzTarPerm modified mode [ 'stable/array/virtual/find-index.js', 420, 438 ]
27158 silly gunzTarPerm extractEntry stable/instance/find-index.js
27159 silly gunzTarPerm modified mode [ 'stable/instance/find-index.js', 420, 438 ]
27160 silly gunzTarPerm extractEntry stable/typed-array/find-index.js
27161 silly gunzTarPerm modified mode [ 'stable/typed-array/find-index.js', 420, 438 ]
27162 silly gunzTarPerm extractEntry features/map/find-key.js
27163 silly gunzTarPerm modified mode [ 'features/map/find-key.js', 420, 438 ]
27164 silly gunzTarPerm extractEntry full/map/find-key.js
27165 silly gunzTarPerm modified mode [ 'full/map/find-key.js', 420, 438 ]
27166 silly gunzTarPerm extractEntry actual/array/find-last-index.js
27167 silly gunzTarPerm modified mode [ 'actual/array/find-last-index.js', 420, 438 ]
27168 silly gunzTarPerm extractEntry actual/array/virtual/find-last-index.js
27169 silly gunzTarPerm modified mode [ 'actual/array/virtual/find-last-index.js', 420, 438 ]
27170 silly gunzTarPerm extractEntry actual/instance/find-last-index.js
27171 silly gunzTarPerm modified mode [ 'actual/instance/find-last-index.js', 420, 438 ]
27172 silly gunzTarPerm extractEntry actual/typed-array/find-last-index.js
27173 silly gunzTarPerm modified mode [ 'actual/typed-array/find-last-index.js', 420, 438 ]
27174 silly gunzTarPerm extractEntry es/array/find-last-index.js
27175 silly gunzTarPerm modified mode [ 'es/array/find-last-index.js', 420, 438 ]
27176 silly gunzTarPerm extractEntry es/array/virtual/find-last-index.js
27177 silly gunzTarPerm modified mode [ 'es/array/virtual/find-last-index.js', 420, 438 ]
27178 silly gunzTarPerm extractEntry es/instance/find-last-index.js
27179 silly gunzTarPerm modified mode [ 'es/instance/find-last-index.js', 420, 438 ]
27180 silly gunzTarPerm extractEntry es/typed-array/find-last-index.js
27181 silly gunzTarPerm modified mode [ 'es/typed-array/find-last-index.js', 420, 438 ]
27182 silly gunzTarPerm extractEntry features/array/find-last-index.js
27183 silly gunzTarPerm modified mode [ 'features/array/find-last-index.js', 420, 438 ]
27184 silly gunzTarPerm extractEntry features/array/virtual/find-last-index.js
27185 silly gunzTarPerm modified mode [ 'features/array/virtual/find-last-index.js', 420, 438 ]
27186 silly gunzTarPerm extractEntry features/instance/find-last-index.js
27187 silly gunzTarPerm modified mode [ 'features/instance/find-last-index.js', 420, 438 ]
27188 silly gunzTarPerm extractEntry features/typed-array/find-last-index.js
27189 silly gunzTarPerm modified mode [ 'features/typed-array/find-last-index.js', 420, 438 ]
27190 silly gunzTarPerm extractEntry full/array/find-last-index.js
27191 silly gunzTarPerm modified mode [ 'full/array/find-last-index.js', 420, 438 ]
27192 silly gunzTarPerm extractEntry full/array/virtual/find-last-index.js
27193 silly gunzTarPerm modified mode [ 'full/array/virtual/find-last-index.js', 420, 438 ]
27194 silly gunzTarPerm extractEntry full/instance/find-last-index.js
27195 silly gunzTarPerm modified mode [ 'full/instance/find-last-index.js', 420, 438 ]
27196 silly gunzTarPerm extractEntry full/typed-array/find-last-index.js
27197 silly gunzTarPerm modified mode [ 'full/typed-array/find-last-index.js', 420, 438 ]
27198 silly gunzTarPerm extractEntry stable/array/find-last-index.js
27199 silly gunzTarPerm modified mode [ 'stable/array/find-last-index.js', 420, 438 ]
27200 silly gunzTarPerm extractEntry stable/array/virtual/find-last-index.js
27201 silly gunzTarPerm modified mode [ 'stable/array/virtual/find-last-index.js', 420, 438 ]
27202 silly gunzTarPerm extractEntry stable/instance/find-last-index.js
27203 silly gunzTarPerm modified mode [ 'stable/instance/find-last-index.js', 420, 438 ]
27204 silly gunzTarPerm extractEntry stable/typed-array/find-last-index.js
27205 silly gunzTarPerm modified mode [ 'stable/typed-array/find-last-index.js', 420, 438 ]
27206 silly gunzTarPerm extractEntry actual/array/find-last.js
27207 silly gunzTarPerm modified mode [ 'actual/array/find-last.js', 420, 438 ]
27208 silly gunzTarPerm extractEntry actual/array/virtual/find-last.js
27209 silly gunzTarPerm modified mode [ 'actual/array/virtual/find-last.js', 420, 438 ]
27210 silly gunzTarPerm extractEntry actual/instance/find-last.js
27211 silly gunzTarPerm modified mode [ 'actual/instance/find-last.js', 420, 438 ]
27212 silly gunzTarPerm extractEntry actual/typed-array/find-last.js
27213 silly gunzTarPerm modified mode [ 'actual/typed-array/find-last.js', 420, 438 ]
27214 silly gunzTarPerm extractEntry es/array/find-last.js
27215 silly gunzTarPerm modified mode [ 'es/array/find-last.js', 420, 438 ]
27216 silly gunzTarPerm extractEntry es/array/virtual/find-last.js
27217 silly gunzTarPerm modified mode [ 'es/array/virtual/find-last.js', 420, 438 ]
27218 silly gunzTarPerm extractEntry es/instance/find-last.js
27219 silly gunzTarPerm modified mode [ 'es/instance/find-last.js', 420, 438 ]
27220 info preinstall svg-pathdata@6.0.3
27221 silly install resolved []
27222 verbose about to build C:\chef-master-pro\node_modules\jspdf\node_modules\canvg\node_modules\svg-pathdata
27223 info build C:\chef-master-pro\node_modules\jspdf\node_modules\canvg\node_modules\svg-pathdata
27224 verbose linkStuff [ false,
27224 verbose linkStuff   false,
27224 verbose linkStuff   false,
27224 verbose linkStuff   'C:\\chef-master-pro\\node_modules\\jspdf\\node_modules\\canvg\\node_modules' ]
27225 info linkStuff svg-pathdata@6.0.3
27226 verbose linkBins svg-pathdata@6.0.3
27227 verbose linkMans svg-pathdata@6.0.3
27228 verbose rebuildBundles svg-pathdata@6.0.3
27229 silly gunzTarPerm extractEntry es/typed-array/find-last.js
27230 silly gunzTarPerm modified mode [ 'es/typed-array/find-last.js', 420, 438 ]
27231 silly gunzTarPerm extractEntry features/array/find-last.js
27232 silly gunzTarPerm modified mode [ 'features/array/find-last.js', 420, 438 ]
27233 info install svg-pathdata@6.0.3
27234 info postinstall svg-pathdata@6.0.3
27235 verbose unlock done using C:\Users\Carlos García\AppData\Roaming\npm-cache\_locks\svg-pathdata-3db5936251893edc.lock for C:\chef-master-pro\node_modules\jspdf\node_modules\canvg\node_modules\svg-pathdata
27236 silly gunzTarPerm extractEntry features/array/virtual/find-last.js
27237 silly gunzTarPerm modified mode [ 'features/array/virtual/find-last.js', 420, 438 ]
27238 silly gunzTarPerm extractEntry features/instance/find-last.js
27239 silly gunzTarPerm modified mode [ 'features/instance/find-last.js', 420, 438 ]
27240 silly gunzTarPerm extractEntry features/typed-array/find-last.js
27241 silly gunzTarPerm modified mode [ 'features/typed-array/find-last.js', 420, 438 ]
27242 silly gunzTarPerm extractEntry full/array/find-last.js
27243 silly gunzTarPerm modified mode [ 'full/array/find-last.js', 420, 438 ]
27244 silly gunzTarPerm extractEntry full/array/virtual/find-last.js
27245 silly gunzTarPerm modified mode [ 'full/array/virtual/find-last.js', 420, 438 ]
27246 silly gunzTarPerm extractEntry full/instance/find-last.js
27247 silly gunzTarPerm modified mode [ 'full/instance/find-last.js', 420, 438 ]
27248 silly gunzTarPerm extractEntry full/typed-array/find-last.js
27249 silly gunzTarPerm modified mode [ 'full/typed-array/find-last.js', 420, 438 ]
27250 silly gunzTarPerm extractEntry stable/array/find-last.js
27251 silly gunzTarPerm modified mode [ 'stable/array/find-last.js', 420, 438 ]
27252 silly gunzTarPerm extractEntry stable/array/virtual/find-last.js
27253 silly gunzTarPerm modified mode [ 'stable/array/virtual/find-last.js', 420, 438 ]
27254 silly gunzTarPerm extractEntry stable/instance/find-last.js
27255 silly gunzTarPerm modified mode [ 'stable/instance/find-last.js', 420, 438 ]
27256 silly gunzTarPerm extractEntry stable/typed-array/find-last.js
27257 silly gunzTarPerm modified mode [ 'stable/typed-array/find-last.js', 420, 438 ]
27258 silly gunzTarPerm extractEntry actual/array/find.js
27259 silly gunzTarPerm modified mode [ 'actual/array/find.js', 420, 438 ]
27260 silly gunzTarPerm extractEntry actual/array/virtual/find.js
27261 silly gunzTarPerm modified mode [ 'actual/array/virtual/find.js', 420, 438 ]
27262 silly gunzTarPerm extractEntry actual/async-iterator/find.js
27263 silly gunzTarPerm modified mode [ 'actual/async-iterator/find.js', 420, 438 ]
27264 silly gunzTarPerm extractEntry actual/instance/find.js
27265 silly gunzTarPerm modified mode [ 'actual/instance/find.js', 420, 438 ]
27266 silly gunzTarPerm extractEntry actual/iterator/find.js
27267 silly gunzTarPerm modified mode [ 'actual/iterator/find.js', 420, 438 ]
27268 silly gunzTarPerm extractEntry actual/typed-array/find.js
27269 silly gunzTarPerm modified mode [ 'actual/typed-array/find.js', 420, 438 ]
27270 silly gunzTarPerm extractEntry es/array/find.js
27271 silly gunzTarPerm modified mode [ 'es/array/find.js', 420, 438 ]
27272 silly gunzTarPerm extractEntry es/array/virtual/find.js
27273 silly gunzTarPerm modified mode [ 'es/array/virtual/find.js', 420, 438 ]
27274 silly gunzTarPerm extractEntry es/instance/find.js
27275 silly gunzTarPerm modified mode [ 'es/instance/find.js', 420, 438 ]
27276 silly gunzTarPerm extractEntry es/iterator/find.js
27277 silly gunzTarPerm modified mode [ 'es/iterator/find.js', 420, 438 ]
27278 silly gunzTarPerm extractEntry es/typed-array/find.js
27279 silly gunzTarPerm modified mode [ 'es/typed-array/find.js', 420, 438 ]
27280 silly gunzTarPerm extractEntry features/array/find.js
27281 silly gunzTarPerm modified mode [ 'features/array/find.js', 420, 438 ]
27282 silly gunzTarPerm extractEntry features/array/virtual/find.js
27283 silly gunzTarPerm modified mode [ 'features/array/virtual/find.js', 420, 438 ]
27284 silly gunzTarPerm extractEntry features/async-iterator/find.js
27285 silly gunzTarPerm modified mode [ 'features/async-iterator/find.js', 420, 438 ]
27286 silly gunzTarPerm extractEntry features/instance/find.js
27287 silly gunzTarPerm modified mode [ 'features/instance/find.js', 420, 438 ]
27288 silly gunzTarPerm extractEntry features/iterator/find.js
27289 silly gunzTarPerm modified mode [ 'features/iterator/find.js', 420, 438 ]
27290 silly gunzTarPerm extractEntry features/map/find.js
27291 silly gunzTarPerm modified mode [ 'features/map/find.js', 420, 438 ]
27292 silly gunzTarPerm extractEntry features/set/find.js
27293 silly gunzTarPerm modified mode [ 'features/set/find.js', 420, 438 ]
27294 silly gunzTarPerm extractEntry features/typed-array/find.js
27295 silly gunzTarPerm modified mode [ 'features/typed-array/find.js', 420, 438 ]
27296 silly gunzTarPerm extractEntry full/array/find.js
27297 silly gunzTarPerm modified mode [ 'full/array/find.js', 420, 438 ]
27298 silly gunzTarPerm extractEntry full/array/virtual/find.js
27299 silly gunzTarPerm modified mode [ 'full/array/virtual/find.js', 420, 438 ]
27300 silly gunzTarPerm extractEntry full/async-iterator/find.js
27301 silly gunzTarPerm modified mode [ 'full/async-iterator/find.js', 420, 438 ]
27302 silly gunzTarPerm extractEntry full/instance/find.js
27303 silly gunzTarPerm modified mode [ 'full/instance/find.js', 420, 438 ]
27304 silly gunzTarPerm extractEntry full/iterator/find.js
27305 silly gunzTarPerm modified mode [ 'full/iterator/find.js', 420, 438 ]
27306 silly gunzTarPerm extractEntry full/map/find.js
27307 silly gunzTarPerm modified mode [ 'full/map/find.js', 420, 438 ]
27308 silly gunzTarPerm extractEntry full/set/find.js
27309 silly gunzTarPerm modified mode [ 'full/set/find.js', 420, 438 ]
27310 silly gunzTarPerm extractEntry full/typed-array/find.js
27311 silly gunzTarPerm modified mode [ 'full/typed-array/find.js', 420, 438 ]
27312 silly gunzTarPerm extractEntry stable/array/find.js
27313 silly gunzTarPerm modified mode [ 'stable/array/find.js', 420, 438 ]
27314 silly gunzTarPerm extractEntry stable/array/virtual/find.js
27315 silly gunzTarPerm modified mode [ 'stable/array/virtual/find.js', 420, 438 ]
27316 silly gunzTarPerm extractEntry stable/instance/find.js
27317 silly gunzTarPerm modified mode [ 'stable/instance/find.js', 420, 438 ]
27318 silly gunzTarPerm extractEntry stable/iterator/find.js
27319 silly gunzTarPerm modified mode [ 'stable/iterator/find.js', 420, 438 ]
27320 silly gunzTarPerm extractEntry stable/typed-array/find.js
27321 silly gunzTarPerm modified mode [ 'stable/typed-array/find.js', 420, 438 ]
27322 silly gunzTarPerm extractEntry internals/fix-regexp-well-known-symbol-logic.js
27323 silly gunzTarPerm modified mode [ 'internals/fix-regexp-well-known-symbol-logic.js', 420, 438 ]
27324 silly gunzTarPerm extractEntry actual/string/fixed.js
27325 silly gunzTarPerm modified mode [ 'actual/string/fixed.js', 420, 438 ]
27326 silly gunzTarPerm extractEntry actual/string/virtual/fixed.js
27327 silly gunzTarPerm modified mode [ 'actual/string/virtual/fixed.js', 420, 438 ]
27328 silly gunzTarPerm extractEntry es/string/fixed.js
27329 silly gunzTarPerm modified mode [ 'es/string/fixed.js', 420, 438 ]
27330 silly gunzTarPerm extractEntry es/string/virtual/fixed.js
27331 silly gunzTarPerm modified mode [ 'es/string/virtual/fixed.js', 420, 438 ]
27332 silly gunzTarPerm extractEntry features/string/fixed.js
27333 silly gunzTarPerm modified mode [ 'features/string/fixed.js', 420, 438 ]
27334 silly gunzTarPerm extractEntry features/string/virtual/fixed.js
27335 silly gunzTarPerm modified mode [ 'features/string/virtual/fixed.js', 420, 438 ]
27336 silly gunzTarPerm extractEntry full/string/fixed.js
27337 silly gunzTarPerm modified mode [ 'full/string/fixed.js', 420, 438 ]
27338 silly gunzTarPerm extractEntry full/string/virtual/fixed.js
27339 silly gunzTarPerm modified mode [ 'full/string/virtual/fixed.js', 420, 438 ]
27340 silly gunzTarPerm extractEntry stable/string/fixed.js
27341 silly gunzTarPerm modified mode [ 'stable/string/fixed.js', 420, 438 ]
27342 silly gunzTarPerm extractEntry stable/string/virtual/fixed.js
27343 silly gunzTarPerm modified mode [ 'stable/string/virtual/fixed.js', 420, 438 ]
27344 silly gunzTarPerm extractEntry actual/instance/flags.js
27345 silly gunzTarPerm modified mode [ 'actual/instance/flags.js', 420, 438 ]
27346 silly gunzTarPerm extractEntry actual/regexp/flags.js
27347 silly gunzTarPerm modified mode [ 'actual/regexp/flags.js', 420, 438 ]
27348 silly gunzTarPerm extractEntry es/instance/flags.js
27349 silly gunzTarPerm modified mode [ 'es/instance/flags.js', 420, 438 ]
27350 silly gunzTarPerm extractEntry es/regexp/flags.js
27351 silly gunzTarPerm modified mode [ 'es/regexp/flags.js', 420, 438 ]
27352 silly gunzTarPerm extractEntry features/instance/flags.js
27353 silly gunzTarPerm modified mode [ 'features/instance/flags.js', 420, 438 ]
27354 silly gunzTarPerm extractEntry features/regexp/flags.js
27355 silly gunzTarPerm modified mode [ 'features/regexp/flags.js', 420, 438 ]
27356 silly gunzTarPerm extractEntry full/instance/flags.js
27357 silly gunzTarPerm modified mode [ 'full/instance/flags.js', 420, 438 ]
27358 silly gunzTarPerm extractEntry full/regexp/flags.js
27359 silly gunzTarPerm modified mode [ 'full/regexp/flags.js', 420, 438 ]
27360 silly gunzTarPerm extractEntry stable/instance/flags.js
27361 silly gunzTarPerm modified mode [ 'stable/instance/flags.js', 420, 438 ]
27362 silly gunzTarPerm extractEntry stable/regexp/flags.js
27363 silly gunzTarPerm modified mode [ 'stable/regexp/flags.js', 420, 438 ]
27364 silly gunzTarPerm extractEntry actual/array/flat-map.js
27365 silly gunzTarPerm modified mode [ 'actual/array/flat-map.js', 420, 438 ]
27366 silly gunzTarPerm extractEntry actual/array/virtual/flat-map.js
27367 silly gunzTarPerm modified mode [ 'actual/array/virtual/flat-map.js', 420, 438 ]
27368 silly gunzTarPerm extractEntry actual/async-iterator/flat-map.js
27369 silly gunzTarPerm modified mode [ 'actual/async-iterator/flat-map.js', 420, 438 ]
27370 silly gunzTarPerm extractEntry actual/instance/flat-map.js
27371 silly gunzTarPerm modified mode [ 'actual/instance/flat-map.js', 420, 438 ]
27372 silly gunzTarPerm extractEntry actual/iterator/flat-map.js
27373 silly gunzTarPerm modified mode [ 'actual/iterator/flat-map.js', 420, 438 ]
27374 silly gunzTarPerm extractEntry es/array/flat-map.js
27375 silly gunzTarPerm modified mode [ 'es/array/flat-map.js', 420, 438 ]
27376 silly gunzTarPerm extractEntry es/array/virtual/flat-map.js
27377 silly gunzTarPerm modified mode [ 'es/array/virtual/flat-map.js', 420, 438 ]
27378 silly gunzTarPerm extractEntry es/instance/flat-map.js
27379 silly gunzTarPerm modified mode [ 'es/instance/flat-map.js', 420, 438 ]
27380 silly gunzTarPerm extractEntry es/iterator/flat-map.js
27381 silly gunzTarPerm modified mode [ 'es/iterator/flat-map.js', 420, 438 ]
27382 silly gunzTarPerm extractEntry features/array/flat-map.js
27383 silly gunzTarPerm modified mode [ 'features/array/flat-map.js', 420, 438 ]
27384 silly gunzTarPerm extractEntry features/array/virtual/flat-map.js
27385 silly gunzTarPerm modified mode [ 'features/array/virtual/flat-map.js', 420, 438 ]
27386 silly gunzTarPerm extractEntry features/async-iterator/flat-map.js
27387 silly gunzTarPerm modified mode [ 'features/async-iterator/flat-map.js', 420, 438 ]
27388 silly gunzTarPerm extractEntry features/instance/flat-map.js
27389 silly gunzTarPerm modified mode [ 'features/instance/flat-map.js', 420, 438 ]
27390 silly gunzTarPerm extractEntry features/iterator/flat-map.js
27391 silly gunzTarPerm modified mode [ 'features/iterator/flat-map.js', 420, 438 ]
27392 silly gunzTarPerm extractEntry full/array/flat-map.js
27393 silly gunzTarPerm modified mode [ 'full/array/flat-map.js', 420, 438 ]
27394 silly gunzTarPerm extractEntry full/array/virtual/flat-map.js
27395 silly gunzTarPerm modified mode [ 'full/array/virtual/flat-map.js', 420, 438 ]
27396 silly gunzTarPerm extractEntry full/async-iterator/flat-map.js
27397 silly gunzTarPerm modified mode [ 'full/async-iterator/flat-map.js', 420, 438 ]
27398 silly gunzTarPerm extractEntry full/instance/flat-map.js
27399 silly gunzTarPerm modified mode [ 'full/instance/flat-map.js', 420, 438 ]
27400 silly gunzTarPerm extractEntry full/iterator/flat-map.js
27401 silly gunzTarPerm modified mode [ 'full/iterator/flat-map.js', 420, 438 ]
27402 silly gunzTarPerm extractEntry stable/array/flat-map.js
27403 silly gunzTarPerm modified mode [ 'stable/array/flat-map.js', 420, 438 ]
27404 silly gunzTarPerm extractEntry stable/array/virtual/flat-map.js
27405 silly gunzTarPerm modified mode [ 'stable/array/virtual/flat-map.js', 420, 438 ]
27406 silly gunzTarPerm extractEntry stable/instance/flat-map.js
27407 silly gunzTarPerm modified mode [ 'stable/instance/flat-map.js', 420, 438 ]
27408 silly gunzTarPerm extractEntry stable/iterator/flat-map.js
27409 silly gunzTarPerm modified mode [ 'stable/iterator/flat-map.js', 420, 438 ]
27410 silly gunzTarPerm extractEntry actual/array/flat.js
27411 silly gunzTarPerm modified mode [ 'actual/array/flat.js', 420, 438 ]
27412 silly gunzTarPerm extractEntry actual/array/virtual/flat.js
27413 silly gunzTarPerm modified mode [ 'actual/array/virtual/flat.js', 420, 438 ]
27414 silly gunzTarPerm extractEntry actual/instance/flat.js
27415 silly gunzTarPerm modified mode [ 'actual/instance/flat.js', 420, 438 ]
27416 silly gunzTarPerm extractEntry es/array/flat.js
27417 silly gunzTarPerm modified mode [ 'es/array/flat.js', 420, 438 ]
27418 silly gunzTarPerm extractEntry es/array/virtual/flat.js
27419 silly gunzTarPerm modified mode [ 'es/array/virtual/flat.js', 420, 438 ]
27420 silly gunzTarPerm extractEntry es/instance/flat.js
27421 silly gunzTarPerm modified mode [ 'es/instance/flat.js', 420, 438 ]
27422 silly gunzTarPerm extractEntry features/array/flat.js
27423 silly gunzTarPerm modified mode [ 'features/array/flat.js', 420, 438 ]
27424 silly gunzTarPerm extractEntry features/array/virtual/flat.js
27425 silly gunzTarPerm modified mode [ 'features/array/virtual/flat.js', 420, 438 ]
27426 silly gunzTarPerm extractEntry features/instance/flat.js
27427 silly gunzTarPerm modified mode [ 'features/instance/flat.js', 420, 438 ]
27428 silly gunzTarPerm extractEntry full/array/flat.js
27429 silly gunzTarPerm modified mode [ 'full/array/flat.js', 420, 438 ]
27430 silly gunzTarPerm extractEntry full/array/virtual/flat.js
27431 silly gunzTarPerm modified mode [ 'full/array/virtual/flat.js', 420, 438 ]
27432 silly gunzTarPerm extractEntry full/instance/flat.js
27433 silly gunzTarPerm modified mode [ 'full/instance/flat.js', 420, 438 ]
27434 silly gunzTarPerm extractEntry stable/array/flat.js
27435 silly gunzTarPerm modified mode [ 'stable/array/flat.js', 420, 438 ]
27436 silly gunzTarPerm extractEntry stable/array/virtual/flat.js
27437 silly gunzTarPerm modified mode [ 'stable/array/virtual/flat.js', 420, 438 ]
27438 silly gunzTarPerm extractEntry stable/instance/flat.js
27439 silly gunzTarPerm modified mode [ 'stable/instance/flat.js', 420, 438 ]
27440 silly gunzTarPerm extractEntry internals/flatten-into-array.js
27441 silly gunzTarPerm modified mode [ 'internals/flatten-into-array.js', 420, 438 ]
27442 silly gunzTarPerm extractEntry proposals/float16.js
27443 silly gunzTarPerm modified mode [ 'proposals/float16.js', 420, 438 ]
27444 silly gunzTarPerm extractEntry actual/typed-array/float32-array.js
27445 silly gunzTarPerm modified mode [ 'actual/typed-array/float32-array.js', 420, 438 ]
27446 silly gunzTarPerm extractEntry es/typed-array/float32-array.js
27447 silly gunzTarPerm modified mode [ 'es/typed-array/float32-array.js', 420, 438 ]
27448 silly gunzTarPerm extractEntry features/typed-array/float32-array.js
27449 silly gunzTarPerm modified mode [ 'features/typed-array/float32-array.js', 420, 438 ]
27450 silly gunzTarPerm extractEntry full/typed-array/float32-array.js
27451 silly gunzTarPerm modified mode [ 'full/typed-array/float32-array.js', 420, 438 ]
27452 silly gunzTarPerm extractEntry stable/typed-array/float32-array.js
27453 silly gunzTarPerm modified mode [ 'stable/typed-array/float32-array.js', 420, 438 ]
27454 silly gunzTarPerm extractEntry actual/typed-array/float64-array.js
27455 silly gunzTarPerm modified mode [ 'actual/typed-array/float64-array.js', 420, 438 ]
27456 silly gunzTarPerm extractEntry es/typed-array/float64-array.js
27457 silly gunzTarPerm modified mode [ 'es/typed-array/float64-array.js', 420, 438 ]
27458 silly gunzTarPerm extractEntry features/typed-array/float64-array.js
27459 silly gunzTarPerm modified mode [ 'features/typed-array/float64-array.js', 420, 438 ]
27460 silly gunzTarPerm extractEntry full/typed-array/float64-array.js
27461 silly gunzTarPerm modified mode [ 'full/typed-array/float64-array.js', 420, 438 ]
27462 silly gunzTarPerm extractEntry stable/typed-array/float64-array.js
27463 silly gunzTarPerm modified mode [ 'stable/typed-array/float64-array.js', 420, 438 ]
27464 silly gunzTarPerm extractEntry actual/string/fontcolor.js
27465 silly gunzTarPerm modified mode [ 'actual/string/fontcolor.js', 420, 438 ]
27466 silly gunzTarPerm extractEntry actual/string/virtual/fontcolor.js
27467 silly gunzTarPerm modified mode [ 'actual/string/virtual/fontcolor.js', 420, 438 ]
27468 silly gunzTarPerm extractEntry es/string/fontcolor.js
27469 silly gunzTarPerm modified mode [ 'es/string/fontcolor.js', 420, 438 ]
27470 silly gunzTarPerm extractEntry es/string/virtual/fontcolor.js
27471 silly gunzTarPerm modified mode [ 'es/string/virtual/fontcolor.js', 420, 438 ]
27472 silly gunzTarPerm extractEntry features/string/fontcolor.js
27473 silly gunzTarPerm modified mode [ 'features/string/fontcolor.js', 420, 438 ]
27474 silly gunzTarPerm extractEntry features/string/virtual/fontcolor.js
27475 silly gunzTarPerm modified mode [ 'features/string/virtual/fontcolor.js', 420, 438 ]
27476 silly gunzTarPerm extractEntry full/string/fontcolor.js
27477 silly gunzTarPerm modified mode [ 'full/string/fontcolor.js', 420, 438 ]
27478 silly gunzTarPerm extractEntry full/string/virtual/fontcolor.js
27479 silly gunzTarPerm modified mode [ 'full/string/virtual/fontcolor.js', 420, 438 ]
27480 silly gunzTarPerm extractEntry stable/string/fontcolor.js
27481 silly gunzTarPerm modified mode [ 'stable/string/fontcolor.js', 420, 438 ]
27482 silly gunzTarPerm extractEntry stable/string/virtual/fontcolor.js
27483 silly gunzTarPerm modified mode [ 'stable/string/virtual/fontcolor.js', 420, 438 ]
27484 silly gunzTarPerm extractEntry actual/string/fontsize.js
27485 silly gunzTarPerm modified mode [ 'actual/string/fontsize.js', 420, 438 ]
27486 silly gunzTarPerm extractEntry actual/string/virtual/fontsize.js
27487 silly gunzTarPerm modified mode [ 'actual/string/virtual/fontsize.js', 420, 438 ]
27488 silly gunzTarPerm extractEntry es/string/fontsize.js
27489 silly gunzTarPerm modified mode [ 'es/string/fontsize.js', 420, 438 ]
27490 silly gunzTarPerm extractEntry es/string/virtual/fontsize.js
27491 silly gunzTarPerm modified mode [ 'es/string/virtual/fontsize.js', 420, 438 ]
27492 silly gunzTarPerm extractEntry features/string/fontsize.js
27493 silly gunzTarPerm modified mode [ 'features/string/fontsize.js', 420, 438 ]
27494 silly gunzTarPerm extractEntry features/string/virtual/fontsize.js
27495 silly gunzTarPerm modified mode [ 'features/string/virtual/fontsize.js', 420, 438 ]
27496 silly gunzTarPerm extractEntry full/string/fontsize.js
27497 silly gunzTarPerm modified mode [ 'full/string/fontsize.js', 420, 438 ]
27498 silly gunzTarPerm extractEntry full/string/virtual/fontsize.js
27499 silly gunzTarPerm modified mode [ 'full/string/virtual/fontsize.js', 420, 438 ]
27500 silly gunzTarPerm extractEntry stable/string/fontsize.js
27501 silly gunzTarPerm modified mode [ 'stable/string/fontsize.js', 420, 438 ]
27502 silly gunzTarPerm extractEntry stable/string/virtual/fontsize.js
27503 silly gunzTarPerm modified mode [ 'stable/string/virtual/fontsize.js', 420, 438 ]
27504 silly gunzTarPerm extractEntry actual/array/for-each.js
27505 silly gunzTarPerm modified mode [ 'actual/array/for-each.js', 420, 438 ]
27506 silly gunzTarPerm extractEntry actual/array/virtual/for-each.js
27507 silly gunzTarPerm modified mode [ 'actual/array/virtual/for-each.js', 420, 438 ]
27508 silly gunzTarPerm extractEntry actual/async-iterator/for-each.js
27509 silly gunzTarPerm modified mode [ 'actual/async-iterator/for-each.js', 420, 438 ]
27510 silly gunzTarPerm extractEntry actual/dom-collections/for-each.js
27511 silly gunzTarPerm modified mode [ 'actual/dom-collections/for-each.js', 420, 438 ]
27512 silly gunzTarPerm extractEntry actual/instance/for-each.js
27513 silly gunzTarPerm modified mode [ 'actual/instance/for-each.js', 420, 438 ]
27514 silly gunzTarPerm extractEntry actual/iterator/for-each.js
27515 silly gunzTarPerm modified mode [ 'actual/iterator/for-each.js', 420, 438 ]
27516 silly gunzTarPerm extractEntry actual/typed-array/for-each.js
27517 silly gunzTarPerm modified mode [ 'actual/typed-array/for-each.js', 420, 438 ]
27518 silly gunzTarPerm extractEntry es/array/for-each.js
27519 silly gunzTarPerm modified mode [ 'es/array/for-each.js', 420, 438 ]
27520 silly gunzTarPerm extractEntry es/array/virtual/for-each.js
27521 silly gunzTarPerm modified mode [ 'es/array/virtual/for-each.js', 420, 438 ]
27522 silly gunzTarPerm extractEntry es/instance/for-each.js
27523 silly gunzTarPerm modified mode [ 'es/instance/for-each.js', 420, 438 ]
27524 silly gunzTarPerm extractEntry es/iterator/for-each.js
27525 silly gunzTarPerm modified mode [ 'es/iterator/for-each.js', 420, 438 ]
27526 silly gunzTarPerm extractEntry es/typed-array/for-each.js
27527 silly gunzTarPerm modified mode [ 'es/typed-array/for-each.js', 420, 438 ]
27528 silly gunzTarPerm extractEntry features/array/for-each.js
27529 silly gunzTarPerm modified mode [ 'features/array/for-each.js', 420, 438 ]
27530 silly gunzTarPerm extractEntry features/array/virtual/for-each.js
27531 silly gunzTarPerm modified mode [ 'features/array/virtual/for-each.js', 420, 438 ]
27532 silly gunzTarPerm extractEntry features/async-iterator/for-each.js
27533 silly gunzTarPerm modified mode [ 'features/async-iterator/for-each.js', 420, 438 ]
27534 silly gunzTarPerm extractEntry features/dom-collections/for-each.js
27535 silly gunzTarPerm modified mode [ 'features/dom-collections/for-each.js', 420, 438 ]
27536 silly gunzTarPerm extractEntry features/instance/for-each.js
27537 silly gunzTarPerm modified mode [ 'features/instance/for-each.js', 420, 438 ]
27538 silly gunzTarPerm extractEntry features/iterator/for-each.js
27539 silly gunzTarPerm modified mode [ 'features/iterator/for-each.js', 420, 438 ]
27540 silly gunzTarPerm extractEntry features/typed-array/for-each.js
27541 silly gunzTarPerm modified mode [ 'features/typed-array/for-each.js', 420, 438 ]
27542 silly gunzTarPerm extractEntry full/array/for-each.js
27543 silly gunzTarPerm modified mode [ 'full/array/for-each.js', 420, 438 ]
27544 silly gunzTarPerm extractEntry full/array/virtual/for-each.js
27545 silly gunzTarPerm modified mode [ 'full/array/virtual/for-each.js', 420, 438 ]
27546 silly gunzTarPerm extractEntry full/async-iterator/for-each.js
27547 silly gunzTarPerm modified mode [ 'full/async-iterator/for-each.js', 420, 438 ]
27548 silly gunzTarPerm extractEntry full/dom-collections/for-each.js
27549 silly gunzTarPerm modified mode [ 'full/dom-collections/for-each.js', 420, 438 ]
27550 silly gunzTarPerm extractEntry full/instance/for-each.js
27551 silly gunzTarPerm modified mode [ 'full/instance/for-each.js', 420, 438 ]
27552 silly gunzTarPerm extractEntry full/iterator/for-each.js
27553 silly gunzTarPerm modified mode [ 'full/iterator/for-each.js', 420, 438 ]
27554 silly gunzTarPerm extractEntry full/typed-array/for-each.js
27555 silly gunzTarPerm modified mode [ 'full/typed-array/for-each.js', 420, 438 ]
27556 http 304 https://registry.npmjs.org/performance-now
27557 silly get cb [ 304,
27557 silly get   { date: 'Tue, 21 Apr 2026 16:27:35 GMT',
27557 silly get     connection: 'keep-alive',
27557 silly get     'set-cookie': [ '_cfuvid=iv0x.jwovG5.VqAwR3RDSurTVcWYPfpWeYujs31KN1o-1776788855.669941-1.0.1.1-XeJQORsnOopHvsifZJdi4IkNL4NwjNLSNoU0xUvjjpM; HttpOnly; SameSite=None; Secure; Path=/; Domain=npmjs.org' ],
27557 silly get     'cf-ray': '9efdc1cbec492cdd-SAP',
27557 silly get     'cf-cache-status': 'HIT',
27557 silly get     'access-control-allow-origin': '*',
27557 silly get     'cache-control': 'public, max-age=300',
27557 silly get     etag: '"8d85afed33aabcc08423629bb7f02b15"',
27557 silly get     'last-modified': 'Thu, 23 Jun 2022 18:23:29 GMT',
27557 silly get     server: 'cloudflare',
27557 silly get     vary: 'Accept-Encoding' } ]
27558 verbose etag https://registry.npmjs.org/performance-now from cache
27559 verbose get saving performance-now to C:\Users\Carlos García\AppData\Roaming\npm-cache\registry.npmjs.org\performance-now\.cache.json
27560 silly gunzTarPerm extractEntry stable/array/for-each.js
27561 silly gunzTarPerm modified mode [ 'stable/array/for-each.js', 420, 438 ]
27562 silly gunzTarPerm extractEntry stable/array/virtual/for-each.js
27563 silly gunzTarPerm modified mode [ 'stable/array/virtual/for-each.js', 420, 438 ]
27564 silly gunzTarPerm extractEntry stable/dom-collections/for-each.js
27565 silly gunzTarPerm modified mode [ 'stable/dom-collections/for-each.js', 420, 438 ]
27566 silly gunzTarPerm extractEntry stable/instance/for-each.js
27567 silly gunzTarPerm modified mode [ 'stable/instance/for-each.js', 420, 438 ]
27568 silly gunzTarPerm extractEntry stable/iterator/for-each.js
27569 silly gunzTarPerm modified mode [ 'stable/iterator/for-each.js', 420, 438 ]
27570 silly gunzTarPerm extractEntry stable/typed-array/for-each.js
27571 silly gunzTarPerm modified mode [ 'stable/typed-array/for-each.js', 420, 438 ]
27572 silly gunzTarPerm extractEntry actual/symbol/for.js
27573 silly gunzTarPerm modified mode [ 'actual/symbol/for.js', 420, 438 ]
27574 silly gunzTarPerm extractEntry es/symbol/for.js
27575 silly gunzTarPerm modified mode [ 'es/symbol/for.js', 420, 438 ]
27576 silly gunzTarPerm extractEntry features/symbol/for.js
27577 silly gunzTarPerm modified mode [ 'features/symbol/for.js', 420, 438 ]
27578 silly gunzTarPerm extractEntry full/symbol/for.js
27579 silly gunzTarPerm modified mode [ 'full/symbol/for.js', 420, 438 ]
27580 silly gunzTarPerm extractEntry stable/symbol/for.js
27581 silly gunzTarPerm modified mode [ 'stable/symbol/for.js', 420, 438 ]
27582 silly gunzTarPerm extractEntry actual/object/freeze.js
27583 silly gunzTarPerm modified mode [ 'actual/object/freeze.js', 420, 438 ]
27584 silly gunzTarPerm extractEntry es/object/freeze.js
27585 silly gunzTarPerm modified mode [ 'es/object/freeze.js', 420, 438 ]
27586 silly gunzTarPerm extractEntry features/object/freeze.js
27587 silly gunzTarPerm modified mode [ 'features/object/freeze.js', 420, 438 ]
27588 silly gunzTarPerm extractEntry full/object/freeze.js
27589 silly gunzTarPerm modified mode [ 'full/object/freeze.js', 420, 438 ]
27590 silly gunzTarPerm extractEntry stable/object/freeze.js
27591 silly gunzTarPerm modified mode [ 'stable/object/freeze.js', 420, 438 ]
27592 silly addNameRange number 2 { name: 'performance-now',
27592 silly addNameRange   range: '>=2.1.0 <3.0.0',
27592 silly addNameRange   hasData: true }
27593 silly addNameRange versions [ 'performance-now',
27593 silly addNameRange   [ '0.1.0',
27593 silly addNameRange     '0.1.1',
27593 silly addNameRange     '0.1.2',
27593 silly addNameRange     '0.1.3',
27593 silly addNameRange     '0.1.4',
27593 silly addNameRange     '0.2.0',
27593 silly addNameRange     '1.0.0',
27593 silly addNameRange     '1.0.1',
27593 silly addNameRange     '1.0.2',
27593 silly addNameRange     '2.0.0',
27593 silly addNameRange     '2.1.0' ] ]
27594 verbose addNamed performance-now@2.1.0
27595 silly addNamed semver.valid 2.1.0
27596 silly addNamed semver.validRange 2.1.0
27597 silly gunzTarPerm extractEntry internals/freezing.js
27598 silly gunzTarPerm modified mode [ 'internals/freezing.js', 420, 438 ]
27599 silly gunzTarPerm extractEntry actual/array/from-async.js
27600 silly gunzTarPerm modified mode [ 'actual/array/from-async.js', 420, 438 ]
27601 silly cache afterAdd performance-now@2.1.0
27602 verbose afterAdd C:\Users\Carlos García\AppData\Roaming\npm-cache\performance-now\2.1.0\package\package.json not in flight; writing
27603 verbose afterAdd C:\Users\Carlos García\AppData\Roaming\npm-cache\performance-now\2.1.0\package\package.json written
27604 silly install resolved [ { name: 'performance-now',
27604 silly install resolved     description: 'Implements performance.now (based on process.hrtime).',
27604 silly install resolved     keywords: [],
27604 silly install resolved     version: '2.1.0',
27604 silly install resolved     author: { name: 'Braveg1rl', email: 'braveg1rl@outlook.com' },
27604 silly install resolved     license: 'MIT',
27604 silly install resolved     homepage: 'https://github.com/braveg1rl/performance-now',
27604 silly install resolved     bugs: { url: 'https://github.com/braveg1rl/performance-now/issues' },
27604 silly install resolved     repository:
27604 silly install resolved      { type: 'git',
27604 silly install resolved        url: 'git://github.com/braveg1rl/performance-now.git' },
27604 silly install resolved     private: false,
27604 silly install resolved     dependencies: {},
27604 silly install resolved     devDependencies:
27604 silly install resolved      { bluebird: '^3.4.7',
27604 silly install resolved        'call-delayed': '^1.0.0',
27604 silly install resolved        chai: '^3.5.0',
27604 silly install resolved        'chai-increasing': '^1.2.0',
27604 silly install resolved        'coffee-script': '~1.12.2',
27604 silly install resolved        mocha: '~3.2.0',
27604 silly install resolved        'pre-commit': '^1.2.2' },
27604 silly install resolved     optionalDependencies: {},
27604 silly install resolved     main: 'lib/performance-now.js',
27604 silly install resolved     scripts:
27604 silly install resolved      { build: 'mkdir -p lib && rm -rf lib/* && node_modules/.bin/coffee --compile -m --output lib/ src/',
27604 silly install resolved        prepublish: 'npm test',
27604 silly install resolved        pretest: 'npm run build',
27604 silly install resolved        test: 'mocha',
27604 silly install resolved        watch: 'coffee --watch --compile --output lib/ src/' },
27604 silly install resolved     typings: 'src/index.d.ts',
27604 silly install resolved     gitHead: '107bb703494cc5a8071cdf45a87e53f248a5e0f3',
27604 silly install resolved     _id: 'performance-now@2.1.0',
27604 silly install resolved     _shasum: '6309f4e0e5fa913ec1c69307ae364b4b377c9e7b',
27604 silly install resolved     _from: 'performance-now@>=2.1.0 <3.0.0',
27604 silly install resolved     _npmVersion: '4.2.0',
27604 silly install resolved     _nodeVersion: '7.3.0',
27604 silly install resolved     _npmUser: { name: 'meryn', email: 'braveg1rl@outlook.com' },
27604 silly install resolved     dist:
27604 silly install resolved      { shasum: '6309f4e0e5fa913ec1c69307ae364b4b377c9e7b',
27604 silly install resolved        tarball: 'https://registry.npmjs.org/performance-now/-/performance-now-2.1.0.tgz',
27604 silly install resolved        integrity: 'sha512-7EAHlyLHI56VEIdK57uwHdHKIaAGbnXPiw0yWbarQZOKaKpvUIgW0jWRVLiatnM+XXlSwsanIBH/hzGMJulMow==',
27604 silly install resolved        signatures: [Object] },
27604 silly install resolved     maintainers: [ [Object] ],
27604 silly install resolved     _npmOperationalInternal:
27604 silly install resolved      { host: 'packages-18-east.internal.npmjs.com',
27604 silly install resolved        tmp: 'tmp/performance-now-2.1.0.tgz_1487514529361_0.3097308638971299' },
27604 silly install resolved     directories: {},
27604 silly install resolved     _resolved: 'https://registry.npmjs.org/performance-now/-/performance-now-2.1.0.tgz',
27604 silly install resolved     readme: 'ERROR: No README data found!' } ]
27605 info install performance-now@2.1.0 into C:\chef-master-pro\node_modules\jspdf\node_modules\canvg\node_modules\raf
27606 info installOne performance-now@2.1.0
27607 verbose installOne of performance-now to C:\chef-master-pro\node_modules\jspdf\node_modules\canvg\node_modules\raf not in flight; installing
27608 silly gunzTarPerm extractEntry es/array/from-async.js
27609 silly gunzTarPerm modified mode [ 'es/array/from-async.js', 420, 438 ]
27610 silly gunzTarPerm extractEntry features/array/from-async.js
27611 silly gunzTarPerm modified mode [ 'features/array/from-async.js', 420, 438 ]
27612 verbose lock using C:\Users\Carlos García\AppData\Roaming\npm-cache\_locks\performance-now-57c74ae3170934fd.lock for C:\chef-master-pro\node_modules\jspdf\node_modules\canvg\node_modules\raf\node_modules\performance-now
27613 silly install write writing performance-now 2.1.0 to C:\chef-master-pro\node_modules\jspdf\node_modules\canvg\node_modules\raf\node_modules\performance-now
27614 silly cache addNamed cb performance-now@2.1.0
27615 verbose unbuild node_modules\jspdf\node_modules\canvg\node_modules\raf\node_modules\performance-now
27616 silly gentlyRm C:\chef-master-pro\node_modules\jspdf\node_modules\canvg\node_modules\raf\node_modules\performance-now is being purged from base C:\chef-master-pro
27617 verbose gentlyRm don't care about contents; nuking C:\chef-master-pro\node_modules\jspdf\node_modules\canvg\node_modules\raf\node_modules\performance-now
27618 silly gunzTarPerm extractEntry features/typed-array/from-async.js
27619 silly gunzTarPerm modified mode [ 'features/typed-array/from-async.js', 420, 438 ]
27620 silly gunzTarPerm extractEntry full/array/from-async.js
27621 silly gunzTarPerm modified mode [ 'full/array/from-async.js', 420, 438 ]
27622 verbose tar unpack C:\Users\Carlos García\AppData\Roaming\npm-cache\performance-now\2.1.0\package.tgz
27623 verbose tar unpacking to C:\chef-master-pro\node_modules\jspdf\node_modules\canvg\node_modules\raf\node_modules\performance-now
27624 silly gentlyRm C:\chef-master-pro\node_modules\jspdf\node_modules\canvg\node_modules\raf\node_modules\performance-now is being purged
27625 verbose gentlyRm don't care about contents; nuking C:\chef-master-pro\node_modules\jspdf\node_modules\canvg\node_modules\raf\node_modules\performance-now
27626 silly gunzTarPerm modes [ '777', '666' ]
27627 silly gunzTarPerm extractEntry package.json
27628 silly gunzTarPerm modified mode [ 'package.json', 420, 438 ]
27629 silly gunzTarPerm extractEntry full/typed-array/from-async.js
27630 silly gunzTarPerm modified mode [ 'full/typed-array/from-async.js', 420, 438 ]
27631 silly gunzTarPerm extractEntry stable/array/from-async.js
27632 silly gunzTarPerm modified mode [ 'stable/array/from-async.js', 420, 438 ]
27633 silly gunzTarPerm extractEntry .npmignore
27634 silly gunzTarPerm modified mode [ '.npmignore', 420, 438 ]
27635 silly gunzTarPerm extractEntry README.md
27636 silly gunzTarPerm modified mode [ 'README.md', 420, 438 ]
27637 silly gunzTarPerm extractEntry actual/typed-array/from-base64.js
27638 silly gunzTarPerm modified mode [ 'actual/typed-array/from-base64.js', 420, 438 ]
27639 silly gunzTarPerm extractEntry es/typed-array/from-base64.js
27640 silly gunzTarPerm modified mode [ 'es/typed-array/from-base64.js', 420, 438 ]
27641 silly gunzTarPerm extractEntry lib/performance-now.js
27642 silly gunzTarPerm modified mode [ 'lib/performance-now.js', 420, 438 ]
27643 silly gunzTarPerm extractEntry lib/performance-now.js.map
27644 silly gunzTarPerm modified mode [ 'lib/performance-now.js.map', 420, 438 ]
27645 silly gunzTarPerm extractEntry features/typed-array/from-base64.js
27646 silly gunzTarPerm modified mode [ 'features/typed-array/from-base64.js', 420, 438 ]
27647 silly gunzTarPerm extractEntry full/typed-array/from-base64.js
27648 silly gunzTarPerm modified mode [ 'full/typed-array/from-base64.js', 420, 438 ]
27649 silly gunzTarPerm extractEntry .tm_properties
27650 silly gunzTarPerm modified mode [ '.tm_properties', 420, 438 ]
27651 silly gunzTarPerm extractEntry license.txt
27652 silly gunzTarPerm modified mode [ 'license.txt', 420, 438 ]
27653 silly gunzTarPerm extractEntry stable/typed-array/from-base64.js
27654 silly gunzTarPerm modified mode [ 'stable/typed-array/from-base64.js', 420, 438 ]
27655 silly gunzTarPerm extractEntry actual/string/from-code-point.js
27656 silly gunzTarPerm modified mode [ 'actual/string/from-code-point.js', 420, 438 ]
27657 silly gunzTarPerm extractEntry es/string/from-code-point.js
27658 silly gunzTarPerm modified mode [ 'es/string/from-code-point.js', 420, 438 ]
27659 silly gunzTarPerm extractEntry features/string/from-code-point.js
27660 silly gunzTarPerm modified mode [ 'features/string/from-code-point.js', 420, 438 ]
27661 silly gunzTarPerm extractEntry src/index.d.ts
27662 silly gunzTarPerm modified mode [ 'src/index.d.ts', 420, 438 ]
27663 silly gunzTarPerm extractEntry src/performance-now.coffee
27664 silly gunzTarPerm modified mode [ 'src/performance-now.coffee', 420, 438 ]
27665 silly gunzTarPerm extractEntry full/string/from-code-point.js
27666 silly gunzTarPerm modified mode [ 'full/string/from-code-point.js', 420, 438 ]
27667 silly gunzTarPerm extractEntry stable/string/from-code-point.js
27668 silly gunzTarPerm modified mode [ 'stable/string/from-code-point.js', 420, 438 ]
27669 silly gunzTarPerm extractEntry .travis.yml
27670 silly gunzTarPerm modified mode [ '.travis.yml', 420, 438 ]
27671 silly gunzTarPerm extractEntry test/mocha.opts
27672 silly gunzTarPerm modified mode [ 'test/mocha.opts', 420, 438 ]
27673 silly gunzTarPerm extractEntry actual/object/from-entries.js
27674 silly gunzTarPerm modified mode [ 'actual/object/from-entries.js', 420, 438 ]
27675 silly gunzTarPerm extractEntry es/object/from-entries.js
27676 silly gunzTarPerm modified mode [ 'es/object/from-entries.js', 420, 438 ]
27677 silly gunzTarPerm extractEntry test/performance-now.coffee
27678 silly gunzTarPerm modified mode [ 'test/performance-now.coffee', 420, 438 ]
27679 silly gunzTarPerm extractEntry features/object/from-entries.js
27680 silly gunzTarPerm modified mode [ 'features/object/from-entries.js', 420, 438 ]
27681 silly gunzTarPerm extractEntry full/object/from-entries.js
27682 silly gunzTarPerm modified mode [ 'full/object/from-entries.js', 420, 438 ]
27683 silly gunzTarPerm extractEntry test/scripts/delayed-call.coffee
27684 silly gunzTarPerm modified mode [ 'test/scripts/delayed-call.coffee', 493, 511 ]
27685 silly gunzTarPerm extractEntry test/scripts/delayed-require.coffee
27686 silly gunzTarPerm modified mode [ 'test/scripts/delayed-require.coffee', 493, 511 ]
27687 silly gunzTarPerm extractEntry stable/object/from-entries.js
27688 silly gunzTarPerm modified mode [ 'stable/object/from-entries.js', 420, 438 ]
27689 silly gunzTarPerm extractEntry actual/typed-array/from-hex.js
27690 silly gunzTarPerm modified mode [ 'actual/typed-array/from-hex.js', 420, 438 ]
27691 silly gunzTarPerm extractEntry test/scripts/difference.coffee
27692 silly gunzTarPerm modified mode [ 'test/scripts/difference.coffee', 493, 511 ]
27693 silly gunzTarPerm extractEntry test/scripts/initial-value.coffee
27694 silly gunzTarPerm modified mode [ 'test/scripts/initial-value.coffee', 493, 511 ]
27695 silly gunzTarPerm extractEntry es/typed-array/from-hex.js
27696 silly gunzTarPerm modified mode [ 'es/typed-array/from-hex.js', 420, 438 ]
27697 silly gunzTarPerm extractEntry features/typed-array/from-hex.js
27698 silly gunzTarPerm modified mode [ 'features/typed-array/from-hex.js', 420, 438 ]
27699 silly gunzTarPerm extractEntry test/scripts.coffee
27700 silly gunzTarPerm modified mode [ 'test/scripts.coffee', 420, 438 ]
27701 silly gunzTarPerm extractEntry full/typed-array/from-hex.js
27702 silly gunzTarPerm modified mode [ 'full/typed-array/from-hex.js', 420, 438 ]
27703 silly gunzTarPerm extractEntry stable/typed-array/from-hex.js
27704 silly gunzTarPerm modified mode [ 'stable/typed-array/from-hex.js', 420, 438 ]
27705 silly gunzTarPerm extractEntry features/number/from-string.js
27706 silly gunzTarPerm modified mode [ 'features/number/from-string.js', 420, 438 ]
27707 silly gunzTarPerm extractEntry full/number/from-string.js
27708 silly gunzTarPerm modified mode [ 'full/number/from-string.js', 420, 438 ]
27709 silly gunzTarPerm extractEntry actual/array/from.js
27710 silly gunzTarPerm modified mode [ 'actual/array/from.js', 420, 438 ]
27711 silly gunzTarPerm extractEntry actual/async-iterator/from.js
27712 silly gunzTarPerm modified mode [ 'actual/async-iterator/from.js', 420, 438 ]
27713 silly gunzTarPerm extractEntry actual/iterator/from.js
27714 silly gunzTarPerm modified mode [ 'actual/iterator/from.js', 420, 438 ]
27715 silly gunzTarPerm extractEntry actual/typed-array/from.js
27716 silly gunzTarPerm modified mode [ 'actual/typed-array/from.js', 420, 438 ]
27717 silly gunzTarPerm extractEntry es/array/from.js
27718 silly gunzTarPerm modified mode [ 'es/array/from.js', 420, 438 ]
27719 silly gunzTarPerm extractEntry es/iterator/from.js
27720 silly gunzTarPerm modified mode [ 'es/iterator/from.js', 420, 438 ]
27721 silly gunzTarPerm extractEntry es/typed-array/from.js
27722 silly gunzTarPerm modified mode [ 'es/typed-array/from.js', 420, 438 ]
27723 silly gunzTarPerm extractEntry features/array/from.js
27724 silly gunzTarPerm modified mode [ 'features/array/from.js', 420, 438 ]
27725 silly gunzTarPerm extractEntry features/async-iterator/from.js
27726 silly gunzTarPerm modified mode [ 'features/async-iterator/from.js', 420, 438 ]
27727 silly gunzTarPerm extractEntry features/iterator/from.js
27728 silly gunzTarPerm modified mode [ 'features/iterator/from.js', 420, 438 ]
27729 silly gunzTarPerm extractEntry features/map/from.js
27730 silly gunzTarPerm modified mode [ 'features/map/from.js', 420, 438 ]
27731 silly gunzTarPerm extractEntry features/set/from.js
27732 silly gunzTarPerm modified mode [ 'features/set/from.js', 420, 438 ]
27733 silly gunzTarPerm extractEntry features/typed-array/from.js
27734 silly gunzTarPerm modified mode [ 'features/typed-array/from.js', 420, 438 ]
27735 silly gunzTarPerm extractEntry features/weak-map/from.js
27736 silly gunzTarPerm modified mode [ 'features/weak-map/from.js', 420, 438 ]
27737 info preinstall performance-now@2.1.0
27738 silly install resolved []
27739 verbose about to build C:\chef-master-pro\node_modules\jspdf\node_modules\canvg\node_modules\raf\node_modules\performance-now
27740 info build C:\chef-master-pro\node_modules\jspdf\node_modules\canvg\node_modules\raf\node_modules\performance-now
27741 verbose linkStuff [ false,
27741 verbose linkStuff   false,
27741 verbose linkStuff   false,
27741 verbose linkStuff   'C:\\chef-master-pro\\node_modules\\jspdf\\node_modules\\canvg\\node_modules\\raf\\node_modules' ]
27742 info linkStuff performance-now@2.1.0
27743 verbose linkBins performance-now@2.1.0
27744 verbose linkMans performance-now@2.1.0
27745 verbose rebuildBundles performance-now@2.1.0
27746 silly gunzTarPerm extractEntry features/weak-set/from.js
27747 silly gunzTarPerm modified mode [ 'features/weak-set/from.js', 420, 438 ]
27748 silly gunzTarPerm extractEntry full/array/from.js
27749 silly gunzTarPerm modified mode [ 'full/array/from.js', 420, 438 ]
27750 info install performance-now@2.1.0
27751 info postinstall performance-now@2.1.0
27752 verbose unlock done using C:\Users\Carlos García\AppData\Roaming\npm-cache\_locks\performance-now-57c74ae3170934fd.lock for C:\chef-master-pro\node_modules\jspdf\node_modules\canvg\node_modules\raf\node_modules\performance-now
27753 verbose about to build C:\chef-master-pro\node_modules\jspdf\node_modules\canvg\node_modules\raf
27754 info build C:\chef-master-pro\node_modules\jspdf\node_modules\canvg\node_modules\raf
27755 verbose linkStuff [ false,
27755 verbose linkStuff   false,
27755 verbose linkStuff   false,
27755 verbose linkStuff   'C:\\chef-master-pro\\node_modules\\jspdf\\node_modules\\canvg\\node_modules' ]
27756 info linkStuff raf@3.4.1
27757 verbose linkBins raf@3.4.1
27758 verbose linkMans raf@3.4.1
27759 verbose rebuildBundles raf@3.4.1
27760 verbose rebuildBundles [ 'performance-now' ]
27761 info install raf@3.4.1
27762 silly gunzTarPerm extractEntry full/async-iterator/from.js
27763 silly gunzTarPerm modified mode [ 'full/async-iterator/from.js', 420, 438 ]
27764 silly gunzTarPerm extractEntry full/iterator/from.js
27765 silly gunzTarPerm modified mode [ 'full/iterator/from.js', 420, 438 ]
27766 info postinstall raf@3.4.1
27767 verbose unlock done using C:\Users\Carlos García\AppData\Roaming\npm-cache\_locks\raf-c5ed6b057fbe4e4c.lock for C:\chef-master-pro\node_modules\jspdf\node_modules\canvg\node_modules\raf
27768 verbose about to build C:\chef-master-pro\node_modules\jspdf\node_modules\canvg
27769 verbose unlock done using C:\Users\Carlos García\AppData\Roaming\npm-cache\_locks\canvg-335ca59829053d42.lock for C:\chef-master-pro\node_modules\jspdf\node_modules\canvg
27770 warn optional dep failed, continuing canvg@3.0.11
27771 verbose optional dep failed, continuing [ 'canvg@3.0.11',
27771 verbose optional dep failed, continuing   { [Error: ENOENT, open 'C:\chef-master-pro\node_modules\jspdf\node_modules\canvg\node_modules\@types\raf\package.json']
27771 verbose optional dep failed, continuing     errno: -4058,
27771 verbose optional dep failed, continuing     code: 'ENOENT',
27771 verbose optional dep failed, continuing     path: 'C:\\chef-master-pro\\node_modules\\jspdf\\node_modules\\canvg\\node_modules\\@types\\raf\\package.json' } ]
27772 silly gunzTarPerm extractEntry full/map/from.js
27773 silly gunzTarPerm modified mode [ 'full/map/from.js', 420, 438 ]
27774 silly gunzTarPerm extractEntry full/set/from.js
27775 silly gunzTarPerm modified mode [ 'full/set/from.js', 420, 438 ]
27776 silly gunzTarPerm extractEntry full/typed-array/from.js
27777 silly gunzTarPerm modified mode [ 'full/typed-array/from.js', 420, 438 ]
27778 silly gunzTarPerm extractEntry full/weak-map/from.js
27779 silly gunzTarPerm modified mode [ 'full/weak-map/from.js', 420, 438 ]
27780 silly gunzTarPerm extractEntry full/weak-set/from.js
27781 silly gunzTarPerm modified mode [ 'full/weak-set/from.js', 420, 438 ]
27782 silly gunzTarPerm extractEntry stable/array/from.js
27783 silly gunzTarPerm modified mode [ 'stable/array/from.js', 420, 438 ]
27784 silly gunzTarPerm extractEntry stable/iterator/from.js
27785 silly gunzTarPerm modified mode [ 'stable/iterator/from.js', 420, 438 ]
27786 silly gunzTarPerm extractEntry stable/typed-array/from.js
27787 silly gunzTarPerm modified mode [ 'stable/typed-array/from.js', 420, 438 ]
27788 silly gunzTarPerm extractEntry actual/math/fround.js
27789 silly gunzTarPerm modified mode [ 'actual/math/fround.js', 420, 438 ]
27790 silly gunzTarPerm extractEntry es/math/fround.js
27791 silly gunzTarPerm modified mode [ 'es/math/fround.js', 420, 438 ]
27792 silly gunzTarPerm extractEntry features/math/fround.js
27793 silly gunzTarPerm modified mode [ 'features/math/fround.js', 420, 438 ]
27794 silly gunzTarPerm extractEntry full/math/fround.js
27795 silly gunzTarPerm modified mode [ 'full/math/fround.js', 420, 438 ]
27796 silly gunzTarPerm extractEntry stable/math/fround.js
27797 silly gunzTarPerm modified mode [ 'stable/math/fround.js', 420, 438 ]
27798 silly gunzTarPerm extractEntry features/math/fscale.js
27799 silly gunzTarPerm modified mode [ 'features/math/fscale.js', 420, 438 ]
27800 silly gunzTarPerm extractEntry full/math/fscale.js
27801 silly gunzTarPerm modified mode [ 'full/math/fscale.js', 420, 438 ]
27802 silly gunzTarPerm extractEntry internals/function-apply.js
27803 silly gunzTarPerm modified mode [ 'internals/function-apply.js', 420, 438 ]
27804 silly gunzTarPerm extractEntry internals/function-bind-context.js
27805 silly gunzTarPerm modified mode [ 'internals/function-bind-context.js', 420, 438 ]
27806 silly gunzTarPerm extractEntry internals/function-bind-native.js
27807 silly gunzTarPerm modified mode [ 'internals/function-bind-native.js', 420, 438 ]
27808 silly gunzTarPerm extractEntry internals/function-bind.js
27809 silly gunzTarPerm modified mode [ 'internals/function-bind.js', 420, 438 ]
27810 silly gunzTarPerm extractEntry internals/function-call.js
27811 silly gunzTarPerm modified mode [ 'internals/function-call.js', 420, 438 ]
27812 silly gunzTarPerm extractEntry internals/function-demethodize.js
27813 silly gunzTarPerm modified mode [ 'internals/function-demethodize.js', 420, 438 ]
27814 silly gunzTarPerm extractEntry proposals/function-demethodize.js
27815 silly gunzTarPerm modified mode [ 'proposals/function-demethodize.js', 420, 438 ]
27816 silly gunzTarPerm extractEntry proposals/function-is-callable-is-constructor.js
27817 silly gunzTarPerm modified mode [ 'proposals/function-is-callable-is-constructor.js', 420, 438 ]
27818 silly gunzTarPerm extractEntry internals/function-name.js
27819 silly gunzTarPerm modified mode [ 'internals/function-name.js', 420, 438 ]
27820 silly gunzTarPerm extractEntry proposals/function-un-this.js
27821 silly gunzTarPerm modified mode [ 'proposals/function-un-this.js', 420, 438 ]
27822 silly gunzTarPerm extractEntry internals/function-uncurry-this-accessor.js
27823 silly gunzTarPerm modified mode [ 'internals/function-uncurry-this-accessor.js', 420, 438 ]
27824 silly gunzTarPerm extractEntry internals/function-uncurry-this-clause.js
27825 silly gunzTarPerm modified mode [ 'internals/function-uncurry-this-clause.js', 420, 438 ]
27826 silly gunzTarPerm extractEntry internals/function-uncurry-this.js
27827 silly gunzTarPerm modified mode [ 'internals/function-uncurry-this.js', 420, 438 ]
27828 silly gunzTarPerm extractEntry internals/get-alphabet-option.js
27829 silly gunzTarPerm modified mode [ 'internals/get-alphabet-option.js', 420, 438 ]
27830 silly gunzTarPerm extractEntry internals/get-async-iterator-flattenable.js
27831 silly gunzTarPerm modified mode [ 'internals/get-async-iterator-flattenable.js', 420, 438 ]
27832 silly gunzTarPerm extractEntry internals/get-async-iterator.js
27833 silly gunzTarPerm modified mode [ 'internals/get-async-iterator.js', 420, 438 ]
27834 silly gunzTarPerm extractEntry internals/get-built-in-node-module.js
27835 silly gunzTarPerm modified mode [ 'internals/get-built-in-node-module.js', 420, 438 ]
27836 silly gunzTarPerm extractEntry internals/get-built-in-prototype-method.js
27837 silly gunzTarPerm modified mode [ 'internals/get-built-in-prototype-method.js', 420, 438 ]
27838 silly gunzTarPerm extractEntry internals/get-built-in.js
27839 silly gunzTarPerm modified mode [ 'internals/get-built-in.js', 420, 438 ]
27840 silly gunzTarPerm extractEntry actual/data-view/get-float16.js
27841 silly gunzTarPerm modified mode [ 'actual/data-view/get-float16.js', 420, 438 ]
27842 silly gunzTarPerm extractEntry es/data-view/get-float16.js
27843 silly gunzTarPerm modified mode [ 'es/data-view/get-float16.js', 420, 438 ]
27844 silly gunzTarPerm extractEntry features/data-view/get-float16.js
27845 silly gunzTarPerm modified mode [ 'features/data-view/get-float16.js', 420, 438 ]
27846 silly gunzTarPerm extractEntry full/data-view/get-float16.js
27847 silly gunzTarPerm modified mode [ 'full/data-view/get-float16.js', 420, 438 ]
27848 silly gunzTarPerm extractEntry stable/data-view/get-float16.js
27849 silly gunzTarPerm modified mode [ 'stable/data-view/get-float16.js', 420, 438 ]
27850 silly gunzTarPerm extractEntry internals/get-iterator-direct.js
27851 silly gunzTarPerm modified mode [ 'internals/get-iterator-direct.js', 420, 438 ]
27852 silly gunzTarPerm extractEntry internals/get-iterator-flattenable.js
27853 silly gunzTarPerm modified mode [ 'internals/get-iterator-flattenable.js', 420, 438 ]
27854 silly gunzTarPerm extractEntry actual/get-iterator-method.js
27855 silly gunzTarPerm modified mode [ 'actual/get-iterator-method.js', 420, 438 ]
27856 silly gunzTarPerm extractEntry es/get-iterator-method.js
27857 silly gunzTarPerm modified mode [ 'es/get-iterator-method.js', 420, 438 ]
27858 silly gunzTarPerm extractEntry features/get-iterator-method.js
27859 silly gunzTarPerm modified mode [ 'features/get-iterator-method.js', 420, 438 ]
27860 silly gunzTarPerm extractEntry full/get-iterator-method.js
27861 silly gunzTarPerm modified mode [ 'full/get-iterator-method.js', 420, 438 ]
27862 silly gunzTarPerm extractEntry internals/get-iterator-method.js
27863 silly gunzTarPerm modified mode [ 'internals/get-iterator-method.js', 420, 438 ]
27864 silly gunzTarPerm extractEntry stable/get-iterator-method.js
27865 silly gunzTarPerm modified mode [ 'stable/get-iterator-method.js', 420, 438 ]
27866 silly gunzTarPerm extractEntry internals/get-iterator-record.js
27867 silly gunzTarPerm modified mode [ 'internals/get-iterator-record.js', 420, 438 ]
27868 silly gunzTarPerm extractEntry actual/get-iterator.js
27869 silly gunzTarPerm modified mode [ 'actual/get-iterator.js', 420, 438 ]
27870 silly gunzTarPerm extractEntry es/get-iterator.js
27871 silly gunzTarPerm modified mode [ 'es/get-iterator.js', 420, 438 ]
27872 silly gunzTarPerm extractEntry features/get-iterator.js
27873 silly gunzTarPerm modified mode [ 'features/get-iterator.js', 420, 438 ]
27874 silly gunzTarPerm extractEntry full/get-iterator.js
27875 silly gunzTarPerm modified mode [ 'full/get-iterator.js', 420, 438 ]
27876 silly gunzTarPerm extractEntry internals/get-iterator.js
27877 silly gunzTarPerm modified mode [ 'internals/get-iterator.js', 420, 438 ]
27878 silly gunzTarPerm extractEntry stable/get-iterator.js
27879 silly gunzTarPerm modified mode [ 'stable/get-iterator.js', 420, 438 ]
27880 silly gunzTarPerm extractEntry features/reflect/get-metadata-keys.js
27881 silly gunzTarPerm modified mode [ 'features/reflect/get-metadata-keys.js', 420, 438 ]
27882 silly gunzTarPerm extractEntry full/reflect/get-metadata-keys.js
27883 silly gunzTarPerm modified mode [ 'full/reflect/get-metadata-keys.js', 420, 438 ]
27884 silly gunzTarPerm extractEntry features/reflect/get-metadata.js
27885 silly gunzTarPerm modified mode [ 'features/reflect/get-metadata.js', 420, 438 ]
27886 silly gunzTarPerm extractEntry full/reflect/get-metadata.js
27887 silly gunzTarPerm modified mode [ 'full/reflect/get-metadata.js', 420, 438 ]
27888 silly gunzTarPerm extractEntry internals/get-method.js
27889 silly gunzTarPerm modified mode [ 'internals/get-method.js', 420, 438 ]
27890 silly gunzTarPerm extractEntry internals/get-mode-option.js
27891 silly gunzTarPerm modified mode [ 'internals/get-mode-option.js', 420, 438 ]
27892 silly gunzTarPerm extractEntry actual/map/get-or-insert-computed.js
27893 silly gunzTarPerm modified mode [ 'actual/map/get-or-insert-computed.js', 420, 438 ]
27894 silly gunzTarPerm extractEntry actual/weak-map/get-or-insert-computed.js
27895 silly gunzTarPerm modified mode [ 'actual/weak-map/get-or-insert-computed.js', 420, 438 ]
27896 silly gunzTarPerm extractEntry es/map/get-or-insert-computed.js
27897 silly gunzTarPerm modified mode [ 'es/map/get-or-insert-computed.js', 420, 438 ]
27898 silly gunzTarPerm extractEntry es/weak-map/get-or-insert-computed.js
27899 silly gunzTarPerm modified mode [ 'es/weak-map/get-or-insert-computed.js', 420, 438 ]
27900 silly gunzTarPerm extractEntry features/map/get-or-insert-computed.js
27901 silly gunzTarPerm modified mode [ 'features/map/get-or-insert-computed.js', 420, 438 ]
27902 silly gunzTarPerm extractEntry features/weak-map/get-or-insert-computed.js
27903 silly gunzTarPerm modified mode [ 'features/weak-map/get-or-insert-computed.js', 420, 438 ]
27904 silly gunzTarPerm extractEntry full/map/get-or-insert-computed.js
27905 silly gunzTarPerm modified mode [ 'full/map/get-or-insert-computed.js', 420, 438 ]
27906 silly gunzTarPerm extractEntry full/weak-map/get-or-insert-computed.js
27907 silly gunzTarPerm modified mode [ 'full/weak-map/get-or-insert-computed.js', 420, 438 ]
27908 silly gunzTarPerm extractEntry stable/map/get-or-insert-computed.js
27909 silly gunzTarPerm modified mode [ 'stable/map/get-or-insert-computed.js', 420, 438 ]
27910 silly gunzTarPerm extractEntry stable/weak-map/get-or-insert-computed.js
27911 silly gunzTarPerm modified mode [ 'stable/weak-map/get-or-insert-computed.js', 420, 438 ]
27912 silly gunzTarPerm extractEntry actual/map/get-or-insert.js
27913 silly gunzTarPerm modified mode [ 'actual/map/get-or-insert.js', 420, 438 ]
27914 silly gunzTarPerm extractEntry actual/weak-map/get-or-insert.js
27915 silly gunzTarPerm modified mode [ 'actual/weak-map/get-or-insert.js', 420, 438 ]
27916 silly gunzTarPerm extractEntry es/map/get-or-insert.js
27917 silly gunzTarPerm modified mode [ 'es/map/get-or-insert.js', 420, 438 ]
27918 silly gunzTarPerm extractEntry es/weak-map/get-or-insert.js
27919 silly gunzTarPerm modified mode [ 'es/weak-map/get-or-insert.js', 420, 438 ]
27920 silly gunzTarPerm extractEntry features/map/get-or-insert.js
27921 silly gunzTarPerm modified mode [ 'features/map/get-or-insert.js', 420, 438 ]
27922 silly gunzTarPerm extractEntry features/weak-map/get-or-insert.js
27923 silly gunzTarPerm modified mode [ 'features/weak-map/get-or-insert.js', 420, 438 ]
27924 silly gunzTarPerm extractEntry full/map/get-or-insert.js
27925 silly gunzTarPerm modified mode [ 'full/map/get-or-insert.js', 420, 438 ]
27926 silly gunzTarPerm extractEntry full/weak-map/get-or-insert.js
27927 silly gunzTarPerm modified mode [ 'full/weak-map/get-or-insert.js', 420, 438 ]
27928 silly gunzTarPerm extractEntry stable/map/get-or-insert.js
27929 silly gunzTarPerm modified mode [ 'stable/map/get-or-insert.js', 420, 438 ]
27930 silly gunzTarPerm extractEntry stable/weak-map/get-or-insert.js
27931 silly gunzTarPerm modified mode [ 'stable/weak-map/get-or-insert.js', 420, 438 ]
27932 silly gunzTarPerm extractEntry features/reflect/get-own-metadata-keys.js
27933 silly gunzTarPerm modified mode [ 'features/reflect/get-own-metadata-keys.js', 420, 438 ]
27934 silly gunzTarPerm extractEntry full/reflect/get-own-metadata-keys.js
27935 silly gunzTarPerm modified mode [ 'full/reflect/get-own-metadata-keys.js', 420, 438 ]
27936 silly gunzTarPerm extractEntry features/reflect/get-own-metadata.js
27937 silly gunzTarPerm modified mode [ 'features/reflect/get-own-metadata.js', 420, 438 ]
27938 silly gunzTarPerm extractEntry full/reflect/get-own-metadata.js
27939 silly gunzTarPerm modified mode [ 'full/reflect/get-own-metadata.js', 420, 438 ]
27940 silly gunzTarPerm extractEntry actual/object/get-own-property-descriptor.js
27941 silly gunzTarPerm modified mode [ 'actual/object/get-own-property-descriptor.js', 420, 438 ]
27942 silly gunzTarPerm extractEntry actual/reflect/get-own-property-descriptor.js
27943 silly gunzTarPerm modified mode [ 'actual/reflect/get-own-property-descriptor.js', 420, 438 ]
27944 silly gunzTarPerm extractEntry es/object/get-own-property-descriptor.js
27945 silly gunzTarPerm modified mode [ 'es/object/get-own-property-descriptor.js', 420, 438 ]
27946 silly gunzTarPerm extractEntry es/reflect/get-own-property-descriptor.js
27947 silly gunzTarPerm modified mode [ 'es/reflect/get-own-property-descriptor.js', 420, 438 ]
27948 silly gunzTarPerm extractEntry features/object/get-own-property-descriptor.js
27949 silly gunzTarPerm modified mode [ 'features/object/get-own-property-descriptor.js', 420, 438 ]
27950 silly gunzTarPerm extractEntry features/reflect/get-own-property-descriptor.js
27951 silly gunzTarPerm modified mode [ 'features/reflect/get-own-property-descriptor.js', 420, 438 ]
27952 silly gunzTarPerm extractEntry full/object/get-own-property-descriptor.js
27953 silly gunzTarPerm modified mode [ 'full/object/get-own-property-descriptor.js', 420, 438 ]
27954 silly gunzTarPerm extractEntry full/reflect/get-own-property-descriptor.js
27955 silly gunzTarPerm modified mode [ 'full/reflect/get-own-property-descriptor.js', 420, 438 ]
27956 silly gunzTarPerm extractEntry stable/object/get-own-property-descriptor.js
27957 silly gunzTarPerm modified mode [ 'stable/object/get-own-property-descriptor.js', 420, 438 ]
27958 silly gunzTarPerm extractEntry stable/reflect/get-own-property-descriptor.js
27959 silly gunzTarPerm modified mode [ 'stable/reflect/get-own-property-descriptor.js', 420, 438 ]
27960 silly gunzTarPerm extractEntry actual/object/get-own-property-descriptors.js
27961 silly gunzTarPerm modified mode [ 'actual/object/get-own-property-descriptors.js', 420, 438 ]
27962 silly gunzTarPerm extractEntry es/object/get-own-property-descriptors.js
27963 silly gunzTarPerm modified mode [ 'es/object/get-own-property-descriptors.js', 420, 438 ]
27964 silly gunzTarPerm extractEntry features/object/get-own-property-descriptors.js
27965 silly gunzTarPerm modified mode [ 'features/object/get-own-property-descriptors.js', 420, 438 ]
27966 silly gunzTarPerm extractEntry full/object/get-own-property-descriptors.js
27967 silly gunzTarPerm modified mode [ 'full/object/get-own-property-descriptors.js', 420, 438 ]
27968 silly gunzTarPerm extractEntry stable/object/get-own-property-descriptors.js
27969 silly gunzTarPerm modified mode [ 'stable/object/get-own-property-descriptors.js', 420, 438 ]
27970 silly gunzTarPerm extractEntry actual/object/get-own-property-names.js
27971 silly gunzTarPerm modified mode [ 'actual/object/get-own-property-names.js', 420, 438 ]
27972 silly gunzTarPerm extractEntry es/object/get-own-property-names.js
27973 silly gunzTarPerm modified mode [ 'es/object/get-own-property-names.js', 420, 438 ]
27974 silly gunzTarPerm extractEntry features/object/get-own-property-names.js
27975 silly gunzTarPerm modified mode [ 'features/object/get-own-property-names.js', 420, 438 ]
27976 silly gunzTarPerm extractEntry full/object/get-own-property-names.js
27977 silly gunzTarPerm modified mode [ 'full/object/get-own-property-names.js', 420, 438 ]
27978 silly gunzTarPerm extractEntry stable/object/get-own-property-names.js
27979 silly gunzTarPerm modified mode [ 'stable/object/get-own-property-names.js', 420, 438 ]
27980 silly gunzTarPerm extractEntry actual/object/get-own-property-symbols.js
27981 silly gunzTarPerm modified mode [ 'actual/object/get-own-property-symbols.js', 420, 438 ]
27982 silly gunzTarPerm extractEntry es/object/get-own-property-symbols.js
27983 silly gunzTarPerm modified mode [ 'es/object/get-own-property-symbols.js', 420, 438 ]
27984 silly gunzTarPerm extractEntry features/object/get-own-property-symbols.js
27985 silly gunzTarPerm modified mode [ 'features/object/get-own-property-symbols.js', 420, 438 ]
27986 silly gunzTarPerm extractEntry full/object/get-own-property-symbols.js
27987 silly gunzTarPerm modified mode [ 'full/object/get-own-property-symbols.js', 420, 438 ]
27988 silly gunzTarPerm extractEntry stable/object/get-own-property-symbols.js
27989 silly gunzTarPerm modified mode [ 'stable/object/get-own-property-symbols.js', 420, 438 ]
27990 silly gunzTarPerm extractEntry actual/object/get-prototype-of.js
27991 silly gunzTarPerm modified mode [ 'actual/object/get-prototype-of.js', 420, 438 ]
27992 silly gunzTarPerm extractEntry actual/reflect/get-prototype-of.js
27993 silly gunzTarPerm modified mode [ 'actual/reflect/get-prototype-of.js', 420, 438 ]
27994 silly gunzTarPerm extractEntry es/object/get-prototype-of.js
27995 silly gunzTarPerm modified mode [ 'es/object/get-prototype-of.js', 420, 438 ]
27996 silly gunzTarPerm extractEntry es/reflect/get-prototype-of.js
27997 silly gunzTarPerm modified mode [ 'es/reflect/get-prototype-of.js', 420, 438 ]
27998 silly gunzTarPerm extractEntry features/object/get-prototype-of.js
27999 silly gunzTarPerm modified mode [ 'features/object/get-prototype-of.js', 420, 438 ]
28000 silly gunzTarPerm extractEntry features/reflect/get-prototype-of.js
28001 silly gunzTarPerm modified mode [ 'features/reflect/get-prototype-of.js', 420, 438 ]
28002 silly gunzTarPerm extractEntry full/object/get-prototype-of.js
28003 silly gunzTarPerm modified mode [ 'full/object/get-prototype-of.js', 420, 438 ]
28004 silly gunzTarPerm extractEntry full/reflect/get-prototype-of.js
28005 silly gunzTarPerm modified mode [ 'full/reflect/get-prototype-of.js', 420, 438 ]
28006 silly gunzTarPerm extractEntry stable/object/get-prototype-of.js
28007 silly gunzTarPerm modified mode [ 'stable/object/get-prototype-of.js', 420, 438 ]
28008 silly gunzTarPerm extractEntry stable/reflect/get-prototype-of.js
28009 silly gunzTarPerm modified mode [ 'stable/reflect/get-prototype-of.js', 420, 438 ]
28010 silly gunzTarPerm extractEntry internals/get-set-record.js
28011 silly gunzTarPerm modified mode [ 'internals/get-set-record.js', 420, 438 ]
28012 silly gunzTarPerm extractEntry internals/get-substitution.js
28013 silly gunzTarPerm modified mode [ 'internals/get-substitution.js', 420, 438 ]
28014 silly gunzTarPerm extractEntry features/data-view/get-uint8-clamped.js
28015 silly gunzTarPerm modified mode [ 'features/data-view/get-uint8-clamped.js', 420, 438 ]
28016 silly gunzTarPerm extractEntry full/data-view/get-uint8-clamped.js
28017 silly gunzTarPerm modified mode [ 'full/data-view/get-uint8-clamped.js', 420, 438 ]
28018 silly gunzTarPerm extractEntry actual/date/get-year.js
28019 silly gunzTarPerm modified mode [ 'actual/date/get-year.js', 420, 438 ]
28020 silly gunzTarPerm extractEntry es/date/get-year.js
28021 silly gunzTarPerm modified mode [ 'es/date/get-year.js', 420, 438 ]
28022 silly gunzTarPerm extractEntry features/date/get-year.js
28023 silly gunzTarPerm modified mode [ 'features/date/get-year.js', 420, 438 ]
28024 silly gunzTarPerm extractEntry full/date/get-year.js
28025 silly gunzTarPerm modified mode [ 'full/date/get-year.js', 420, 438 ]
28026 silly gunzTarPerm extractEntry stable/date/get-year.js
28027 silly gunzTarPerm modified mode [ 'stable/date/get-year.js', 420, 438 ]
28028 silly gunzTarPerm extractEntry actual/reflect/get.js
28029 silly gunzTarPerm modified mode [ 'actual/reflect/get.js', 420, 438 ]
28030 silly gunzTarPerm extractEntry es/reflect/get.js
28031 silly gunzTarPerm modified mode [ 'es/reflect/get.js', 420, 438 ]
28032 silly gunzTarPerm extractEntry features/reflect/get.js
28033 silly gunzTarPerm modified mode [ 'features/reflect/get.js', 420, 438 ]
28034 silly gunzTarPerm extractEntry full/reflect/get.js
28035 silly gunzTarPerm modified mode [ 'full/reflect/get.js', 420, 438 ]
28036 silly gunzTarPerm extractEntry stable/reflect/get.js
28037 silly gunzTarPerm modified mode [ 'stable/reflect/get.js', 420, 438 ]
28038 silly gunzTarPerm extractEntry actual/global-this.js
28039 silly gunzTarPerm modified mode [ 'actual/global-this.js', 420, 438 ]
28040 silly gunzTarPerm extractEntry es/global-this.js
28041 silly gunzTarPerm modified mode [ 'es/global-this.js', 420, 438 ]
28042 silly gunzTarPerm extractEntry features/global-this.js
28043 silly gunzTarPerm modified mode [ 'features/global-this.js', 420, 438 ]
28044 silly gunzTarPerm extractEntry full/global-this.js
28045 silly gunzTarPerm modified mode [ 'full/global-this.js', 420, 438 ]
28046 silly gunzTarPerm extractEntry internals/global-this.js
28047 silly gunzTarPerm modified mode [ 'internals/global-this.js', 420, 438 ]
28048 silly gunzTarPerm extractEntry proposals/global-this.js
28049 silly gunzTarPerm modified mode [ 'proposals/global-this.js', 420, 438 ]
28050 silly gunzTarPerm extractEntry stable/global-this.js
28051 silly gunzTarPerm modified mode [ 'stable/global-this.js', 420, 438 ]
28052 silly gunzTarPerm extractEntry actual/array/group-by-to-map.js
28053 silly gunzTarPerm modified mode [ 'actual/array/group-by-to-map.js', 420, 438 ]
28054 silly gunzTarPerm extractEntry actual/array/virtual/group-by-to-map.js
28055 silly gunzTarPerm modified mode [ 'actual/array/virtual/group-by-to-map.js', 420, 438 ]
28056 silly gunzTarPerm extractEntry actual/instance/group-by-to-map.js
28057 silly gunzTarPerm modified mode [ 'actual/instance/group-by-to-map.js', 420, 438 ]
28058 silly gunzTarPerm extractEntry features/array/group-by-to-map.js
28059 silly gunzTarPerm modified mode [ 'features/array/group-by-to-map.js', 420, 438 ]
28060 silly gunzTarPerm extractEntry features/array/virtual/group-by-to-map.js
28061 silly gunzTarPerm modified mode [ 'features/array/virtual/group-by-to-map.js', 420, 438 ]
28062 silly gunzTarPerm extractEntry features/instance/group-by-to-map.js
28063 silly gunzTarPerm modified mode [ 'features/instance/group-by-to-map.js', 420, 438 ]
28064 silly gunzTarPerm extractEntry full/array/group-by-to-map.js
28065 silly gunzTarPerm modified mode [ 'full/array/group-by-to-map.js', 420, 438 ]
28066 silly gunzTarPerm extractEntry full/array/virtual/group-by-to-map.js
28067 silly gunzTarPerm modified mode [ 'full/array/virtual/group-by-to-map.js', 420, 438 ]
28068 silly gunzTarPerm extractEntry full/instance/group-by-to-map.js
28069 silly gunzTarPerm modified mode [ 'full/instance/group-by-to-map.js', 420, 438 ]
28070 silly gunzTarPerm extractEntry actual/array/group-by.js
28071 silly gunzTarPerm modified mode [ 'actual/array/group-by.js', 420, 438 ]
28072 silly gunzTarPerm extractEntry actual/array/virtual/group-by.js
28073 silly gunzTarPerm modified mode [ 'actual/array/virtual/group-by.js', 420, 438 ]
28074 silly gunzTarPerm extractEntry actual/instance/group-by.js
28075 silly gunzTarPerm modified mode [ 'actual/instance/group-by.js', 420, 438 ]
28076 silly gunzTarPerm extractEntry actual/map/group-by.js
28077 silly gunzTarPerm modified mode [ 'actual/map/group-by.js', 420, 438 ]
28078 silly gunzTarPerm extractEntry actual/object/group-by.js
28079 silly gunzTarPerm modified mode [ 'actual/object/group-by.js', 420, 438 ]
28080 silly gunzTarPerm extractEntry es/map/group-by.js
28081 silly gunzTarPerm modified mode [ 'es/map/group-by.js', 420, 438 ]
28082 silly gunzTarPerm extractEntry es/object/group-by.js
28083 silly gunzTarPerm modified mode [ 'es/object/group-by.js', 420, 438 ]
28084 silly gunzTarPerm extractEntry features/array/group-by.js
28085 silly gunzTarPerm modified mode [ 'features/array/group-by.js', 420, 438 ]
28086 silly gunzTarPerm extractEntry features/array/virtual/group-by.js
28087 silly gunzTarPerm modified mode [ 'features/array/virtual/group-by.js', 420, 438 ]
28088 silly gunzTarPerm extractEntry features/instance/group-by.js
28089 silly gunzTarPerm modified mode [ 'features/instance/group-by.js', 420, 438 ]
28090 silly gunzTarPerm extractEntry features/map/group-by.js
28091 silly gunzTarPerm modified mode [ 'features/map/group-by.js', 420, 438 ]
28092 silly gunzTarPerm extractEntry features/object/group-by.js
28093 silly gunzTarPerm modified mode [ 'features/object/group-by.js', 420, 438 ]
28094 silly gunzTarPerm extractEntry features/typed-array/group-by.js
28095 silly gunzTarPerm modified mode [ 'features/typed-array/group-by.js', 420, 438 ]
28096 silly gunzTarPerm extractEntry full/array/group-by.js
28097 silly gunzTarPerm modified mode [ 'full/array/group-by.js', 420, 438 ]
28098 silly gunzTarPerm extractEntry full/array/virtual/group-by.js
28099 silly gunzTarPerm modified mode [ 'full/array/virtual/group-by.js', 420, 438 ]
28100 silly gunzTarPerm extractEntry full/instance/group-by.js
28101 silly gunzTarPerm modified mode [ 'full/instance/group-by.js', 420, 438 ]
28102 silly gunzTarPerm extractEntry full/map/group-by.js
28103 silly gunzTarPerm modified mode [ 'full/map/group-by.js', 420, 438 ]
28104 silly gunzTarPerm extractEntry full/object/group-by.js
28105 silly gunzTarPerm modified mode [ 'full/object/group-by.js', 420, 438 ]
28106 silly gunzTarPerm extractEntry full/typed-array/group-by.js
28107 silly gunzTarPerm modified mode [ 'full/typed-array/group-by.js', 420, 438 ]
28108 silly gunzTarPerm extractEntry stable/map/group-by.js
28109 silly gunzTarPerm modified mode [ 'stable/map/group-by.js', 420, 438 ]
28110 silly gunzTarPerm extractEntry stable/object/group-by.js
28111 silly gunzTarPerm modified mode [ 'stable/object/group-by.js', 420, 438 ]
28112 silly gunzTarPerm extractEntry actual/array/group-to-map.js
28113 silly gunzTarPerm modified mode [ 'actual/array/group-to-map.js', 420, 438 ]
28114 silly gunzTarPerm extractEntry actual/array/virtual/group-to-map.js
28115 silly gunzTarPerm modified mode [ 'actual/array/virtual/group-to-map.js', 420, 438 ]
28116 silly gunzTarPerm extractEntry actual/instance/group-to-map.js
28117 silly gunzTarPerm modified mode [ 'actual/instance/group-to-map.js', 420, 438 ]
28118 silly gunzTarPerm extractEntry features/array/group-to-map.js
28119 silly gunzTarPerm modified mode [ 'features/array/group-to-map.js', 420, 438 ]
28120 silly gunzTarPerm extractEntry features/array/virtual/group-to-map.js
28121 silly gunzTarPerm modified mode [ 'features/array/virtual/group-to-map.js', 420, 438 ]
28122 silly gunzTarPerm extractEntry features/instance/group-to-map.js
28123 silly gunzTarPerm modified mode [ 'features/instance/group-to-map.js', 420, 438 ]
28124 silly gunzTarPerm extractEntry full/array/group-to-map.js
28125 silly gunzTarPerm modified mode [ 'full/array/group-to-map.js', 420, 438 ]
28126 silly gunzTarPerm extractEntry full/array/virtual/group-to-map.js
28127 silly gunzTarPerm modified mode [ 'full/array/virtual/group-to-map.js', 420, 438 ]
28128 silly gunzTarPerm extractEntry full/instance/group-to-map.js
28129 silly gunzTarPerm modified mode [ 'full/instance/group-to-map.js', 420, 438 ]
28130 silly gunzTarPerm extractEntry actual/array/group.js
28131 silly gunzTarPerm modified mode [ 'actual/array/group.js', 420, 438 ]
28132 silly gunzTarPerm extractEntry actual/array/virtual/group.js
28133 silly gunzTarPerm modified mode [ 'actual/array/virtual/group.js', 420, 438 ]
28134 silly gunzTarPerm extractEntry actual/instance/group.js
28135 silly gunzTarPerm modified mode [ 'actual/instance/group.js', 420, 438 ]
28136 silly gunzTarPerm extractEntry features/array/group.js
28137 silly gunzTarPerm modified mode [ 'features/array/group.js', 420, 438 ]
28138 silly gunzTarPerm extractEntry features/array/virtual/group.js
28139 silly gunzTarPerm modified mode [ 'features/array/virtual/group.js', 420, 438 ]
28140 silly gunzTarPerm extractEntry features/instance/group.js
28141 silly gunzTarPerm modified mode [ 'features/instance/group.js', 420, 438 ]
28142 silly gunzTarPerm extractEntry full/array/group.js
28143 silly gunzTarPerm modified mode [ 'full/array/group.js', 420, 438 ]
28144 silly gunzTarPerm extractEntry full/array/virtual/group.js
28145 silly gunzTarPerm modified mode [ 'full/array/virtual/group.js', 420, 438 ]
28146 silly gunzTarPerm extractEntry full/instance/group.js
28147 silly gunzTarPerm modified mode [ 'full/instance/group.js', 420, 438 ]
28148 silly gunzTarPerm extractEntry actual/function/has-instance.js
28149 silly gunzTarPerm modified mode [ 'actual/function/has-instance.js', 420, 438 ]
28150 silly gunzTarPerm extractEntry actual/symbol/has-instance.js
28151 silly gunzTarPerm modified mode [ 'actual/symbol/has-instance.js', 420, 438 ]
28152 silly gunzTarPerm extractEntry es/function/has-instance.js
28153 silly gunzTarPerm modified mode [ 'es/function/has-instance.js', 420, 438 ]
28154 silly gunzTarPerm extractEntry es/symbol/has-instance.js
28155 silly gunzTarPerm modified mode [ 'es/symbol/has-instance.js', 420, 438 ]
28156 silly gunzTarPerm extractEntry features/function/has-instance.js
28157 silly gunzTarPerm modified mode [ 'features/function/has-instance.js', 420, 438 ]
28158 silly gunzTarPerm extractEntry features/symbol/has-instance.js
28159 silly gunzTarPerm modified mode [ 'features/symbol/has-instance.js', 420, 438 ]
28160 silly gunzTarPerm extractEntry full/function/has-instance.js
28161 silly gunzTarPerm modified mode [ 'full/function/has-instance.js', 420, 438 ]
28162 silly gunzTarPerm extractEntry full/symbol/has-instance.js
28163 silly gunzTarPerm modified mode [ 'full/symbol/has-instance.js', 420, 438 ]
28164 silly gunzTarPerm extractEntry stable/function/has-instance.js
28165 silly gunzTarPerm modified mode [ 'stable/function/has-instance.js', 420, 438 ]
28166 silly gunzTarPerm extractEntry stable/symbol/has-instance.js
28167 silly gunzTarPerm modified mode [ 'stable/symbol/has-instance.js', 420, 438 ]
28168 silly gunzTarPerm extractEntry features/reflect/has-metadata.js
28169 silly gunzTarPerm modified mode [ 'features/reflect/has-metadata.js', 420, 438 ]
28170 silly gunzTarPerm extractEntry full/reflect/has-metadata.js
28171 silly gunzTarPerm modified mode [ 'full/reflect/has-metadata.js', 420, 438 ]
28172 silly gunzTarPerm extractEntry features/reflect/has-own-metadata.js
28173 silly gunzTarPerm modified mode [ 'features/reflect/has-own-metadata.js', 420, 438 ]
28174 silly gunzTarPerm extractEntry full/reflect/has-own-metadata.js
28175 silly gunzTarPerm modified mode [ 'full/reflect/has-own-metadata.js', 420, 438 ]
28176 silly gunzTarPerm extractEntry internals/has-own-property.js
28177 silly gunzTarPerm modified mode [ 'internals/has-own-property.js', 420, 438 ]
28178 silly gunzTarPerm extractEntry actual/object/has-own.js
28179 silly gunzTarPerm modified mode [ 'actual/object/has-own.js', 420, 438 ]
28180 silly gunzTarPerm extractEntry es/object/has-own.js
28181 silly gunzTarPerm modified mode [ 'es/object/has-own.js', 420, 438 ]
28182 silly gunzTarPerm extractEntry features/object/has-own.js
28183 silly gunzTarPerm modified mode [ 'features/object/has-own.js', 420, 438 ]
28184 silly gunzTarPerm extractEntry full/object/has-own.js
28185 silly gunzTarPerm modified mode [ 'full/object/has-own.js', 420, 438 ]
28186 silly gunzTarPerm extractEntry stable/object/has-own.js
28187 silly gunzTarPerm modified mode [ 'stable/object/has-own.js', 420, 438 ]
28188 silly gunzTarPerm extractEntry actual/reflect/has.js
28189 silly gunzTarPerm modified mode [ 'actual/reflect/has.js', 420, 438 ]
28190 silly gunzTarPerm extractEntry es/reflect/has.js
28191 silly gunzTarPerm modified mode [ 'es/reflect/has.js', 420, 438 ]
28192 silly gunzTarPerm extractEntry features/reflect/has.js
28193 silly gunzTarPerm modified mode [ 'features/reflect/has.js', 420, 438 ]
28194 silly gunzTarPerm extractEntry full/reflect/has.js
28195 silly gunzTarPerm modified mode [ 'full/reflect/has.js', 420, 438 ]
28196 silly gunzTarPerm extractEntry stable/reflect/has.js
28197 silly gunzTarPerm modified mode [ 'stable/reflect/has.js', 420, 438 ]
28198 silly gunzTarPerm extractEntry internals/hidden-keys.js
28199 silly gunzTarPerm modified mode [ 'internals/hidden-keys.js', 420, 438 ]
28200 silly gunzTarPerm extractEntry internals/host-report-errors.js
28201 silly gunzTarPerm modified mode [ 'internals/host-report-errors.js', 420, 438 ]
28202 silly gunzTarPerm extractEntry internals/html.js
28203 silly gunzTarPerm modified mode [ 'internals/html.js', 420, 438 ]
28204 silly gunzTarPerm extractEntry actual/math/hypot.js
28205 silly gunzTarPerm modified mode [ 'actual/math/hypot.js', 420, 438 ]
28206 silly gunzTarPerm extractEntry es/math/hypot.js
28207 silly gunzTarPerm modified mode [ 'es/math/hypot.js', 420, 438 ]
28208 silly gunzTarPerm extractEntry features/math/hypot.js
28209 silly gunzTarPerm modified mode [ 'features/math/hypot.js', 420, 438 ]
28210 silly gunzTarPerm extractEntry full/math/hypot.js
28211 silly gunzTarPerm modified mode [ 'full/math/hypot.js', 420, 438 ]
28212 silly gunzTarPerm extractEntry stable/math/hypot.js
28213 silly gunzTarPerm modified mode [ 'stable/math/hypot.js', 420, 438 ]
28214 silly gunzTarPerm extractEntry features/math/iaddh.js
28215 silly gunzTarPerm modified mode [ 'features/math/iaddh.js', 420, 438 ]
28216 silly gunzTarPerm extractEntry full/math/iaddh.js
28217 silly gunzTarPerm modified mode [ 'full/math/iaddh.js', 420, 438 ]
28218 silly gunzTarPerm extractEntry internals/ie8-dom-define.js
28219 silly gunzTarPerm modified mode [ 'internals/ie8-dom-define.js', 420, 438 ]
28220 silly gunzTarPerm extractEntry internals/ieee754.js
28221 silly gunzTarPerm modified mode [ 'internals/ieee754.js', 420, 438 ]
28222 silly gunzTarPerm extractEntry web/immediate.js
28223 silly gunzTarPerm modified mode [ 'web/immediate.js', 420, 438 ]
28224 silly gunzTarPerm extractEntry actual/math/imul.js
28225 silly gunzTarPerm modified mode [ 'actual/math/imul.js', 420, 438 ]
28226 silly gunzTarPerm extractEntry es/math/imul.js
28227 silly gunzTarPerm modified mode [ 'es/math/imul.js', 420, 438 ]
28228 silly gunzTarPerm extractEntry features/math/imul.js
28229 silly gunzTarPerm modified mode [ 'features/math/imul.js', 420, 438 ]
28230 silly gunzTarPerm extractEntry full/math/imul.js
28231 silly gunzTarPerm modified mode [ 'full/math/imul.js', 420, 438 ]
28232 silly gunzTarPerm extractEntry stable/math/imul.js
28233 silly gunzTarPerm modified mode [ 'stable/math/imul.js', 420, 438 ]
28234 silly gunzTarPerm extractEntry features/math/imulh.js
28235 silly gunzTarPerm modified mode [ 'features/math/imulh.js', 420, 438 ]
28236 silly gunzTarPerm extractEntry full/math/imulh.js
28237 silly gunzTarPerm modified mode [ 'full/math/imulh.js', 420, 438 ]
28238 silly gunzTarPerm extractEntry actual/array/includes.js
28239 silly gunzTarPerm modified mode [ 'actual/array/includes.js', 420, 438 ]
28240 silly gunzTarPerm extractEntry actual/array/virtual/includes.js
28241 silly gunzTarPerm modified mode [ 'actual/array/virtual/includes.js', 420, 438 ]
28242 silly gunzTarPerm extractEntry actual/instance/includes.js
28243 silly gunzTarPerm modified mode [ 'actual/instance/includes.js', 420, 438 ]
28244 silly gunzTarPerm extractEntry actual/string/includes.js
28245 silly gunzTarPerm modified mode [ 'actual/string/includes.js', 420, 438 ]
28246 silly gunzTarPerm extractEntry actual/string/virtual/includes.js
28247 silly gunzTarPerm modified mode [ 'actual/string/virtual/includes.js', 420, 438 ]
28248 silly gunzTarPerm extractEntry actual/typed-array/includes.js
28249 silly gunzTarPerm modified mode [ 'actual/typed-array/includes.js', 420, 438 ]
28250 silly gunzTarPerm extractEntry es/array/includes.js
28251 silly gunzTarPerm modified mode [ 'es/array/includes.js', 420, 438 ]
28252 silly gunzTarPerm extractEntry es/array/virtual/includes.js
28253 silly gunzTarPerm modified mode [ 'es/array/virtual/includes.js', 420, 438 ]
28254 silly gunzTarPerm extractEntry es/instance/includes.js
28255 silly gunzTarPerm modified mode [ 'es/instance/includes.js', 420, 438 ]
28256 silly gunzTarPerm extractEntry es/string/includes.js
28257 silly gunzTarPerm modified mode [ 'es/string/includes.js', 420, 438 ]
28258 silly gunzTarPerm extractEntry es/string/virtual/includes.js
28259 silly gunzTarPerm modified mode [ 'es/string/virtual/includes.js', 420, 438 ]
28260 silly gunzTarPerm extractEntry es/typed-array/includes.js
28261 silly gunzTarPerm modified mode [ 'es/typed-array/includes.js', 420, 438 ]
28262 silly gunzTarPerm extractEntry features/array/includes.js
28263 silly gunzTarPerm modified mode [ 'features/array/includes.js', 420, 438 ]
28264 silly gunzTarPerm extractEntry features/array/virtual/includes.js
28265 silly gunzTarPerm modified mode [ 'features/array/virtual/includes.js', 420, 438 ]
28266 silly gunzTarPerm extractEntry features/instance/includes.js
28267 silly gunzTarPerm modified mode [ 'features/instance/includes.js', 420, 438 ]
28268 silly gunzTarPerm extractEntry features/map/includes.js
28269 silly gunzTarPerm modified mode [ 'features/map/includes.js', 420, 438 ]
28270 silly gunzTarPerm extractEntry features/string/includes.js
28271 silly gunzTarPerm modified mode [ 'features/string/includes.js', 420, 438 ]
28272 silly gunzTarPerm extractEntry features/string/virtual/includes.js
28273 silly gunzTarPerm modified mode [ 'features/string/virtual/includes.js', 420, 438 ]
28274 silly gunzTarPerm extractEntry features/typed-array/includes.js
28275 silly gunzTarPerm modified mode [ 'features/typed-array/includes.js', 420, 438 ]
28276 silly gunzTarPerm extractEntry full/array/includes.js
28277 silly gunzTarPerm modified mode [ 'full/array/includes.js', 420, 438 ]
28278 silly gunzTarPerm extractEntry full/array/virtual/includes.js
28279 silly gunzTarPerm modified mode [ 'full/array/virtual/includes.js', 420, 438 ]
28280 silly gunzTarPerm extractEntry full/instance/includes.js
28281 silly gunzTarPerm modified mode [ 'full/instance/includes.js', 420, 438 ]
28282 silly gunzTarPerm extractEntry full/map/includes.js
28283 silly gunzTarPerm modified mode [ 'full/map/includes.js', 420, 438 ]
28284 silly gunzTarPerm extractEntry full/string/includes.js
28285 silly gunzTarPerm modified mode [ 'full/string/includes.js', 420, 438 ]
28286 silly gunzTarPerm extractEntry full/string/virtual/includes.js
28287 silly gunzTarPerm modified mode [ 'full/string/virtual/includes.js', 420, 438 ]
28288 silly gunzTarPerm extractEntry full/typed-array/includes.js
28289 silly gunzTarPerm modified mode [ 'full/typed-array/includes.js', 420, 438 ]
28290 silly gunzTarPerm extractEntry stable/array/includes.js
28291 silly gunzTarPerm modified mode [ 'stable/array/includes.js', 420, 438 ]
28292 silly gunzTarPerm extractEntry stable/array/virtual/includes.js
28293 silly gunzTarPerm modified mode [ 'stable/array/virtual/includes.js', 420, 438 ]
28294 silly gunzTarPerm extractEntry stable/instance/includes.js
28295 silly gunzTarPerm modified mode [ 'stable/instance/includes.js', 420, 438 ]
28296 silly gunzTarPerm extractEntry stable/string/includes.js
28297 silly gunzTarPerm modified mode [ 'stable/string/includes.js', 420, 438 ]
28298 silly gunzTarPerm extractEntry stable/string/virtual/includes.js
28299 silly gunzTarPerm modified mode [ 'stable/string/virtual/includes.js', 420, 438 ]
28300 silly gunzTarPerm extractEntry stable/typed-array/includes.js
28301 silly gunzTarPerm modified mode [ 'stable/typed-array/includes.js', 420, 438 ]
28302 silly gunzTarPerm extractEntry actual/array/index-of.js
28303 silly gunzTarPerm modified mode [ 'actual/array/index-of.js', 420, 438 ]
28304 silly gunzTarPerm extractEntry actual/array/virtual/index-of.js
28305 silly gunzTarPerm modified mode [ 'actual/array/virtual/index-of.js', 420, 438 ]
28306 silly gunzTarPerm extractEntry actual/instance/index-of.js
28307 silly gunzTarPerm modified mode [ 'actual/instance/index-of.js', 420, 438 ]
28308 silly gunzTarPerm extractEntry actual/typed-array/index-of.js
28309 silly gunzTarPerm modified mode [ 'actual/typed-array/index-of.js', 420, 438 ]
28310 silly gunzTarPerm extractEntry es/array/index-of.js
28311 silly gunzTarPerm modified mode [ 'es/array/index-of.js', 420, 438 ]
28312 silly gunzTarPerm extractEntry es/array/virtual/index-of.js
28313 silly gunzTarPerm modified mode [ 'es/array/virtual/index-of.js', 420, 438 ]
28314 silly gunzTarPerm extractEntry es/instance/index-of.js
28315 silly gunzTarPerm modified mode [ 'es/instance/index-of.js', 420, 438 ]
28316 silly gunzTarPerm extractEntry es/typed-array/index-of.js
28317 silly gunzTarPerm modified mode [ 'es/typed-array/index-of.js', 420, 438 ]
28318 silly gunzTarPerm extractEntry features/array/index-of.js
28319 silly gunzTarPerm modified mode [ 'features/array/index-of.js', 420, 438 ]
28320 silly gunzTarPerm extractEntry features/array/virtual/index-of.js
28321 silly gunzTarPerm modified mode [ 'features/array/virtual/index-of.js', 420, 438 ]
28322 silly gunzTarPerm extractEntry features/instance/index-of.js
28323 silly gunzTarPerm modified mode [ 'features/instance/index-of.js', 420, 438 ]
28324 silly gunzTarPerm extractEntry features/typed-array/index-of.js
28325 silly gunzTarPerm modified mode [ 'features/typed-array/index-of.js', 420, 438 ]
28326 silly gunzTarPerm extractEntry full/array/index-of.js
28327 silly gunzTarPerm modified mode [ 'full/array/index-of.js', 420, 438 ]
28328 silly gunzTarPerm extractEntry full/array/virtual/index-of.js
28329 silly gunzTarPerm modified mode [ 'full/array/virtual/index-of.js', 420, 438 ]
28330 silly gunzTarPerm extractEntry full/instance/index-of.js
28331 silly gunzTarPerm modified mode [ 'full/instance/index-of.js', 420, 438 ]
28332 silly gunzTarPerm extractEntry full/typed-array/index-of.js
28333 silly gunzTarPerm modified mode [ 'full/typed-array/index-of.js', 420, 438 ]
28334 silly gunzTarPerm extractEntry stable/array/index-of.js
28335 silly gunzTarPerm modified mode [ 'stable/array/index-of.js', 420, 438 ]
28336 silly gunzTarPerm extractEntry stable/array/virtual/index-of.js
28337 silly gunzTarPerm modified mode [ 'stable/array/virtual/index-of.js', 420, 438 ]
28338 silly gunzTarPerm extractEntry stable/instance/index-of.js
28339 silly gunzTarPerm modified mode [ 'stable/instance/index-of.js', 420, 438 ]
28340 silly gunzTarPerm extractEntry stable/typed-array/index-of.js
28341 silly gunzTarPerm modified mode [ 'stable/typed-array/index-of.js', 420, 438 ]
28342 silly gunzTarPerm extractEntry actual/array-buffer/index.js
28343 silly gunzTarPerm modified mode [ 'actual/array-buffer/index.js', 420, 438 ]
28344 silly gunzTarPerm extractEntry actual/array/index.js
28345 silly gunzTarPerm modified mode [ 'actual/array/index.js', 420, 438 ]
28346 silly gunzTarPerm extractEntry actual/array/virtual/index.js
28347 silly gunzTarPerm modified mode [ 'actual/array/virtual/index.js', 420, 438 ]
28348 silly gunzTarPerm extractEntry actual/async-disposable-stack/index.js
28349 silly gunzTarPerm modified mode [ 'actual/async-disposable-stack/index.js', 420, 438 ]
28350 silly gunzTarPerm extractEntry actual/async-iterator/index.js
28351 silly gunzTarPerm modified mode [ 'actual/async-iterator/index.js', 420, 438 ]
28352 silly gunzTarPerm extractEntry actual/data-view/index.js
28353 silly gunzTarPerm modified mode [ 'actual/data-view/index.js', 420, 438 ]
28354 silly gunzTarPerm extractEntry actual/date/index.js
28355 silly gunzTarPerm modified mode [ 'actual/date/index.js', 420, 438 ]
28356 silly gunzTarPerm extractEntry actual/disposable-stack/index.js
28357 silly gunzTarPerm modified mode [ 'actual/disposable-stack/index.js', 420, 438 ]
28358 silly gunzTarPerm extractEntry actual/dom-collections/index.js
28359 silly gunzTarPerm modified mode [ 'actual/dom-collections/index.js', 420, 438 ]
28360 silly gunzTarPerm extractEntry actual/dom-exception/index.js
28361 silly gunzTarPerm modified mode [ 'actual/dom-exception/index.js', 420, 438 ]
28362 silly gunzTarPerm extractEntry actual/error/index.js
28363 silly gunzTarPerm modified mode [ 'actual/error/index.js', 420, 438 ]
28364 silly gunzTarPerm extractEntry actual/function/index.js
28365 silly gunzTarPerm modified mode [ 'actual/function/index.js', 420, 438 ]
28366 silly gunzTarPerm extractEntry actual/function/virtual/index.js
28367 silly gunzTarPerm modified mode [ 'actual/function/virtual/index.js', 420, 438 ]
28368 silly gunzTarPerm extractEntry actual/index.js
28369 silly gunzTarPerm modified mode [ 'actual/index.js', 420, 438 ]
28370 silly gunzTarPerm extractEntry actual/iterator/index.js
28371 silly gunzTarPerm modified mode [ 'actual/iterator/index.js', 420, 438 ]
28372 silly gunzTarPerm extractEntry actual/json/index.js
28373 silly gunzTarPerm modified mode [ 'actual/json/index.js', 420, 438 ]
28374 silly gunzTarPerm extractEntry actual/map/index.js
28375 silly gunzTarPerm modified mode [ 'actual/map/index.js', 420, 438 ]
28376 info preinstall html2canvas@1.4.1
28377 silly prepareForInstallMany adding css-line-break@^2.1.0 from html2canvas dependencies
28378 silly prepareForInstallMany adding text-segmentation@^1.0.3 from html2canvas dependencies
28379 silly cache add args [ 'css-line-break@^2.1.0', null ]
28380 verbose cache add spec css-line-break@^2.1.0
28381 silly cache add args [ 'text-segmentation@^1.0.3', null ]
28382 verbose cache add spec text-segmentation@^1.0.3
28383 silly cache add parsed spec { raw: 'css-line-break@^2.1.0',
28383 silly cache add   scope: null,
28383 silly cache add   name: 'css-line-break',
28383 silly cache add   rawSpec: '^2.1.0',
28383 silly cache add   spec: '>=2.1.0 <3.0.0',
28383 silly cache add   type: 'range' }
28384 verbose addNamed css-line-break@>=2.1.0 <3.0.0
28385 silly addNamed semver.valid null
28386 silly addNamed semver.validRange >=2.1.0 <3.0.0
28387 silly addNameRange { name: 'css-line-break',
28387 silly addNameRange   range: '>=2.1.0 <3.0.0',
28387 silly addNameRange   hasData: false }
28388 silly mapToRegistry name css-line-break
28389 silly mapToRegistry using default registry
28390 silly mapToRegistry registry https://registry.npmjs.org/
28391 silly mapToRegistry uri https://registry.npmjs.org/css-line-break
28392 verbose addNameRange registry:https://registry.npmjs.org/css-line-break not in flight; fetching
28393 silly cache add parsed spec { raw: 'text-segmentation@^1.0.3',
28393 silly cache add   scope: null,
28393 silly cache add   name: 'text-segmentation',
28393 silly cache add   rawSpec: '^1.0.3',
28393 silly cache add   spec: '>=1.0.3 <2.0.0',
28393 silly cache add   type: 'range' }
28394 verbose addNamed text-segmentation@>=1.0.3 <2.0.0
28395 silly addNamed semver.valid null
28396 silly addNamed semver.validRange >=1.0.3 <2.0.0
28397 silly addNameRange { name: 'text-segmentation',
28397 silly addNameRange   range: '>=1.0.3 <2.0.0',
28397 silly addNameRange   hasData: false }
28398 silly mapToRegistry name text-segmentation
28399 silly mapToRegistry using default registry
28400 silly mapToRegistry registry https://registry.npmjs.org/
28401 silly mapToRegistry uri https://registry.npmjs.org/text-segmentation
28402 verbose addNameRange registry:https://registry.npmjs.org/text-segmentation not in flight; fetching
28403 silly gunzTarPerm extractEntry actual/math/index.js
28404 silly gunzTarPerm modified mode [ 'actual/math/index.js', 420, 438 ]
28405 silly gunzTarPerm extractEntry actual/number/index.js
28406 silly gunzTarPerm modified mode [ 'actual/number/index.js', 420, 438 ]
28407 verbose request uri https://registry.npmjs.org/text-segmentation
28408 verbose request no auth needed
28409 info attempt registry request try #1 at 10:27:37
28410 verbose etag W/"54de58a01ad7b9ec87874ae94fb48690"
28411 verbose lastModified Sat, 21 May 2022 16:09:44 GMT
28412 http request GET https://registry.npmjs.org/text-segmentation
28413 verbose request uri https://registry.npmjs.org/css-line-break
28414 verbose request no auth needed
28415 info attempt registry request try #1 at 10:27:37
28416 verbose etag W/"c5fdc550294228fb2c97c41e70fd3442"
28417 verbose lastModified Tue, 14 Jun 2022 04:40:25 GMT
28418 http request GET https://registry.npmjs.org/css-line-break
28419 silly gunzTarPerm extractEntry actual/number/virtual/index.js
28420 silly gunzTarPerm modified mode [ 'actual/number/virtual/index.js', 420, 438 ]
28421 silly gunzTarPerm extractEntry actual/object/index.js
28422 silly gunzTarPerm modified mode [ 'actual/object/index.js', 420, 438 ]
28423 silly gunzTarPerm extractEntry actual/promise/index.js
28424 silly gunzTarPerm modified mode [ 'actual/promise/index.js', 420, 438 ]
28425 silly gunzTarPerm extractEntry actual/reflect/index.js
28426 silly gunzTarPerm modified mode [ 'actual/reflect/index.js', 420, 438 ]
28427 silly gunzTarPerm extractEntry actual/regexp/index.js
28428 silly gunzTarPerm modified mode [ 'actual/regexp/index.js', 420, 438 ]
28429 silly gunzTarPerm extractEntry actual/set/index.js
28430 silly gunzTarPerm modified mode [ 'actual/set/index.js', 420, 438 ]
28431 silly gunzTarPerm extractEntry actual/string/index.js
28432 silly gunzTarPerm modified mode [ 'actual/string/index.js', 420, 438 ]
28433 silly gunzTarPerm extractEntry actual/string/virtual/index.js
28434 silly gunzTarPerm modified mode [ 'actual/string/virtual/index.js', 420, 438 ]
28435 silly gunzTarPerm extractEntry actual/symbol/index.js
28436 silly gunzTarPerm modified mode [ 'actual/symbol/index.js', 420, 438 ]
28437 silly gunzTarPerm extractEntry actual/typed-array/index.js
28438 silly gunzTarPerm modified mode [ 'actual/typed-array/index.js', 420, 438 ]
28439 silly gunzTarPerm extractEntry actual/url-search-params/index.js
28440 silly gunzTarPerm modified mode [ 'actual/url-search-params/index.js', 420, 438 ]
28441 silly gunzTarPerm extractEntry actual/url/index.js
28442 silly gunzTarPerm modified mode [ 'actual/url/index.js', 420, 438 ]
28443 silly gunzTarPerm extractEntry actual/weak-map/index.js
28444 silly gunzTarPerm modified mode [ 'actual/weak-map/index.js', 420, 438 ]
28445 silly gunzTarPerm extractEntry actual/weak-set/index.js
28446 silly gunzTarPerm modified mode [ 'actual/weak-set/index.js', 420, 438 ]
28447 silly gunzTarPerm extractEntry es/array-buffer/index.js
28448 silly gunzTarPerm modified mode [ 'es/array-buffer/index.js', 420, 438 ]
28449 silly gunzTarPerm extractEntry es/array/index.js
28450 silly gunzTarPerm modified mode [ 'es/array/index.js', 420, 438 ]
28451 silly gunzTarPerm extractEntry es/array/virtual/index.js
28452 silly gunzTarPerm modified mode [ 'es/array/virtual/index.js', 420, 438 ]
28453 silly gunzTarPerm extractEntry es/async-disposable-stack/index.js
28454 silly gunzTarPerm modified mode [ 'es/async-disposable-stack/index.js', 420, 438 ]
28455 silly gunzTarPerm extractEntry es/async-iterator/index.js
28456 silly gunzTarPerm modified mode [ 'es/async-iterator/index.js', 420, 438 ]
28457 silly gunzTarPerm extractEntry es/data-view/index.js
28458 silly gunzTarPerm modified mode [ 'es/data-view/index.js', 420, 438 ]
28459 silly gunzTarPerm extractEntry es/date/index.js
28460 silly gunzTarPerm modified mode [ 'es/date/index.js', 420, 438 ]
28461 silly gunzTarPerm extractEntry es/disposable-stack/index.js
28462 silly gunzTarPerm modified mode [ 'es/disposable-stack/index.js', 420, 438 ]
28463 silly gunzTarPerm extractEntry es/error/index.js
28464 silly gunzTarPerm modified mode [ 'es/error/index.js', 420, 438 ]
28465 silly gunzTarPerm extractEntry es/function/index.js
28466 silly gunzTarPerm modified mode [ 'es/function/index.js', 420, 438 ]
28467 silly gunzTarPerm extractEntry es/function/virtual/index.js
28468 silly gunzTarPerm modified mode [ 'es/function/virtual/index.js', 420, 438 ]
28469 silly gunzTarPerm extractEntry es/index.js
28470 silly gunzTarPerm modified mode [ 'es/index.js', 420, 438 ]
28471 silly gunzTarPerm extractEntry es/iterator/index.js
28472 silly gunzTarPerm modified mode [ 'es/iterator/index.js', 420, 438 ]
28473 silly gunzTarPerm extractEntry es/json/index.js
28474 silly gunzTarPerm modified mode [ 'es/json/index.js', 420, 438 ]
28475 silly gunzTarPerm extractEntry es/map/index.js
28476 silly gunzTarPerm modified mode [ 'es/map/index.js', 420, 438 ]
28477 silly gunzTarPerm extractEntry es/math/index.js
28478 silly gunzTarPerm modified mode [ 'es/math/index.js', 420, 438 ]
28479 silly gunzTarPerm extractEntry es/number/index.js
28480 silly gunzTarPerm modified mode [ 'es/number/index.js', 420, 438 ]
28481 silly gunzTarPerm extractEntry es/number/virtual/index.js
28482 silly gunzTarPerm modified mode [ 'es/number/virtual/index.js', 420, 438 ]
28483 silly gunzTarPerm extractEntry es/object/index.js
28484 silly gunzTarPerm modified mode [ 'es/object/index.js', 420, 438 ]
28485 silly gunzTarPerm extractEntry es/promise/index.js
28486 silly gunzTarPerm modified mode [ 'es/promise/index.js', 420, 438 ]
28487 silly gunzTarPerm extractEntry es/reflect/index.js
28488 silly gunzTarPerm modified mode [ 'es/reflect/index.js', 420, 438 ]
28489 silly gunzTarPerm extractEntry es/regexp/index.js
28490 silly gunzTarPerm modified mode [ 'es/regexp/index.js', 420, 438 ]
28491 silly gunzTarPerm extractEntry es/set/index.js
28492 silly gunzTarPerm modified mode [ 'es/set/index.js', 420, 438 ]
28493 silly gunzTarPerm extractEntry es/string/index.js
28494 silly gunzTarPerm modified mode [ 'es/string/index.js', 420, 438 ]
28495 silly gunzTarPerm extractEntry es/string/virtual/index.js
28496 silly gunzTarPerm modified mode [ 'es/string/virtual/index.js', 420, 438 ]
28497 silly gunzTarPerm extractEntry es/symbol/index.js
28498 silly gunzTarPerm modified mode [ 'es/symbol/index.js', 420, 438 ]
28499 silly gunzTarPerm extractEntry es/typed-array/index.js
28500 silly gunzTarPerm modified mode [ 'es/typed-array/index.js', 420, 438 ]
28501 silly gunzTarPerm extractEntry es/weak-map/index.js
28502 silly gunzTarPerm modified mode [ 'es/weak-map/index.js', 420, 438 ]
28503 silly gunzTarPerm extractEntry es/weak-set/index.js
28504 silly gunzTarPerm modified mode [ 'es/weak-set/index.js', 420, 438 ]
28505 silly gunzTarPerm extractEntry features/array-buffer/index.js
28506 silly gunzTarPerm modified mode [ 'features/array-buffer/index.js', 420, 438 ]
28507 silly gunzTarPerm extractEntry features/array/index.js
28508 silly gunzTarPerm modified mode [ 'features/array/index.js', 420, 438 ]
28509 silly gunzTarPerm extractEntry features/array/virtual/index.js
28510 silly gunzTarPerm modified mode [ 'features/array/virtual/index.js', 420, 438 ]
28511 silly gunzTarPerm extractEntry features/async-disposable-stack/index.js
28512 silly gunzTarPerm modified mode [ 'features/async-disposable-stack/index.js', 420, 438 ]
28513 silly gunzTarPerm extractEntry features/async-iterator/index.js
28514 silly gunzTarPerm modified mode [ 'features/async-iterator/index.js', 420, 438 ]
28515 silly gunzTarPerm extractEntry features/bigint/index.js
28516 silly gunzTarPerm modified mode [ 'features/bigint/index.js', 420, 438 ]
28517 silly gunzTarPerm extractEntry features/data-view/index.js
28518 silly gunzTarPerm modified mode [ 'features/data-view/index.js', 420, 438 ]
28519 silly gunzTarPerm extractEntry features/date/index.js
28520 silly gunzTarPerm modified mode [ 'features/date/index.js', 420, 438 ]
28521 silly gunzTarPerm extractEntry features/disposable-stack/index.js
28522 silly gunzTarPerm modified mode [ 'features/disposable-stack/index.js', 420, 438 ]
28523 silly gunzTarPerm extractEntry features/dom-collections/index.js
28524 silly gunzTarPerm modified mode [ 'features/dom-collections/index.js', 420, 438 ]
28525 silly gunzTarPerm extractEntry features/dom-exception/index.js
28526 silly gunzTarPerm modified mode [ 'features/dom-exception/index.js', 420, 438 ]
28527 silly gunzTarPerm extractEntry features/error/index.js
28528 silly gunzTarPerm modified mode [ 'features/error/index.js', 420, 438 ]
28529 silly gunzTarPerm extractEntry features/function/index.js
28530 silly gunzTarPerm modified mode [ 'features/function/index.js', 420, 438 ]
28531 silly gunzTarPerm extractEntry features/function/virtual/index.js
28532 silly gunzTarPerm modified mode [ 'features/function/virtual/index.js', 420, 438 ]
28533 silly gunzTarPerm extractEntry features/index.js
28534 silly gunzTarPerm modified mode [ 'features/index.js', 420, 438 ]
28535 silly gunzTarPerm extractEntry features/iterator/index.js
28536 silly gunzTarPerm modified mode [ 'features/iterator/index.js', 420, 438 ]
28537 silly gunzTarPerm extractEntry features/json/index.js
28538 silly gunzTarPerm modified mode [ 'features/json/index.js', 420, 438 ]
28539 silly gunzTarPerm extractEntry features/map/index.js
28540 silly gunzTarPerm modified mode [ 'features/map/index.js', 420, 438 ]
28541 silly gunzTarPerm extractEntry features/math/index.js
28542 silly gunzTarPerm modified mode [ 'features/math/index.js', 420, 438 ]
28543 silly gunzTarPerm extractEntry features/number/index.js
28544 silly gunzTarPerm modified mode [ 'features/number/index.js', 420, 438 ]
28545 silly gunzTarPerm extractEntry features/number/virtual/index.js
28546 silly gunzTarPerm modified mode [ 'features/number/virtual/index.js', 420, 438 ]
28547 silly gunzTarPerm extractEntry features/object/index.js
28548 silly gunzTarPerm modified mode [ 'features/object/index.js', 420, 438 ]
28549 silly gunzTarPerm extractEntry features/observable/index.js
28550 silly gunzTarPerm modified mode [ 'features/observable/index.js', 420, 438 ]
28551 silly gunzTarPerm extractEntry features/promise/index.js
28552 silly gunzTarPerm modified mode [ 'features/promise/index.js', 420, 438 ]
28553 silly gunzTarPerm extractEntry features/reflect/index.js
28554 silly gunzTarPerm modified mode [ 'features/reflect/index.js', 420, 438 ]
28555 silly gunzTarPerm extractEntry features/regexp/index.js
28556 silly gunzTarPerm modified mode [ 'features/regexp/index.js', 420, 438 ]
28557 silly gunzTarPerm extractEntry features/set/index.js
28558 silly gunzTarPerm modified mode [ 'features/set/index.js', 420, 438 ]
28559 silly gunzTarPerm extractEntry features/string/index.js
28560 silly gunzTarPerm modified mode [ 'features/string/index.js', 420, 438 ]
28561 silly gunzTarPerm extractEntry features/string/virtual/index.js
28562 silly gunzTarPerm modified mode [ 'features/string/virtual/index.js', 420, 438 ]
28563 silly gunzTarPerm extractEntry features/symbol/index.js
28564 silly gunzTarPerm modified mode [ 'features/symbol/index.js', 420, 438 ]
28565 silly gunzTarPerm extractEntry features/typed-array/index.js
28566 silly gunzTarPerm modified mode [ 'features/typed-array/index.js', 420, 438 ]
28567 silly gunzTarPerm extractEntry features/url-search-params/index.js
28568 silly gunzTarPerm modified mode [ 'features/url-search-params/index.js', 420, 438 ]
28569 silly gunzTarPerm extractEntry features/url/index.js
28570 silly gunzTarPerm modified mode [ 'features/url/index.js', 420, 438 ]
28571 silly gunzTarPerm extractEntry features/weak-map/index.js
28572 silly gunzTarPerm modified mode [ 'features/weak-map/index.js', 420, 438 ]
28573 silly gunzTarPerm extractEntry features/weak-set/index.js
28574 silly gunzTarPerm modified mode [ 'features/weak-set/index.js', 420, 438 ]
28575 silly gunzTarPerm extractEntry full/array-buffer/index.js
28576 silly gunzTarPerm modified mode [ 'full/array-buffer/index.js', 420, 438 ]
28577 silly gunzTarPerm extractEntry full/array/index.js
28578 silly gunzTarPerm modified mode [ 'full/array/index.js', 420, 438 ]
28579 silly gunzTarPerm extractEntry full/array/virtual/index.js
28580 silly gunzTarPerm modified mode [ 'full/array/virtual/index.js', 420, 438 ]
28581 silly gunzTarPerm extractEntry full/async-disposable-stack/index.js
28582 silly gunzTarPerm modified mode [ 'full/async-disposable-stack/index.js', 420, 438 ]
28583 silly gunzTarPerm extractEntry full/async-iterator/index.js
28584 silly gunzTarPerm modified mode [ 'full/async-iterator/index.js', 420, 438 ]
28585 silly gunzTarPerm extractEntry full/bigint/index.js
28586 silly gunzTarPerm modified mode [ 'full/bigint/index.js', 420, 438 ]
28587 silly gunzTarPerm extractEntry full/data-view/index.js
28588 silly gunzTarPerm modified mode [ 'full/data-view/index.js', 420, 438 ]
28589 silly gunzTarPerm extractEntry full/date/index.js
28590 silly gunzTarPerm modified mode [ 'full/date/index.js', 420, 438 ]
28591 silly gunzTarPerm extractEntry full/disposable-stack/index.js
28592 silly gunzTarPerm modified mode [ 'full/disposable-stack/index.js', 420, 438 ]
28593 silly gunzTarPerm extractEntry full/dom-collections/index.js
28594 silly gunzTarPerm modified mode [ 'full/dom-collections/index.js', 420, 438 ]
28595 silly gunzTarPerm extractEntry full/dom-exception/index.js
28596 silly gunzTarPerm modified mode [ 'full/dom-exception/index.js', 420, 438 ]
28597 silly gunzTarPerm extractEntry full/error/index.js
28598 silly gunzTarPerm modified mode [ 'full/error/index.js', 420, 438 ]
28599 silly gunzTarPerm extractEntry full/function/index.js
28600 silly gunzTarPerm modified mode [ 'full/function/index.js', 420, 438 ]
28601 silly gunzTarPerm extractEntry full/function/virtual/index.js
28602 silly gunzTarPerm modified mode [ 'full/function/virtual/index.js', 420, 438 ]
28603 silly gunzTarPerm extractEntry full/index.js
28604 silly gunzTarPerm modified mode [ 'full/index.js', 420, 438 ]
28605 silly gunzTarPerm extractEntry full/iterator/index.js
28606 silly gunzTarPerm modified mode [ 'full/iterator/index.js', 420, 438 ]
28607 silly gunzTarPerm extractEntry full/json/index.js
28608 silly gunzTarPerm modified mode [ 'full/json/index.js', 420, 438 ]
28609 silly gunzTarPerm extractEntry full/map/index.js
28610 silly gunzTarPerm modified mode [ 'full/map/index.js', 420, 438 ]
28611 silly gunzTarPerm extractEntry full/math/index.js
28612 silly gunzTarPerm modified mode [ 'full/math/index.js', 420, 438 ]
28613 silly gunzTarPerm extractEntry full/number/index.js
28614 silly gunzTarPerm modified mode [ 'full/number/index.js', 420, 438 ]
28615 silly gunzTarPerm extractEntry full/number/virtual/index.js
28616 silly gunzTarPerm modified mode [ 'full/number/virtual/index.js', 420, 438 ]
28617 silly gunzTarPerm extractEntry full/object/index.js
28618 silly gunzTarPerm modified mode [ 'full/object/index.js', 420, 438 ]
28619 silly gunzTarPerm extractEntry full/observable/index.js
28620 silly gunzTarPerm modified mode [ 'full/observable/index.js', 420, 438 ]
28621 silly gunzTarPerm extractEntry full/promise/index.js
28622 silly gunzTarPerm modified mode [ 'full/promise/index.js', 420, 438 ]
28623 silly gunzTarPerm extractEntry full/reflect/index.js
28624 silly gunzTarPerm modified mode [ 'full/reflect/index.js', 420, 438 ]
28625 silly gunzTarPerm extractEntry full/regexp/index.js
28626 silly gunzTarPerm modified mode [ 'full/regexp/index.js', 420, 438 ]
28627 silly gunzTarPerm extractEntry full/set/index.js
28628 silly gunzTarPerm modified mode [ 'full/set/index.js', 420, 438 ]
28629 silly gunzTarPerm extractEntry full/string/index.js
28630 silly gunzTarPerm modified mode [ 'full/string/index.js', 420, 438 ]
28631 silly gunzTarPerm extractEntry full/string/virtual/index.js
28632 silly gunzTarPerm modified mode [ 'full/string/virtual/index.js', 420, 438 ]
28633 silly gunzTarPerm extractEntry full/symbol/index.js
28634 silly gunzTarPerm modified mode [ 'full/symbol/index.js', 420, 438 ]
28635 silly gunzTarPerm extractEntry full/typed-array/index.js
28636 silly gunzTarPerm modified mode [ 'full/typed-array/index.js', 420, 438 ]
28637 silly gunzTarPerm extractEntry full/url-search-params/index.js
28638 silly gunzTarPerm modified mode [ 'full/url-search-params/index.js', 420, 438 ]
28639 silly gunzTarPerm extractEntry full/url/index.js
28640 silly gunzTarPerm modified mode [ 'full/url/index.js', 420, 438 ]
28641 silly gunzTarPerm extractEntry full/weak-map/index.js
28642 silly gunzTarPerm modified mode [ 'full/weak-map/index.js', 420, 438 ]
28643 silly gunzTarPerm extractEntry full/weak-set/index.js
28644 silly gunzTarPerm modified mode [ 'full/weak-set/index.js', 420, 438 ]
28645 silly gunzTarPerm extractEntry index.js
28646 silly gunzTarPerm modified mode [ 'index.js', 420, 438 ]
28647 silly gunzTarPerm extractEntry proposals/index.js
28648 silly gunzTarPerm modified mode [ 'proposals/index.js', 420, 438 ]
28649 silly gunzTarPerm extractEntry stable/array-buffer/index.js
28650 silly gunzTarPerm modified mode [ 'stable/array-buffer/index.js', 420, 438 ]
28651 silly gunzTarPerm extractEntry stable/array/index.js
28652 silly gunzTarPerm modified mode [ 'stable/array/index.js', 420, 438 ]
28653 silly gunzTarPerm extractEntry stable/array/virtual/index.js
28654 silly gunzTarPerm modified mode [ 'stable/array/virtual/index.js', 420, 438 ]
28655 silly gunzTarPerm extractEntry stable/async-disposable-stack/index.js
28656 silly gunzTarPerm modified mode [ 'stable/async-disposable-stack/index.js', 420, 438 ]
28657 silly gunzTarPerm extractEntry stable/async-iterator/index.js
28658 silly gunzTarPerm modified mode [ 'stable/async-iterator/index.js', 420, 438 ]
28659 silly gunzTarPerm extractEntry stable/data-view/index.js
28660 silly gunzTarPerm modified mode [ 'stable/data-view/index.js', 420, 438 ]
28661 silly gunzTarPerm extractEntry stable/date/index.js
28662 silly gunzTarPerm modified mode [ 'stable/date/index.js', 420, 438 ]
28663 silly gunzTarPerm extractEntry stable/disposable-stack/index.js
28664 silly gunzTarPerm modified mode [ 'stable/disposable-stack/index.js', 420, 438 ]
28665 silly gunzTarPerm extractEntry stable/dom-collections/index.js
28666 silly gunzTarPerm modified mode [ 'stable/dom-collections/index.js', 420, 438 ]
28667 silly gunzTarPerm extractEntry stable/dom-exception/index.js
28668 silly gunzTarPerm modified mode [ 'stable/dom-exception/index.js', 420, 438 ]
28669 silly gunzTarPerm extractEntry stable/error/index.js
28670 silly gunzTarPerm modified mode [ 'stable/error/index.js', 420, 438 ]
28671 silly gunzTarPerm extractEntry stable/function/index.js
28672 silly gunzTarPerm modified mode [ 'stable/function/index.js', 420, 438 ]
28673 silly gunzTarPerm extractEntry stable/function/virtual/index.js
28674 silly gunzTarPerm modified mode [ 'stable/function/virtual/index.js', 420, 438 ]
28675 silly gunzTarPerm extractEntry stable/index.js
28676 silly gunzTarPerm modified mode [ 'stable/index.js', 420, 438 ]
28677 silly gunzTarPerm extractEntry stable/iterator/index.js
28678 silly gunzTarPerm modified mode [ 'stable/iterator/index.js', 420, 438 ]
28679 silly gunzTarPerm extractEntry stable/json/index.js
28680 silly gunzTarPerm modified mode [ 'stable/json/index.js', 420, 438 ]
28681 silly gunzTarPerm extractEntry stable/map/index.js
28682 silly gunzTarPerm modified mode [ 'stable/map/index.js', 420, 438 ]
28683 silly gunzTarPerm extractEntry stable/math/index.js
28684 silly gunzTarPerm modified mode [ 'stable/math/index.js', 420, 438 ]
28685 silly gunzTarPerm extractEntry stable/number/index.js
28686 silly gunzTarPerm modified mode [ 'stable/number/index.js', 420, 438 ]
28687 silly gunzTarPerm extractEntry stable/number/virtual/index.js
28688 silly gunzTarPerm modified mode [ 'stable/number/virtual/index.js', 420, 438 ]
28689 silly gunzTarPerm extractEntry stable/object/index.js
28690 silly gunzTarPerm modified mode [ 'stable/object/index.js', 420, 438 ]
28691 silly gunzTarPerm extractEntry stable/promise/index.js
28692 silly gunzTarPerm modified mode [ 'stable/promise/index.js', 420, 438 ]
28693 silly gunzTarPerm extractEntry stable/reflect/index.js
28694 silly gunzTarPerm modified mode [ 'stable/reflect/index.js', 420, 438 ]
28695 silly gunzTarPerm extractEntry stable/regexp/index.js
28696 silly gunzTarPerm modified mode [ 'stable/regexp/index.js', 420, 438 ]
28697 silly gunzTarPerm extractEntry stable/set/index.js
28698 silly gunzTarPerm modified mode [ 'stable/set/index.js', 420, 438 ]
28699 silly gunzTarPerm extractEntry stable/string/index.js
28700 silly gunzTarPerm modified mode [ 'stable/string/index.js', 420, 438 ]
28701 silly gunzTarPerm extractEntry stable/string/virtual/index.js
28702 silly gunzTarPerm modified mode [ 'stable/string/virtual/index.js', 420, 438 ]
28703 silly gunzTarPerm extractEntry stable/symbol/index.js
28704 silly gunzTarPerm modified mode [ 'stable/symbol/index.js', 420, 438 ]
28705 silly gunzTarPerm extractEntry stable/typed-array/index.js
28706 silly gunzTarPerm modified mode [ 'stable/typed-array/index.js', 420, 438 ]
28707 silly gunzTarPerm extractEntry stable/url-search-params/index.js
28708 silly gunzTarPerm modified mode [ 'stable/url-search-params/index.js', 420, 438 ]
28709 silly gunzTarPerm extractEntry stable/url/index.js
28710 silly gunzTarPerm modified mode [ 'stable/url/index.js', 420, 438 ]
28711 silly gunzTarPerm extractEntry stable/weak-map/index.js
28712 silly gunzTarPerm modified mode [ 'stable/weak-map/index.js', 420, 438 ]
28713 silly gunzTarPerm extractEntry stable/weak-set/index.js
28714 silly gunzTarPerm modified mode [ 'stable/weak-set/index.js', 420, 438 ]
28715 silly gunzTarPerm extractEntry stage/index.js
28716 silly gunzTarPerm modified mode [ 'stage/index.js', 420, 438 ]
28717 silly gunzTarPerm extractEntry web/index.js
28718 silly gunzTarPerm modified mode [ 'web/index.js', 420, 438 ]
28719 silly gunzTarPerm extractEntry internals/indexed-object.js
28720 silly gunzTarPerm modified mode [ 'internals/indexed-object.js', 420, 438 ]
28721 silly gunzTarPerm extractEntry features/async-iterator/indexed.js
28722 silly gunzTarPerm modified mode [ 'features/async-iterator/indexed.js', 420, 438 ]
28723 silly gunzTarPerm extractEntry features/iterator/indexed.js
28724 silly gunzTarPerm modified mode [ 'features/iterator/indexed.js', 420, 438 ]
28725 silly gunzTarPerm extractEntry full/async-iterator/indexed.js
28726 silly gunzTarPerm modified mode [ 'full/async-iterator/indexed.js', 420, 438 ]
28727 silly gunzTarPerm extractEntry full/iterator/indexed.js
28728 silly gunzTarPerm modified mode [ 'full/iterator/indexed.js', 420, 438 ]
28729 silly gunzTarPerm extractEntry internals/inherit-if-required.js
28730 silly gunzTarPerm modified mode [ 'internals/inherit-if-required.js', 420, 438 ]
28731 silly gunzTarPerm extractEntry internals/inspect-source.js
28732 silly gunzTarPerm modified mode [ 'internals/inspect-source.js', 420, 438 ]
28733 silly gunzTarPerm extractEntry internals/install-error-cause.js
28734 silly gunzTarPerm modified mode [ 'internals/install-error-cause.js', 420, 438 ]
28735 silly gunzTarPerm extractEntry actual/typed-array/int16-array.js
28736 silly gunzTarPerm modified mode [ 'actual/typed-array/int16-array.js', 420, 438 ]
28737 silly gunzTarPerm extractEntry es/typed-array/int16-array.js
28738 silly gunzTarPerm modified mode [ 'es/typed-array/int16-array.js', 420, 438 ]
28739 silly gunzTarPerm extractEntry features/typed-array/int16-array.js
28740 silly gunzTarPerm modified mode [ 'features/typed-array/int16-array.js', 420, 438 ]
28741 silly gunzTarPerm extractEntry full/typed-array/int16-array.js
28742 silly gunzTarPerm modified mode [ 'full/typed-array/int16-array.js', 420, 438 ]
28743 silly gunzTarPerm extractEntry stable/typed-array/int16-array.js
28744 silly gunzTarPerm modified mode [ 'stable/typed-array/int16-array.js', 420, 438 ]
28745 silly gunzTarPerm extractEntry actual/typed-array/int32-array.js
28746 silly gunzTarPerm modified mode [ 'actual/typed-array/int32-array.js', 420, 438 ]
28747 silly gunzTarPerm extractEntry es/typed-array/int32-array.js
28748 silly gunzTarPerm modified mode [ 'es/typed-array/int32-array.js', 420, 438 ]
28749 silly gunzTarPerm extractEntry features/typed-array/int32-array.js
28750 silly gunzTarPerm modified mode [ 'features/typed-array/int32-array.js', 420, 438 ]
28751 silly gunzTarPerm extractEntry full/typed-array/int32-array.js
28752 silly gunzTarPerm modified mode [ 'full/typed-array/int32-array.js', 420, 438 ]
28753 silly gunzTarPerm extractEntry stable/typed-array/int32-array.js
28754 silly gunzTarPerm modified mode [ 'stable/typed-array/int32-array.js', 420, 438 ]
28755 silly gunzTarPerm extractEntry actual/typed-array/int8-array.js
28756 silly gunzTarPerm modified mode [ 'actual/typed-array/int8-array.js', 420, 438 ]
28757 silly gunzTarPerm extractEntry es/typed-array/int8-array.js
28758 silly gunzTarPerm modified mode [ 'es/typed-array/int8-array.js', 420, 438 ]
28759 silly gunzTarPerm extractEntry features/typed-array/int8-array.js
28760 silly gunzTarPerm modified mode [ 'features/typed-array/int8-array.js', 420, 438 ]
28761 silly gunzTarPerm extractEntry full/typed-array/int8-array.js
28762 silly gunzTarPerm modified mode [ 'full/typed-array/int8-array.js', 420, 438 ]
28763 silly gunzTarPerm extractEntry stable/typed-array/int8-array.js
28764 silly gunzTarPerm modified mode [ 'stable/typed-array/int8-array.js', 420, 438 ]
28765 silly gunzTarPerm extractEntry internals/internal-metadata.js
28766 silly gunzTarPerm modified mode [ 'internals/internal-metadata.js', 420, 438 ]
28767 silly gunzTarPerm extractEntry internals/internal-state.js
28768 silly gunzTarPerm modified mode [ 'internals/internal-state.js', 420, 438 ]
28769 silly gunzTarPerm extractEntry actual/set/intersection.js
28770 silly gunzTarPerm modified mode [ 'actual/set/intersection.js', 420, 438 ]
28771 silly gunzTarPerm extractEntry es/set/intersection.js
28772 silly gunzTarPerm modified mode [ 'es/set/intersection.js', 420, 438 ]
28773 silly gunzTarPerm extractEntry features/set/intersection.js
28774 silly gunzTarPerm modified mode [ 'features/set/intersection.js', 420, 438 ]
28775 silly gunzTarPerm extractEntry full/set/intersection.js
28776 silly gunzTarPerm modified mode [ 'full/set/intersection.js', 420, 438 ]
28777 silly gunzTarPerm extractEntry stable/set/intersection.js
28778 silly gunzTarPerm modified mode [ 'stable/set/intersection.js', 420, 438 ]
28779 silly gunzTarPerm extractEntry internals/is-array-iterator-method.js
28780 silly gunzTarPerm modified mode [ 'internals/is-array-iterator-method.js', 420, 438 ]
28781 silly gunzTarPerm extractEntry actual/array/is-array.js
28782 silly gunzTarPerm modified mode [ 'actual/array/is-array.js', 420, 438 ]
28783 silly gunzTarPerm extractEntry es/array/is-array.js
28784 silly gunzTarPerm modified mode [ 'es/array/is-array.js', 420, 438 ]
28785 silly gunzTarPerm extractEntry features/array/is-array.js
28786 silly gunzTarPerm modified mode [ 'features/array/is-array.js', 420, 438 ]
28787 silly gunzTarPerm extractEntry full/array/is-array.js
28788 silly gunzTarPerm modified mode [ 'full/array/is-array.js', 420, 438 ]
28789 silly gunzTarPerm extractEntry internals/is-array.js
28790 silly gunzTarPerm modified mode [ 'internals/is-array.js', 420, 438 ]
28791 silly gunzTarPerm extractEntry stable/array/is-array.js
28792 silly gunzTarPerm modified mode [ 'stable/array/is-array.js', 420, 438 ]
28793 silly gunzTarPerm extractEntry internals/is-big-int-array.js
28794 silly gunzTarPerm modified mode [ 'internals/is-big-int-array.js', 420, 438 ]
28795 silly gunzTarPerm extractEntry features/function/is-callable.js
28796 silly gunzTarPerm modified mode [ 'features/function/is-callable.js', 420, 438 ]
28797 silly gunzTarPerm extractEntry full/function/is-callable.js
28798 silly gunzTarPerm modified mode [ 'full/function/is-callable.js', 420, 438 ]
28799 silly gunzTarPerm extractEntry internals/is-callable.js
28800 silly gunzTarPerm modified mode [ 'internals/is-callable.js', 420, 438 ]
28801 silly gunzTarPerm extractEntry actual/symbol/is-concat-spreadable.js
28802 silly gunzTarPerm modified mode [ 'actual/symbol/is-concat-spreadable.js', 420, 438 ]
28803 silly gunzTarPerm extractEntry es/symbol/is-concat-spreadable.js
28804 silly gunzTarPerm modified mode [ 'es/symbol/is-concat-spreadable.js', 420, 438 ]
28805 silly gunzTarPerm extractEntry features/symbol/is-concat-spreadable.js
28806 silly gunzTarPerm modified mode [ 'features/symbol/is-concat-spreadable.js', 420, 438 ]
28807 silly gunzTarPerm extractEntry full/symbol/is-concat-spreadable.js
28808 silly gunzTarPerm modified mode [ 'full/symbol/is-concat-spreadable.js', 420, 438 ]
28809 silly gunzTarPerm extractEntry stable/symbol/is-concat-spreadable.js
28810 silly gunzTarPerm modified mode [ 'stable/symbol/is-concat-spreadable.js', 420, 438 ]
28811 silly gunzTarPerm extractEntry features/function/is-constructor.js
28812 silly gunzTarPerm modified mode [ 'features/function/is-constructor.js', 420, 438 ]
28813 silly gunzTarPerm extractEntry full/function/is-constructor.js
28814 silly gunzTarPerm modified mode [ 'full/function/is-constructor.js', 420, 438 ]
28815 silly gunzTarPerm extractEntry internals/is-constructor.js
28816 silly gunzTarPerm modified mode [ 'internals/is-constructor.js', 420, 438 ]
28817 silly gunzTarPerm extractEntry internals/is-data-descriptor.js
28818 silly gunzTarPerm modified mode [ 'internals/is-data-descriptor.js', 420, 438 ]
28819 silly gunzTarPerm extractEntry actual/set/is-disjoint-from.js
28820 silly gunzTarPerm modified mode [ 'actual/set/is-disjoint-from.js', 420, 438 ]
28821 silly gunzTarPerm extractEntry es/set/is-disjoint-from.js
28822 silly gunzTarPerm modified mode [ 'es/set/is-disjoint-from.js', 420, 438 ]
28823 silly gunzTarPerm extractEntry features/set/is-disjoint-from.js
28824 silly gunzTarPerm modified mode [ 'features/set/is-disjoint-from.js', 420, 438 ]
28825 silly gunzTarPerm extractEntry full/set/is-disjoint-from.js
28826 silly gunzTarPerm modified mode [ 'full/set/is-disjoint-from.js', 420, 438 ]
28827 silly gunzTarPerm extractEntry stable/set/is-disjoint-from.js
28828 silly gunzTarPerm modified mode [ 'stable/set/is-disjoint-from.js', 420, 438 ]
28829 silly gunzTarPerm extractEntry actual/error/is-error.js
28830 silly gunzTarPerm modified mode [ 'actual/error/is-error.js', 420, 438 ]
28831 silly gunzTarPerm extractEntry es/error/is-error.js
28832 silly gunzTarPerm modified mode [ 'es/error/is-error.js', 420, 438 ]
28833 silly gunzTarPerm extractEntry features/error/is-error.js
28834 silly gunzTarPerm modified mode [ 'features/error/is-error.js', 420, 438 ]
28835 http 304 https://registry.npmjs.org/text-segmentation
28836 silly get cb [ 304,
28836 silly get   { date: 'Tue, 21 Apr 2026 16:27:36 GMT',
28836 silly get     connection: 'keep-alive',
28836 silly get     'set-cookie': [ '_cfuvid=KCnqg6CJSxS7FpODEliNi3Th3X23DAqs188Er1J.6Es-1776788856.7128088-1.0.1.1-bH8V3SgHMYvtZDIrlnt2ewXi3JnAqiL4x.J3SBbAHn0; HttpOnly; SameSite=None; Secure; Path=/; Domain=npmjs.org' ],
28836 silly get     'cf-ray': '9efdc1d279c7b643-SAP',
28836 silly get     'cf-cache-status': 'HIT',
28836 silly get     'access-control-allow-origin': '*',
28836 silly get     'cache-control': 'public, max-age=300',
28836 silly get     etag: '"54de58a01ad7b9ec87874ae94fb48690"',
28836 silly get     'last-modified': 'Sat, 21 May 2022 16:09:44 GMT',
28836 silly get     server: 'cloudflare',
28836 silly get     vary: 'Accept-Encoding' } ]
28837 verbose etag https://registry.npmjs.org/text-segmentation from cache
28838 verbose get saving text-segmentation to C:\Users\Carlos García\AppData\Roaming\npm-cache\registry.npmjs.org\text-segmentation\.cache.json
28839 silly gunzTarPerm extractEntry full/error/is-error.js
28840 silly gunzTarPerm modified mode [ 'full/error/is-error.js', 420, 438 ]
28841 silly gunzTarPerm extractEntry proposals/is-error.js
28842 silly gunzTarPerm modified mode [ 'proposals/is-error.js', 420, 438 ]
28843 http 304 https://registry.npmjs.org/css-line-break
28844 silly get cb [ 304,
28844 silly get   { date: 'Tue, 21 Apr 2026 16:27:36 GMT',
28844 silly get     connection: 'keep-alive',
28844 silly get     'set-cookie': [ '_cfuvid=EuRqINURsSLEhagT7PGhnyLeBWb7FlUOOvojMq_p1DI-1776788856.7147892-1.0.1.1-TzReoNgieqmGH50hBu9pzRaHipWI_n6p8pTvs5OlrdA; HttpOnly; SameSite=None; Secure; Path=/; Domain=npmjs.org' ],
28844 silly get     'cf-ray': '9efdc1d278111f85-SAP',
28844 silly get     'cf-cache-status': 'HIT',
28844 silly get     'access-control-allow-origin': '*',
28844 silly get     'cache-control': 'public, max-age=300',
28844 silly get     etag: '"c5fdc550294228fb2c97c41e70fd3442"',
28844 silly get     'last-modified': 'Tue, 14 Jun 2022 04:40:25 GMT',
28844 silly get     server: 'cloudflare',
28844 silly get     vary: 'Accept-Encoding' } ]
28845 verbose etag https://registry.npmjs.org/css-line-break from cache
28846 verbose get saving css-line-break to C:\Users\Carlos García\AppData\Roaming\npm-cache\registry.npmjs.org\css-line-break\.cache.json
28847 silly gunzTarPerm extractEntry stable/error/is-error.js
28848 silly gunzTarPerm modified mode [ 'stable/error/is-error.js', 420, 438 ]
28849 silly gunzTarPerm extractEntry actual/object/is-extensible.js
28850 silly gunzTarPerm modified mode [ 'actual/object/is-extensible.js', 420, 438 ]
28851 silly gunzTarPerm extractEntry actual/reflect/is-extensible.js
28852 silly gunzTarPerm modified mode [ 'actual/reflect/is-extensible.js', 420, 438 ]
28853 silly gunzTarPerm extractEntry es/object/is-extensible.js
28854 silly gunzTarPerm modified mode [ 'es/object/is-extensible.js', 420, 438 ]
28855 silly gunzTarPerm extractEntry es/reflect/is-extensible.js
28856 silly gunzTarPerm modified mode [ 'es/reflect/is-extensible.js', 420, 438 ]
28857 silly gunzTarPerm extractEntry features/object/is-extensible.js
28858 silly gunzTarPerm modified mode [ 'features/object/is-extensible.js', 420, 438 ]
28859 silly gunzTarPerm extractEntry features/reflect/is-extensible.js
28860 silly gunzTarPerm modified mode [ 'features/reflect/is-extensible.js', 420, 438 ]
28861 silly gunzTarPerm extractEntry full/object/is-extensible.js
28862 silly gunzTarPerm modified mode [ 'full/object/is-extensible.js', 420, 438 ]
28863 silly gunzTarPerm extractEntry full/reflect/is-extensible.js
28864 silly gunzTarPerm modified mode [ 'full/reflect/is-extensible.js', 420, 438 ]
28865 silly gunzTarPerm extractEntry stable/object/is-extensible.js
28866 silly gunzTarPerm modified mode [ 'stable/object/is-extensible.js', 420, 438 ]
28867 silly gunzTarPerm extractEntry stable/reflect/is-extensible.js
28868 silly gunzTarPerm modified mode [ 'stable/reflect/is-extensible.js', 420, 438 ]
28869 silly gunzTarPerm extractEntry actual/number/is-finite.js
28870 silly gunzTarPerm modified mode [ 'actual/number/is-finite.js', 420, 438 ]
28871 silly gunzTarPerm extractEntry es/number/is-finite.js
28872 silly gunzTarPerm modified mode [ 'es/number/is-finite.js', 420, 438 ]
28873 silly gunzTarPerm extractEntry features/number/is-finite.js
28874 silly gunzTarPerm modified mode [ 'features/number/is-finite.js', 420, 438 ]
28875 silly gunzTarPerm extractEntry full/number/is-finite.js
28876 silly gunzTarPerm modified mode [ 'full/number/is-finite.js', 420, 438 ]
28877 silly gunzTarPerm extractEntry stable/number/is-finite.js
28878 silly gunzTarPerm modified mode [ 'stable/number/is-finite.js', 420, 438 ]
28879 silly gunzTarPerm extractEntry internals/is-forced.js
28880 silly gunzTarPerm modified mode [ 'internals/is-forced.js', 420, 438 ]
28881 silly gunzTarPerm extractEntry actual/object/is-frozen.js
28882 silly gunzTarPerm modified mode [ 'actual/object/is-frozen.js', 420, 438 ]
28883 silly gunzTarPerm extractEntry es/object/is-frozen.js
28884 silly gunzTarPerm modified mode [ 'es/object/is-frozen.js', 420, 438 ]
28885 silly gunzTarPerm extractEntry features/object/is-frozen.js
28886 silly gunzTarPerm modified mode [ 'features/object/is-frozen.js', 420, 438 ]
28887 silly gunzTarPerm extractEntry full/object/is-frozen.js
28888 silly gunzTarPerm modified mode [ 'full/object/is-frozen.js', 420, 438 ]
28889 silly gunzTarPerm extractEntry stable/object/is-frozen.js
28890 silly gunzTarPerm modified mode [ 'stable/object/is-frozen.js', 420, 438 ]
28891 silly gunzTarPerm extractEntry actual/number/is-integer.js
28892 silly gunzTarPerm modified mode [ 'actual/number/is-integer.js', 420, 438 ]
28893 silly gunzTarPerm extractEntry es/number/is-integer.js
28894 silly gunzTarPerm modified mode [ 'es/number/is-integer.js', 420, 438 ]
28895 silly addNameRange number 2 { name: 'text-segmentation',
28895 silly addNameRange   range: '>=1.0.3 <2.0.0',
28895 silly addNameRange   hasData: true }
28896 silly addNameRange versions [ 'text-segmentation', [ '1.0.0', '1.0.1', '1.0.2', '1.0.3' ] ]
28897 verbose addNamed text-segmentation@1.0.3
28898 silly addNamed semver.valid 1.0.3
28899 silly addNamed semver.validRange 1.0.3
28900 silly cache afterAdd text-segmentation@1.0.3
28901 verbose afterAdd C:\Users\Carlos García\AppData\Roaming\npm-cache\text-segmentation\1.0.3\package\package.json not in flight; writing
28902 verbose afterAdd C:\Users\Carlos García\AppData\Roaming\npm-cache\text-segmentation\1.0.3\package\package.json written
28903 silly gunzTarPerm extractEntry features/number/is-integer.js
28904 silly gunzTarPerm modified mode [ 'features/number/is-integer.js', 420, 438 ]
28905 silly gunzTarPerm extractEntry full/number/is-integer.js
28906 silly gunzTarPerm modified mode [ 'full/number/is-integer.js', 420, 438 ]
28907 silly addNameRange number 2 { name: 'css-line-break',
28907 silly addNameRange   range: '>=2.1.0 <3.0.0',
28907 silly addNameRange   hasData: true }
28908 silly addNameRange versions [ 'css-line-break',
28908 silly addNameRange   [ '1.0.0',
28908 silly addNameRange     '1.0.1',
28908 silly addNameRange     '1.1.0',
28908 silly addNameRange     '1.1.1',
28908 silly addNameRange     '1.1.2-0',
28908 silly addNameRange     '1.1.3-0',
28908 silly addNameRange     '2.0.0',
28908 silly addNameRange     '2.0.1',
28908 silly addNameRange     '2.1.0' ] ]
28909 verbose addNamed css-line-break@2.1.0
28910 silly addNamed semver.valid 2.1.0
28911 silly addNamed semver.validRange 2.1.0
28912 silly cache afterAdd css-line-break@2.1.0
28913 verbose afterAdd C:\Users\Carlos García\AppData\Roaming\npm-cache\css-line-break\2.1.0\package\package.json not in flight; writing
28914 silly gunzTarPerm extractEntry stable/number/is-integer.js
28915 silly gunzTarPerm modified mode [ 'stable/number/is-integer.js', 420, 438 ]
28916 silly gunzTarPerm extractEntry internals/is-integral-number.js
28917 silly gunzTarPerm modified mode [ 'internals/is-integral-number.js', 420, 438 ]
28918 verbose afterAdd C:\Users\Carlos García\AppData\Roaming\npm-cache\css-line-break\2.1.0\package\package.json written
28919 silly install resolved [ { name: 'text-segmentation',
28919 silly install resolved     version: '1.0.3',
28919 silly install resolved     description: 'text-segmentation ==============',
28919 silly install resolved     main: 'dist/text-segmentation.umd.js',
28919 silly install resolved     module: 'dist/text-segmentation.es5.js',
28919 silly install resolved     typings: 'dist/types/index.d.ts',
28919 silly install resolved     scripts:
28919 silly install resolved      { prebuild: 'rimraf dist/',
28919 silly install resolved        build: 'tsc --module commonjs && rollup -c rollup.config.ts',
28919 silly install resolved        format: 'prettier --write "{src,scripts}/**/*.ts"',
28919 silly install resolved        'generate-trie': 'ts-node scripts/generate_grapheme_break_trie.ts',
28919 silly install resolved        'generate-tests': 'ts-node scripts/generate_grapheme_break_tests.ts',
28919 silly install resolved        lint: 'tslint -c tslint.json --project tsconfig.json -t codeFrame src/**/*.ts tests/**/*.ts scripts/**/*.ts',
28919 silly install resolved        mocha: 'mocha --require ts-node/register tests/*.ts',
28919 silly install resolved        test: 'npm run lint && npm run mocha',
28919 silly install resolved        release: 'standard-version' },
28919 silly install resolved     dependencies: { utrie: '^1.0.2' },
28919 silly install resolved     devDependencies:
28919 silly install resolved      { '@rollup/plugin-commonjs': '^19.0.0',
28919 silly install resolved        '@rollup/plugin-node-resolve': '^13.0.0',
28919 silly install resolved        '@rollup/plugin-typescript': '^8.2.1',
28919 silly install resolved        '@types/mocha': '^8.2.2',
28919 silly install resolved        '@types/node': '^16.0.0',
28919 silly install resolved        mocha: '9.0.2',
28919 silly install resolved        prettier: '^2.3.2',
28919 silly install resolved        rimraf: '3.0.2',
28919 silly install resolved        rollup: '^2.52.7',
28919 silly install resolved        'rollup-plugin-json': '^4.0.0',
28919 silly install resolved        'rollup-plugin-sourcemaps': '^0.6.3',
28919 silly install resolved        'standard-version': '^9.3.0',
28919 silly install resolved        'ts-node': '^10.0.0',
28919 silly install resolved        tslib: '^2.3.0',
28919 silly install resolved        tslint: '^6.1.3',
28919 silly install resolved        'tslint-config-prettier': '^1.18.0',
28919 silly install resolved        typescript: '^4.3.5' },
28919 silly install resolved     author:
28919 silly install resolved      { name: 'Niklas von Hertzen',
28919 silly install resolved        email: 'niklasvh@gmail.com',
28919 silly install resolved        url: 'https://hertzen.com' },
28919 silly install resolved     license: 'MIT',
28919 silly install resolved     repository:
28919 silly install resolved      { type: 'git',
28919 silly install resolved        url: 'git+ssh://git@github.com/niklasvh/text-segmentation.git' },
28919 silly install resolved     bugs: { url: 'https://github.com/niklasvh/text-segmentation/issues' },
28919 silly install resolved     homepage: 'https://github.com/niklasvh/text-segmentation',
28919 silly install resolved     gitHead: '07df57329c2a5ce53a10d7a6e57752f5b59e1c02',
28919 silly install resolved     _id: 'text-segmentation@1.0.3',
28919 silly install resolved     _nodeVersion: '14.18.3',
28919 silly install resolved     _npmVersion: '6.14.15',
28919 silly install resolved     dist:
28919 silly install resolved      { integrity: 'sha512-iOiPUo/BGnZ6+54OsWxZidGCsdU8YbE4PSpdPinp7DeMtUJNJBoJ/ouUSTJjHkh1KntHaltHl/gDs2FC4i5+Nw==',
28919 silly install resolved        shasum: '52a388159efffe746b24a63ba311b6ac9f2d7943',
28919 silly install resolved        tarball: 'https://registry.npmjs.org/text-segmentation/-/text-segmentation-1.0.3.tgz',
28919 silly install resolved        fileCount: 18,
28919 silly install resolved        unpackedSize: 269254,
28919 silly install resolved        'npm-signature': '-----BEGIN PGP SIGNATURE-----\r\nVersion: OpenPGP.js v3.0.13\r\nComment: https://openpgpjs.org\r\n\r\nwsFcBAEBCAAQBQJh7BikCRA9TVsSAnZWagAAhVUP/ibKnh3ktwREtp1rsYPz\nKr8RH47rOI7j7xHWeiDMCabuk1uWtshhxC055J6gJOnn1GGj29D/REjIIJwe\n8dfCmo1i68l1OcLOBGXfsWGG7/CexF3ou7v5Azy5XVnWR2mq+f1a6TlgIrRf\n3v0m39IFBa7z52qsCHllvfeqP0WdYKLJBTLWfV9goac3vuE9N26+cLqDpXlT\n8zvUfBgLuY+o8gz95AjcyarDYesHfZHt++GX9bwWgWwHSeWWrt55vasizOfo\nHy5Wzfn6MfRUHbkiUAPJnibfAI4930OHe3Vc8pzktmVc37p+xzzr01SWqnQy\nu7o9yk3dyNRlM33q1DTuhokU53YcUJ4MbhpHGq6C9BoENLtIK+6bwlfKnHW8\ngeE8EiYgXhSfvh3ieK5DUToUwgbtpM1rDOt3AaQbk5UvOVC940H/jQn7hvj8\ntQOpna2e+UiUCnXZpqZ496yR79JEhBy4BbRW7W++5xPIUEuagnoQ22uEs3gA\nZzSfU63bvmvIsvuNM4YzLRvVDJP51EYsp0jUOphTHfw/Os9PDQhowhnLg63y\nWkVa+EtWpqhi46nrupOQyy9NKOaiF+sVBvYbJ5UFqmT+X4CpiGlEOwX+jqX1\nKNHdtT/IioEC+tESBW7wXl0w4oF/bnjQoEJIeVwc2qaHlCBd8XEW00w1YTT2\n5TvA\r\n=HyGW\r\n-----END PGP SIGNATURE-----\r\n',
28919 silly install resolved        signatures: [Object] },
28919 silly install resolved     _npmUser: { name: 'niklasvh', email: 'niklasvh@gmail.com' },
28919 silly install resolved     directories: {},
28919 silly install resolved     maintainers: [ [Object] ],
28919 silly install resolved     _npmOperationalInternal:
28919 silly install resolved      { host: 's3://npm-registry-packages',
28919 silly install resolved        tmp: 'tmp/text-segmentation_1.0.3_1642862756103_0.08568698313201883' },
28919 silly install resolved     _hasShrinkwrap: false,
28919 silly install resolved     _shasum: '52a388159efffe746b24a63ba311b6ac9f2d7943',
28919 silly install resolved     _resolved: 'https://registry.npmjs.org/text-segmentation/-/text-segmentation-1.0.3.tgz',
28919 silly install resolved     _from: 'text-segmentation@>=1.0.3 <2.0.0',
28919 silly install resolved     readme: 'ERROR: No README data found!' },
28919 silly install resolved   { name: 'css-line-break',
28919 silly install resolved     version: '2.1.0',
28919 silly install resolved     description: 'css-line-break ==============',
28919 silly install resolved     main: 'dist/css-line-break.umd.js',
28919 silly install resolved     module: 'dist/css-line-break.es5.js',
28919 silly install resolved     typings: 'dist/types/index.d.ts',
28919 silly install resolved     scripts:
28919 silly install resolved      { prebuild: 'rimraf dist/',
28919 silly install resolved        build: 'tsc --module commonjs && rollup -c rollup.config.ts',
28919 silly install resolved        format: 'prettier --write "{src,scripts}/**/*.ts"',
28919 silly install resolved        lint: 'tslint -c tslint.json --project tsconfig.json -t codeFrame src/**/*.ts tests/**/*.ts scripts/**/*.ts',
28919 silly install resolved        'generate-trie': 'ts-node scripts/generate_line_break_trie.ts',
28919 silly install resolved        'generate-tests': 'ts-node scripts/generate_line_break_tests.ts',
28919 silly install resolved        mocha: 'mocha --require ts-node/register tests/*.ts',
28919 silly install resolved        test: 'npm run lint && npm run mocha',
28919 silly install resolved        release: 'standard-version' },
28919 silly install resolved     repository:
28919 silly install resolved      { type: 'git',
28919 silly install resolved        url: 'git+ssh://git@github.com/niklasvh/css-line-break.git' },
28919 silly install resolved     keywords:
28919 silly install resolved      [ 'white-space',
28919 silly install resolved        'line-break',
28919 silly install resolved        'word-break',
28919 silly install resolved        'word-wrap',
28919 silly install resolved        'overflow-wrap' ],
28919 silly install resolved     dependencies: { utrie: '^1.0.2' },
28919 silly install resolved     devDependencies:
28919 silly install resolved      { '@rollup/plugin-commonjs': '^19.0.0',
28919 silly install resolved        '@rollup/plugin-node-resolve': '^13.0.0',
28919 silly install resolved        '@rollup/plugin-typescript': '^8.2.1',
28919 silly install resolved        '@types/mocha': '^8.2.2',
28919 silly install resolved        '@types/node': '^16.0.0',
28919 silly install resolved        mocha: '9.0.2',
28919 silly install resolved        prettier: '^2.3.2',
28919 silly install resolved        rimraf: '3.0.2',
28919 silly install resolved        rollup: '^2.52.7',
28919 silly install resolved        'rollup-plugin-json': '^4.0.0',
28919 silly install resolved        'rollup-plugin-sourcemaps': '^0.6.3',
28919 silly install resolved        'standard-version': '^9.3.0',
28919 silly install resolved        'ts-node': '^10.0.0',
28919 silly install resolved        tslint: '^6.1.3',
28919 silly install resolved        'tslint-config-prettier': '^1.18.0',
28919 silly install resolved        typescript: '^4.3.5' },
28919 silly install resolved     author:
28919 silly install resolved      { name: 'Niklas von Hertzen',
28919 silly install resolved        email: 'niklasvh@gmail.com',
28919 silly install resolved        url: 'https://hertzen.com' },
28919 silly install resolved     license: 'MIT',
28919 silly install resolved     bugs: { url: 'https://github.com/niklasvh/css-line-break/issues' },
28919 silly install resolved     homepage: 'https://github.com/niklasvh/css-line-break#readme',
28919 silly install resolved     gitHead: '96bcee7ee8eba7de4a0ec9c2733884501f6320de',
28919 silly install resolved     _id: 'css-line-break@2.1.0',
28919 silly install resolved     _nodeVersion: '14.18.3',
28919 silly install resolved     _npmVersion: '6.14.15',
28919 silly install resolved     dist:
28919 silly install resolved      { integrity: 'sha512-FHcKFCZcAha3LwfVBhCQbW2nCNbkZXn7KVUJcsT5/P8YmfsVja0FMPJr0B903j/E69HUphKiV9iQArX8SDYA4w==',
28919 silly install resolved        shasum: 'bfef660dfa6f5397ea54116bb3cb4873edbc4fa0',
28919 silly install resolved        tarball: 'https://registry.npmjs.org/css-line-break/-/css-line-break-2.1.0.tgz',
28919 silly install resolved        fileCount: 21,
28919 silly install resolved        unpackedSize: 552977,
28919 silly install resolved        'npm-signature': '-----BEGIN PGP SIGNATURE-----\r\nVersion: OpenPGP.js v3.0.13\r\nComment: https://openpgpjs.org\r\n\r\nwsFcBAEBCAAQBQJh7BykCRA9TVsSAnZWagAAAv8P/jGJESgTyGi5VxwIk8NI\nPBDTnXe4S0gUy4JF+UPvJqowrJktOWKYtPXHK/aKasfn6E7J6PgX3WT4UpTJ\nzAL2dW0QZHECGWPlCA1hGoqqtT1LYSjf+7z9wnkCj1EC6ngOlQxER5MoNBHP\n27S+rz3+s7fRxUhtireAG15voydKjPI5f622DEPC27wxYNImnGU7MGUHtXkm\nIwt/2tQGhEtpyDBscxR+B35a4XWXp9XTiWg+2TNsSoYHRGuraU2IoUln0LGy\nTnFGRsA2PkW0C+c1/8SqvbrHed4zB8CKfnIMlkYyg83y8pl+Zyjf0skaLNfY\nPUxqKj7kRhHLyU0WNw0hsmnT46EAVStoKBQgsVS8UXtlEj+6pczKuOJz2fkb\nyLSdCIS+FwO0SFSwH0+7az9ReGx8U8ZxuMijEJiq5VWiBQE0Ysk2OvxZfQGL\nwHMi2SBQB/rY1emCY5H8rZ3f4JhW9Uo5X4ylxYXLTratviHsbxPvHCMOpfMb\njG8Elw0ps6ItmJi+6ug36YfkCS5smNFFLmlcVc8v7Gxs1oQ+UwYLAdKuL//H\nFZjxFvwgYQCqKpeliNnGyjqFxaEblJ/FF89MgDFXyJQ7oN8yqcGCqcLRmkII\nDNMFEzdRMfWEQsYk9aXuC0SCrGEwA8Cq6nnez1UMKQUzIfKIPxosCrQoleHL\n0CNm\r\n=wVCh\r\n-----END PGP SIGNATURE-----\r\n',
28919 silly install resolved        signatures: [Object] },
28919 silly install resolved     _npmUser: { name: 'niklasvh', email: 'niklasvh@gmail.com' },
28919 silly install resolved     directories: {},
28919 silly install resolved     maintainers: [ [Object] ],
28919 silly install resolved     _npmOperationalInternal:
28919 silly install resolved      { host: 's3://npm-registry-packages',
28919 silly install resolved        tmp: 'tmp/css-line-break_2.1.0_1642863780536_0.11751171047041042' },
28919 silly install resolved     _hasShrinkwrap: false,
28919 silly install resolved     _shasum: 'bfef660dfa6f5397ea54116bb3cb4873edbc4fa0',
28919 silly install resolved     _resolved: 'https://registry.npmjs.org/css-line-break/-/css-line-break-2.1.0.tgz',
28919 silly install resolved     _from: 'css-line-break@>=2.1.0 <3.0.0',
28919 silly install resolved     readme: 'ERROR: No README data found!' } ]
28920 info install text-segmentation@1.0.3 into C:\chef-master-pro\node_modules\jspdf\node_modules\html2canvas
28921 info install css-line-break@2.1.0 into C:\chef-master-pro\node_modules\jspdf\node_modules\html2canvas
28922 info installOne text-segmentation@1.0.3
28923 verbose installOne of text-segmentation to C:\chef-master-pro\node_modules\jspdf\node_modules\html2canvas not in flight; installing
28924 info installOne css-line-break@2.1.0
28925 verbose installOne of css-line-break to C:\chef-master-pro\node_modules\jspdf\node_modules\html2canvas not in flight; installing
28926 silly gunzTarPerm extractEntry actual/is-iterable.js
28927 silly gunzTarPerm modified mode [ 'actual/is-iterable.js', 420, 438 ]
28928 silly gunzTarPerm extractEntry es/is-iterable.js
28929 silly gunzTarPerm modified mode [ 'es/is-iterable.js', 420, 438 ]
28930 verbose lock using C:\Users\Carlos García\AppData\Roaming\npm-cache\_locks\text-segmentation-a66ec91002b6c7de.lock for C:\chef-master-pro\node_modules\jspdf\node_modules\html2canvas\node_modules\text-segmentation
28931 verbose lock using C:\Users\Carlos García\AppData\Roaming\npm-cache\_locks\css-line-break-11224f8a31395976.lock for C:\chef-master-pro\node_modules\jspdf\node_modules\html2canvas\node_modules\css-line-break
28932 silly install write writing text-segmentation 1.0.3 to C:\chef-master-pro\node_modules\jspdf\node_modules\html2canvas\node_modules\text-segmentation
28933 silly cache addNamed cb text-segmentation@1.0.3
28934 verbose unbuild node_modules\jspdf\node_modules\html2canvas\node_modules\text-segmentation
28935 silly install write writing css-line-break 2.1.0 to C:\chef-master-pro\node_modules\jspdf\node_modules\html2canvas\node_modules\css-line-break
28936 silly cache addNamed cb css-line-break@2.1.0
28937 verbose unbuild node_modules\jspdf\node_modules\html2canvas\node_modules\css-line-break
28938 silly gentlyRm C:\chef-master-pro\node_modules\jspdf\node_modules\html2canvas\node_modules\text-segmentation is being purged from base C:\chef-master-pro
28939 verbose gentlyRm don't care about contents; nuking C:\chef-master-pro\node_modules\jspdf\node_modules\html2canvas\node_modules\text-segmentation
28940 silly gentlyRm C:\chef-master-pro\node_modules\jspdf\node_modules\html2canvas\node_modules\css-line-break is being purged from base C:\chef-master-pro
28941 verbose gentlyRm don't care about contents; nuking C:\chef-master-pro\node_modules\jspdf\node_modules\html2canvas\node_modules\css-line-break
28942 verbose tar unpack C:\Users\Carlos García\AppData\Roaming\npm-cache\text-segmentation\1.0.3\package.tgz
28943 verbose tar unpacking to C:\chef-master-pro\node_modules\jspdf\node_modules\html2canvas\node_modules\text-segmentation
28944 silly gentlyRm C:\chef-master-pro\node_modules\jspdf\node_modules\html2canvas\node_modules\text-segmentation is being purged
28945 verbose gentlyRm don't care about contents; nuking C:\chef-master-pro\node_modules\jspdf\node_modules\html2canvas\node_modules\text-segmentation
28946 verbose tar unpack C:\Users\Carlos García\AppData\Roaming\npm-cache\css-line-break\2.1.0\package.tgz
28947 verbose tar unpacking to C:\chef-master-pro\node_modules\jspdf\node_modules\html2canvas\node_modules\css-line-break
28948 silly gentlyRm C:\chef-master-pro\node_modules\jspdf\node_modules\html2canvas\node_modules\css-line-break is being purged
28949 verbose gentlyRm don't care about contents; nuking C:\chef-master-pro\node_modules\jspdf\node_modules\html2canvas\node_modules\css-line-break
28950 silly gunzTarPerm modes [ '777', '666' ]
28951 silly gunzTarPerm modes [ '777', '666' ]
28952 silly gunzTarPerm extractEntry features/is-iterable.js
28953 silly gunzTarPerm modified mode [ 'features/is-iterable.js', 420, 438 ]
28954 silly gunzTarPerm extractEntry full/is-iterable.js
28955 silly gunzTarPerm modified mode [ 'full/is-iterable.js', 420, 438 ]
28956 silly gunzTarPerm extractEntry LICENSE
28957 silly gunzTarPerm modified mode [ 'LICENSE', 420, 438 ]
28958 silly gunzTarPerm extractEntry internals/is-iterable.js
28959 silly gunzTarPerm modified mode [ 'internals/is-iterable.js', 420, 438 ]
28960 silly gunzTarPerm extractEntry stable/is-iterable.js
28961 silly gunzTarPerm modified mode [ 'stable/is-iterable.js', 420, 438 ]
28962 silly gunzTarPerm extractEntry LICENSE
28963 silly gunzTarPerm modified mode [ 'LICENSE', 420, 438 ]
28964 silly gunzTarPerm extractEntry dist/css-line-break.es5.js
28965 silly gunzTarPerm modified mode [ 'dist/css-line-break.es5.js', 420, 438 ]
28966 silly gunzTarPerm extractEntry dist/css-line-break.umd.js
28967 silly gunzTarPerm modified mode [ 'dist/css-line-break.umd.js', 420, 438 ]
28968 silly gunzTarPerm extractEntry dist/lib/grapheme-break-trie.js
28969 silly gunzTarPerm modified mode [ 'dist/lib/grapheme-break-trie.js', 420, 438 ]
28970 silly gunzTarPerm extractEntry dist/lib/GraphemeBreak.js
28971 silly gunzTarPerm modified mode [ 'dist/lib/GraphemeBreak.js', 420, 438 ]
28972 silly gunzTarPerm extractEntry actual/number/is-nan.js
28973 silly gunzTarPerm modified mode [ 'actual/number/is-nan.js', 420, 438 ]
28974 silly gunzTarPerm extractEntry es/number/is-nan.js
28975 silly gunzTarPerm modified mode [ 'es/number/is-nan.js', 420, 438 ]
28976 silly gunzTarPerm extractEntry dist/lib/index.js
28977 silly gunzTarPerm modified mode [ 'dist/lib/index.js', 420, 438 ]
28978 silly gunzTarPerm extractEntry dist/lib/linebreak-trie.js
28979 silly gunzTarPerm modified mode [ 'dist/lib/linebreak-trie.js', 420, 438 ]
28980 silly gunzTarPerm extractEntry dist/lib/LineBreak.js
28981 silly gunzTarPerm modified mode [ 'dist/lib/LineBreak.js', 420, 438 ]
28982 silly gunzTarPerm extractEntry features/number/is-nan.js
28983 silly gunzTarPerm modified mode [ 'features/number/is-nan.js', 420, 438 ]
28984 silly gunzTarPerm extractEntry full/number/is-nan.js
28985 silly gunzTarPerm modified mode [ 'full/number/is-nan.js', 420, 438 ]
28986 silly gunzTarPerm extractEntry dist/lib/index.js
28987 silly gunzTarPerm modified mode [ 'dist/lib/index.js', 420, 438 ]
28988 silly gunzTarPerm extractEntry dist/text-segmentation.es5.js
28989 silly gunzTarPerm modified mode [ 'dist/text-segmentation.es5.js', 420, 438 ]
28990 silly gunzTarPerm extractEntry dist/text-segmentation.umd.js
28991 silly gunzTarPerm modified mode [ 'dist/text-segmentation.umd.js', 420, 438 ]
28992 silly gunzTarPerm extractEntry stable/number/is-nan.js
28993 silly gunzTarPerm modified mode [ 'stable/number/is-nan.js', 420, 438 ]
28994 silly gunzTarPerm extractEntry internals/is-null-or-undefined.js
28995 silly gunzTarPerm modified mode [ 'internals/is-null-or-undefined.js', 420, 438 ]
28996 silly gunzTarPerm extractEntry package.json
28997 silly gunzTarPerm modified mode [ 'package.json', 420, 438 ]
28998 silly gunzTarPerm extractEntry dist/lib/Util.js
28999 silly gunzTarPerm modified mode [ 'dist/lib/Util.js', 420, 438 ]
29000 silly gunzTarPerm extractEntry internals/is-object.js
29001 silly gunzTarPerm modified mode [ 'internals/is-object.js', 420, 438 ]
29002 silly gunzTarPerm extractEntry internals/is-possible-prototype.js
29003 silly gunzTarPerm modified mode [ 'internals/is-possible-prototype.js', 420, 438 ]
29004 silly gunzTarPerm extractEntry internals/is-pure.js
29005 silly gunzTarPerm modified mode [ 'internals/is-pure.js', 420, 438 ]
29006 silly gunzTarPerm extractEntry actual/json/is-raw-json.js
29007 silly gunzTarPerm modified mode [ 'actual/json/is-raw-json.js', 420, 438 ]
29008 silly gunzTarPerm extractEntry dist/lib/grapheme-break-trie.js.map
29009 silly gunzTarPerm modified mode [ 'dist/lib/grapheme-break-trie.js.map', 420, 438 ]
29010 silly gunzTarPerm extractEntry dist/lib/GraphemeBreak.js.map
29011 silly gunzTarPerm modified mode [ 'dist/lib/GraphemeBreak.js.map', 420, 438 ]
29012 silly gunzTarPerm extractEntry package.json
29013 silly gunzTarPerm modified mode [ 'package.json', 420, 438 ]
29014 silly gunzTarPerm extractEntry es/json/is-raw-json.js
29015 silly gunzTarPerm modified mode [ 'es/json/is-raw-json.js', 420, 438 ]
29016 silly gunzTarPerm extractEntry features/json/is-raw-json.js
29017 silly gunzTarPerm modified mode [ 'features/json/is-raw-json.js', 420, 438 ]
29018 silly gunzTarPerm extractEntry dist/lib/index.js.map
29019 silly gunzTarPerm modified mode [ 'dist/lib/index.js.map', 420, 438 ]
29020 silly gunzTarPerm extractEntry dist/text-segmentation.es5.js.map
29021 silly gunzTarPerm modified mode [ 'dist/text-segmentation.es5.js.map', 420, 438 ]
29022 silly gunzTarPerm extractEntry full/json/is-raw-json.js
29023 silly gunzTarPerm modified mode [ 'full/json/is-raw-json.js', 420, 438 ]
29024 silly gunzTarPerm extractEntry internals/is-raw-json.js
29025 silly gunzTarPerm modified mode [ 'internals/is-raw-json.js', 420, 438 ]
29026 silly gunzTarPerm extractEntry dist/css-line-break.es5.js.map
29027 silly gunzTarPerm modified mode [ 'dist/css-line-break.es5.js.map', 420, 438 ]
29028 silly gunzTarPerm extractEntry dist/text-segmentation.umd.js.map
29029 silly gunzTarPerm modified mode [ 'dist/text-segmentation.umd.js.map', 420, 438 ]
29030 silly gunzTarPerm extractEntry CHANGELOG.md
29031 silly gunzTarPerm modified mode [ 'CHANGELOG.md', 420, 438 ]
29032 silly gunzTarPerm extractEntry stable/json/is-raw-json.js
29033 silly gunzTarPerm modified mode [ 'stable/json/is-raw-json.js', 420, 438 ]
29034 silly gunzTarPerm extractEntry internals/is-regexp.js
29035 silly gunzTarPerm modified mode [ 'internals/is-regexp.js', 420, 438 ]
29036 silly gunzTarPerm extractEntry README.md
29037 silly gunzTarPerm modified mode [ 'README.md', 420, 438 ]
29038 silly gunzTarPerm extractEntry features/symbol/is-registered-symbol.js
29039 silly gunzTarPerm modified mode [ 'features/symbol/is-registered-symbol.js', 420, 438 ]
29040 silly gunzTarPerm extractEntry full/symbol/is-registered-symbol.js
29041 silly gunzTarPerm modified mode [ 'full/symbol/is-registered-symbol.js', 420, 438 ]
29042 silly gunzTarPerm extractEntry dist/css-line-break.umd.js.map
29043 silly gunzTarPerm modified mode [ 'dist/css-line-break.umd.js.map', 420, 438 ]
29044 silly gunzTarPerm extractEntry dist/lib/index.js.map
29045 silly gunzTarPerm modified mode [ 'dist/lib/index.js.map', 420, 438 ]
29046 silly gunzTarPerm extractEntry dist/types/grapheme-break-trie.d.ts
29047 silly gunzTarPerm modified mode [ 'dist/types/grapheme-break-trie.d.ts', 420, 438 ]
29048 silly gunzTarPerm extractEntry features/symbol/is-registered.js
29049 silly gunzTarPerm modified mode [ 'features/symbol/is-registered.js', 420, 438 ]
29050 silly gunzTarPerm extractEntry full/symbol/is-registered.js
29051 silly gunzTarPerm modified mode [ 'full/symbol/is-registered.js', 420, 438 ]
29052 silly gunzTarPerm extractEntry actual/number/is-safe-integer.js
29053 silly gunzTarPerm modified mode [ 'actual/number/is-safe-integer.js', 420, 438 ]
29054 silly gunzTarPerm extractEntry es/number/is-safe-integer.js
29055 silly gunzTarPerm modified mode [ 'es/number/is-safe-integer.js', 420, 438 ]
29056 silly gunzTarPerm extractEntry dist/types/GraphemeBreak.d.ts
29057 silly gunzTarPerm modified mode [ 'dist/types/GraphemeBreak.d.ts', 420, 438 ]
29058 silly gunzTarPerm extractEntry dist/types/index.d.ts
29059 silly gunzTarPerm modified mode [ 'dist/types/index.d.ts', 420, 438 ]
29060 silly gunzTarPerm extractEntry rollup.config.ts
29061 silly gunzTarPerm modified mode [ 'rollup.config.ts', 420, 438 ]
29062 silly gunzTarPerm extractEntry dist/lib/linebreak-trie.js.map
29063 silly gunzTarPerm modified mode [ 'dist/lib/linebreak-trie.js.map', 420, 438 ]
29064 silly gunzTarPerm extractEntry dist/lib/LineBreak.js.map
29065 silly gunzTarPerm modified mode [ 'dist/lib/LineBreak.js.map', 420, 438 ]
29066 silly gunzTarPerm extractEntry features/number/is-safe-integer.js
29067 silly gunzTarPerm modified mode [ 'features/number/is-safe-integer.js', 420, 438 ]
29068 silly gunzTarPerm extractEntry full/number/is-safe-integer.js
29069 silly gunzTarPerm modified mode [ 'full/number/is-safe-integer.js', 420, 438 ]
29070 silly gunzTarPerm extractEntry dist/lib/Util.js.map
29071 silly gunzTarPerm modified mode [ 'dist/lib/Util.js.map', 420, 438 ]
29072 silly gunzTarPerm extractEntry stable/number/is-safe-integer.js
29073 silly gunzTarPerm modified mode [ 'stable/number/is-safe-integer.js', 420, 438 ]
29074 silly gunzTarPerm extractEntry actual/object/is-sealed.js
29075 silly gunzTarPerm modified mode [ 'actual/object/is-sealed.js', 420, 438 ]
29076 silly gunzTarPerm extractEntry CHANGELOG.md
29077 silly gunzTarPerm modified mode [ 'CHANGELOG.md', 420, 438 ]
29078 silly gunzTarPerm extractEntry es/object/is-sealed.js
29079 silly gunzTarPerm modified mode [ 'es/object/is-sealed.js', 420, 438 ]
29080 silly gunzTarPerm extractEntry features/object/is-sealed.js
29081 silly gunzTarPerm modified mode [ 'features/object/is-sealed.js', 420, 438 ]
29082 silly gunzTarPerm extractEntry full/object/is-sealed.js
29083 silly gunzTarPerm modified mode [ 'full/object/is-sealed.js', 420, 438 ]
29084 silly gunzTarPerm extractEntry stable/object/is-sealed.js
29085 silly gunzTarPerm modified mode [ 'stable/object/is-sealed.js', 420, 438 ]
29086 silly gunzTarPerm extractEntry README.md
29087 silly gunzTarPerm modified mode [ 'README.md', 420, 438 ]
29088 silly gunzTarPerm extractEntry actual/set/is-subset-of.js
29089 silly gunzTarPerm modified mode [ 'actual/set/is-subset-of.js', 420, 438 ]
29090 silly gunzTarPerm extractEntry es/set/is-subset-of.js
29091 silly gunzTarPerm modified mode [ 'es/set/is-subset-of.js', 420, 438 ]
29092 silly gunzTarPerm extractEntry dist/types/index.d.ts
29093 silly gunzTarPerm modified mode [ 'dist/types/index.d.ts', 420, 438 ]
29094 silly gunzTarPerm extractEntry dist/types/linebreak-trie.d.ts
29095 silly gunzTarPerm modified mode [ 'dist/types/linebreak-trie.d.ts', 420, 438 ]
29096 silly gunzTarPerm extractEntry features/set/is-subset-of.js
29097 silly gunzTarPerm modified mode [ 'features/set/is-subset-of.js', 420, 438 ]
29098 silly gunzTarPerm extractEntry full/set/is-subset-of.js
29099 silly gunzTarPerm modified mode [ 'full/set/is-subset-of.js', 420, 438 ]
29100 silly gunzTarPerm extractEntry stable/set/is-subset-of.js
29101 silly gunzTarPerm modified mode [ 'stable/set/is-subset-of.js', 420, 438 ]
29102 silly gunzTarPerm extractEntry actual/set/is-superset-of.js
29103 silly gunzTarPerm modified mode [ 'actual/set/is-superset-of.js', 420, 438 ]
29104 silly gunzTarPerm extractEntry dist/types/LineBreak.d.ts
29105 silly gunzTarPerm modified mode [ 'dist/types/LineBreak.d.ts', 420, 438 ]
29106 silly gunzTarPerm extractEntry rollup.config.ts
29107 silly gunzTarPerm modified mode [ 'rollup.config.ts', 420, 438 ]
29108 silly gunzTarPerm extractEntry dist/types/Util.d.ts
29109 silly gunzTarPerm modified mode [ 'dist/types/Util.d.ts', 420, 438 ]
29110 silly gunzTarPerm extractEntry es/set/is-superset-of.js
29111 silly gunzTarPerm modified mode [ 'es/set/is-superset-of.js', 420, 438 ]
29112 silly gunzTarPerm extractEntry features/set/is-superset-of.js
29113 silly gunzTarPerm modified mode [ 'features/set/is-superset-of.js', 420, 438 ]
29114 silly gunzTarPerm extractEntry full/set/is-superset-of.js
29115 silly gunzTarPerm modified mode [ 'full/set/is-superset-of.js', 420, 438 ]
29116 silly gunzTarPerm extractEntry stable/set/is-superset-of.js
29117 silly gunzTarPerm modified mode [ 'stable/set/is-superset-of.js', 420, 438 ]
29118 silly gunzTarPerm extractEntry internals/is-symbol.js
29119 silly gunzTarPerm modified mode [ 'internals/is-symbol.js', 420, 438 ]
29120 silly gunzTarPerm extractEntry features/array/is-template-object.js
29121 silly gunzTarPerm modified mode [ 'features/array/is-template-object.js', 420, 438 ]
29122 silly gunzTarPerm extractEntry full/array/is-template-object.js
29123 silly gunzTarPerm modified mode [ 'full/array/is-template-object.js', 420, 438 ]
29124 silly gunzTarPerm extractEntry actual/array-buffer/is-view.js
29125 silly gunzTarPerm modified mode [ 'actual/array-buffer/is-view.js', 420, 438 ]
29126 silly gunzTarPerm extractEntry es/array-buffer/is-view.js
29127 silly gunzTarPerm modified mode [ 'es/array-buffer/is-view.js', 420, 438 ]
29128 silly gunzTarPerm extractEntry features/array-buffer/is-view.js
29129 silly gunzTarPerm modified mode [ 'features/array-buffer/is-view.js', 420, 438 ]
29130 silly gunzTarPerm extractEntry full/array-buffer/is-view.js
29131 silly gunzTarPerm modified mode [ 'full/array-buffer/is-view.js', 420, 438 ]
29132 silly gunzTarPerm extractEntry stable/array-buffer/is-view.js
29133 silly gunzTarPerm modified mode [ 'stable/array-buffer/is-view.js', 420, 438 ]
29134 silly gunzTarPerm extractEntry actual/instance/is-well-formed.js
29135 silly gunzTarPerm modified mode [ 'actual/instance/is-well-formed.js', 420, 438 ]
29136 silly gunzTarPerm extractEntry actual/string/is-well-formed.js
29137 silly gunzTarPerm modified mode [ 'actual/string/is-well-formed.js', 420, 438 ]
29138 silly gunzTarPerm extractEntry actual/string/virtual/is-well-formed.js
29139 silly gunzTarPerm modified mode [ 'actual/string/virtual/is-well-formed.js', 420, 438 ]
29140 silly gunzTarPerm extractEntry es/instance/is-well-formed.js
29141 silly gunzTarPerm modified mode [ 'es/instance/is-well-formed.js', 420, 438 ]
29142 silly gunzTarPerm extractEntry es/string/is-well-formed.js
29143 silly gunzTarPerm modified mode [ 'es/string/is-well-formed.js', 420, 438 ]
29144 silly gunzTarPerm extractEntry es/string/virtual/is-well-formed.js
29145 silly gunzTarPerm modified mode [ 'es/string/virtual/is-well-formed.js', 420, 438 ]
29146 silly gunzTarPerm extractEntry features/instance/is-well-formed.js
29147 silly gunzTarPerm modified mode [ 'features/instance/is-well-formed.js', 420, 438 ]
29148 silly gunzTarPerm extractEntry features/string/is-well-formed.js
29149 silly gunzTarPerm modified mode [ 'features/string/is-well-formed.js', 420, 438 ]
29150 silly gunzTarPerm extractEntry features/string/virtual/is-well-formed.js
29151 silly gunzTarPerm modified mode [ 'features/string/virtual/is-well-formed.js', 420, 438 ]
29152 silly gunzTarPerm extractEntry full/instance/is-well-formed.js
29153 silly gunzTarPerm modified mode [ 'full/instance/is-well-formed.js', 420, 438 ]
29154 silly gunzTarPerm extractEntry full/string/is-well-formed.js
29155 silly gunzTarPerm modified mode [ 'full/string/is-well-formed.js', 420, 438 ]
29156 silly gunzTarPerm extractEntry full/string/virtual/is-well-formed.js
29157 silly gunzTarPerm modified mode [ 'full/string/virtual/is-well-formed.js', 420, 438 ]
29158 silly gunzTarPerm extractEntry stable/instance/is-well-formed.js
29159 silly gunzTarPerm modified mode [ 'stable/instance/is-well-formed.js', 420, 438 ]
29160 silly gunzTarPerm extractEntry stable/string/is-well-formed.js
29161 silly gunzTarPerm modified mode [ 'stable/string/is-well-formed.js', 420, 438 ]
29162 silly gunzTarPerm extractEntry stable/string/virtual/is-well-formed.js
29163 silly gunzTarPerm modified mode [ 'stable/string/virtual/is-well-formed.js', 420, 438 ]
29164 silly gunzTarPerm extractEntry features/symbol/is-well-known-symbol.js
29165 silly gunzTarPerm modified mode [ 'features/symbol/is-well-known-symbol.js', 420, 438 ]
29166 silly gunzTarPerm extractEntry full/symbol/is-well-known-symbol.js
29167 silly gunzTarPerm modified mode [ 'full/symbol/is-well-known-symbol.js', 420, 438 ]
29168 silly gunzTarPerm extractEntry features/symbol/is-well-known.js
29169 silly gunzTarPerm modified mode [ 'features/symbol/is-well-known.js', 420, 438 ]
29170 silly gunzTarPerm extractEntry full/symbol/is-well-known.js
29171 silly gunzTarPerm modified mode [ 'full/symbol/is-well-known.js', 420, 438 ]
29172 silly gunzTarPerm extractEntry actual/object/is.js
29173 silly gunzTarPerm modified mode [ 'actual/object/is.js', 420, 438 ]
29174 silly gunzTarPerm extractEntry es/object/is.js
29175 silly gunzTarPerm modified mode [ 'es/object/is.js', 420, 438 ]
29176 silly gunzTarPerm extractEntry features/object/is.js
29177 silly gunzTarPerm modified mode [ 'features/object/is.js', 420, 438 ]
29178 silly gunzTarPerm extractEntry full/object/is.js
29179 silly gunzTarPerm modified mode [ 'full/object/is.js', 420, 438 ]
29180 silly gunzTarPerm extractEntry stable/object/is.js
29181 silly gunzTarPerm modified mode [ 'stable/object/is.js', 420, 438 ]
29182 silly gunzTarPerm extractEntry features/math/isubh.js
29183 silly gunzTarPerm modified mode [ 'features/math/isubh.js', 420, 438 ]
29184 silly gunzTarPerm extractEntry full/math/isubh.js
29185 silly gunzTarPerm modified mode [ 'full/math/isubh.js', 420, 438 ]
29186 silly gunzTarPerm extractEntry actual/string/italics.js
29187 silly gunzTarPerm modified mode [ 'actual/string/italics.js', 420, 438 ]
29188 silly gunzTarPerm extractEntry actual/string/virtual/italics.js
29189 silly gunzTarPerm modified mode [ 'actual/string/virtual/italics.js', 420, 438 ]
29190 silly gunzTarPerm extractEntry es/string/italics.js
29191 silly gunzTarPerm modified mode [ 'es/string/italics.js', 420, 438 ]
29192 silly gunzTarPerm extractEntry es/string/virtual/italics.js
29193 silly gunzTarPerm modified mode [ 'es/string/virtual/italics.js', 420, 438 ]
29194 silly gunzTarPerm extractEntry features/string/italics.js
29195 silly gunzTarPerm modified mode [ 'features/string/italics.js', 420, 438 ]
29196 silly gunzTarPerm extractEntry features/string/virtual/italics.js
29197 silly gunzTarPerm modified mode [ 'features/string/virtual/italics.js', 420, 438 ]
29198 silly gunzTarPerm extractEntry full/string/italics.js
29199 silly gunzTarPerm modified mode [ 'full/string/italics.js', 420, 438 ]
29200 silly gunzTarPerm extractEntry full/string/virtual/italics.js
29201 silly gunzTarPerm modified mode [ 'full/string/virtual/italics.js', 420, 438 ]
29202 silly gunzTarPerm extractEntry stable/string/italics.js
29203 silly gunzTarPerm modified mode [ 'stable/string/italics.js', 420, 438 ]
29204 silly gunzTarPerm extractEntry stable/string/virtual/italics.js
29205 silly gunzTarPerm modified mode [ 'stable/string/virtual/italics.js', 420, 438 ]
29206 silly gunzTarPerm extractEntry features/object/iterate-entries.js
29207 silly gunzTarPerm modified mode [ 'features/object/iterate-entries.js', 420, 438 ]
29208 silly gunzTarPerm extractEntry full/object/iterate-entries.js
29209 silly gunzTarPerm modified mode [ 'full/object/iterate-entries.js', 420, 438 ]
29210 silly gunzTarPerm extractEntry features/object/iterate-keys.js
29211 silly gunzTarPerm modified mode [ 'features/object/iterate-keys.js', 420, 438 ]
29212 silly gunzTarPerm extractEntry full/object/iterate-keys.js
29213 silly gunzTarPerm modified mode [ 'full/object/iterate-keys.js', 420, 438 ]
29214 silly gunzTarPerm extractEntry internals/iterate-simple.js
29215 silly gunzTarPerm modified mode [ 'internals/iterate-simple.js', 420, 438 ]
29216 silly gunzTarPerm extractEntry features/object/iterate-values.js
29217 silly gunzTarPerm modified mode [ 'features/object/iterate-values.js', 420, 438 ]
29218 silly gunzTarPerm extractEntry full/object/iterate-values.js
29219 silly gunzTarPerm modified mode [ 'full/object/iterate-values.js', 420, 438 ]
29220 silly gunzTarPerm extractEntry internals/iterate.js
29221 silly gunzTarPerm modified mode [ 'internals/iterate.js', 420, 438 ]
29222 silly gunzTarPerm extractEntry proposals/iterator-chunking-v2.js
29223 silly gunzTarPerm modified mode [ 'proposals/iterator-chunking-v2.js', 420, 438 ]
29224 silly gunzTarPerm extractEntry proposals/iterator-chunking.js
29225 silly gunzTarPerm modified mode [ 'proposals/iterator-chunking.js', 420, 438 ]
29226 silly gunzTarPerm extractEntry internals/iterator-close-all.js
29227 silly gunzTarPerm modified mode [ 'internals/iterator-close-all.js', 420, 438 ]
29228 silly gunzTarPerm extractEntry internals/iterator-close.js
29229 silly gunzTarPerm modified mode [ 'internals/iterator-close.js', 420, 438 ]
29230 silly gunzTarPerm extractEntry internals/iterator-create-constructor.js
29231 silly gunzTarPerm modified mode [ 'internals/iterator-create-constructor.js', 420, 438 ]
29232 silly gunzTarPerm extractEntry internals/iterator-create-proxy.js
29233 silly gunzTarPerm modified mode [ 'internals/iterator-create-proxy.js', 420, 438 ]
29234 silly gunzTarPerm extractEntry internals/iterator-define.js
29235 silly gunzTarPerm modified mode [ 'internals/iterator-define.js', 420, 438 ]
29236 silly gunzTarPerm extractEntry internals/iterator-helper-throws-on-invalid-iterator.js
29237 silly gunzTarPerm modified mode [ 'internals/iterator-helper-throws-on-invalid-iterator.js',
29237 silly gunzTarPerm   420,
29237 silly gunzTarPerm   438 ]
29238 info preinstall text-segmentation@1.0.3
29239 silly gunzTarPerm extractEntry internals/iterator-helper-without-closing-on-early-error.js
29240 silly gunzTarPerm modified mode [ 'internals/iterator-helper-without-closing-on-early-error.js',
29240 silly gunzTarPerm   420,
29240 silly gunzTarPerm   438 ]
29241 silly gunzTarPerm extractEntry proposals/iterator-helpers-stage-3-2.js
29242 silly gunzTarPerm modified mode [ 'proposals/iterator-helpers-stage-3-2.js', 420, 438 ]
29243 silly prepareForInstallMany adding utrie@^1.0.2 from text-segmentation dependencies
29244 silly cache add args [ 'utrie@^1.0.2', null ]
29245 verbose cache add spec utrie@^1.0.2
29246 silly cache add parsed spec { raw: 'utrie@^1.0.2',
29246 silly cache add   scope: null,
29246 silly cache add   name: 'utrie',
29246 silly cache add   rawSpec: '^1.0.2',
29246 silly cache add   spec: '>=1.0.2 <2.0.0',
29246 silly cache add   type: 'range' }
29247 verbose addNamed utrie@>=1.0.2 <2.0.0
29248 silly addNamed semver.valid null
29249 silly addNamed semver.validRange >=1.0.2 <2.0.0
29250 silly addNameRange { name: 'utrie', range: '>=1.0.2 <2.0.0', hasData: false }
29251 silly mapToRegistry name utrie
29252 silly mapToRegistry using default registry
29253 silly mapToRegistry registry https://registry.npmjs.org/
29254 silly mapToRegistry uri https://registry.npmjs.org/utrie
29255 verbose addNameRange registry:https://registry.npmjs.org/utrie not in flight; fetching
29256 silly gunzTarPerm extractEntry proposals/iterator-helpers-stage-3.js
29257 silly gunzTarPerm modified mode [ 'proposals/iterator-helpers-stage-3.js', 420, 438 ]
29258 silly gunzTarPerm extractEntry proposals/iterator-helpers.js
29259 silly gunzTarPerm modified mode [ 'proposals/iterator-helpers.js', 420, 438 ]
29260 verbose request uri https://registry.npmjs.org/utrie
29261 verbose request no auth needed
29262 info attempt registry request try #1 at 10:27:38
29263 verbose etag W/"98b0d402548436ca1e78a81639b06598"
29264 verbose lastModified Mon, 23 May 2022 00:25:52 GMT
29265 http request GET https://registry.npmjs.org/utrie
29266 silly gunzTarPerm extractEntry internals/iterator-indexed.js
29267 silly gunzTarPerm modified mode [ 'internals/iterator-indexed.js', 420, 438 ]
29268 silly gunzTarPerm extractEntry proposals/iterator-range.js
29269 silly gunzTarPerm modified mode [ 'proposals/iterator-range.js', 420, 438 ]
29270 silly gunzTarPerm extractEntry proposals/iterator-sequencing.js
29271 silly gunzTarPerm modified mode [ 'proposals/iterator-sequencing.js', 420, 438 ]
29272 silly gunzTarPerm extractEntry internals/iterator-window.js
29273 silly gunzTarPerm modified mode [ 'internals/iterator-window.js', 420, 438 ]
29274 silly gunzTarPerm extractEntry internals/iterator-zip.js
29275 silly gunzTarPerm modified mode [ 'internals/iterator-zip.js', 420, 438 ]
29276 silly gunzTarPerm extractEntry actual/array/iterator.js
29277 silly gunzTarPerm modified mode [ 'actual/array/iterator.js', 420, 438 ]
29278 silly gunzTarPerm extractEntry actual/array/virtual/iterator.js
29279 silly gunzTarPerm modified mode [ 'actual/array/virtual/iterator.js', 420, 438 ]
29280 silly gunzTarPerm extractEntry actual/dom-collections/iterator.js
29281 silly gunzTarPerm modified mode [ 'actual/dom-collections/iterator.js', 420, 438 ]
29282 silly gunzTarPerm extractEntry actual/string/iterator.js
29283 silly gunzTarPerm modified mode [ 'actual/string/iterator.js', 420, 438 ]
29284 silly gunzTarPerm extractEntry actual/string/virtual/iterator.js
29285 silly gunzTarPerm modified mode [ 'actual/string/virtual/iterator.js', 420, 438 ]
29286 silly gunzTarPerm extractEntry actual/symbol/iterator.js
29287 silly gunzTarPerm modified mode [ 'actual/symbol/iterator.js', 420, 438 ]
29288 silly gunzTarPerm extractEntry actual/typed-array/iterator.js
29289 silly gunzTarPerm modified mode [ 'actual/typed-array/iterator.js', 420, 438 ]
29290 silly gunzTarPerm extractEntry es/array/iterator.js
29291 silly gunzTarPerm modified mode [ 'es/array/iterator.js', 420, 438 ]
29292 silly gunzTarPerm extractEntry es/array/virtual/iterator.js
29293 silly gunzTarPerm modified mode [ 'es/array/virtual/iterator.js', 420, 438 ]
29294 silly gunzTarPerm extractEntry es/string/iterator.js
29295 silly gunzTarPerm modified mode [ 'es/string/iterator.js', 420, 438 ]
29296 silly gunzTarPerm extractEntry es/string/virtual/iterator.js
29297 silly gunzTarPerm modified mode [ 'es/string/virtual/iterator.js', 420, 438 ]
29298 silly gunzTarPerm extractEntry es/symbol/iterator.js
29299 silly gunzTarPerm modified mode [ 'es/symbol/iterator.js', 420, 438 ]
29300 silly gunzTarPerm extractEntry es/typed-array/iterator.js
29301 silly gunzTarPerm modified mode [ 'es/typed-array/iterator.js', 420, 438 ]
29302 silly gunzTarPerm extractEntry features/array/iterator.js
29303 silly gunzTarPerm modified mode [ 'features/array/iterator.js', 420, 438 ]
29304 silly gunzTarPerm extractEntry features/array/virtual/iterator.js
29305 silly gunzTarPerm modified mode [ 'features/array/virtual/iterator.js', 420, 438 ]
29306 silly gunzTarPerm extractEntry features/dom-collections/iterator.js
29307 silly gunzTarPerm modified mode [ 'features/dom-collections/iterator.js', 420, 438 ]
29308 silly gunzTarPerm extractEntry features/string/iterator.js
29309 silly gunzTarPerm modified mode [ 'features/string/iterator.js', 420, 438 ]
29310 silly gunzTarPerm extractEntry features/string/virtual/iterator.js
29311 silly gunzTarPerm modified mode [ 'features/string/virtual/iterator.js', 420, 438 ]
29312 silly gunzTarPerm extractEntry features/symbol/iterator.js
29313 silly gunzTarPerm modified mode [ 'features/symbol/iterator.js', 420, 438 ]
29314 silly gunzTarPerm extractEntry features/typed-array/iterator.js
29315 silly gunzTarPerm modified mode [ 'features/typed-array/iterator.js', 420, 438 ]
29316 silly gunzTarPerm extractEntry full/array/iterator.js
29317 silly gunzTarPerm modified mode [ 'full/array/iterator.js', 420, 438 ]
29318 silly gunzTarPerm extractEntry full/array/virtual/iterator.js
29319 silly gunzTarPerm modified mode [ 'full/array/virtual/iterator.js', 420, 438 ]
29320 silly gunzTarPerm extractEntry full/dom-collections/iterator.js
29321 silly gunzTarPerm modified mode [ 'full/dom-collections/iterator.js', 420, 438 ]
29322 silly gunzTarPerm extractEntry full/string/iterator.js
29323 silly gunzTarPerm modified mode [ 'full/string/iterator.js', 420, 438 ]
29324 silly gunzTarPerm extractEntry full/string/virtual/iterator.js
29325 silly gunzTarPerm modified mode [ 'full/string/virtual/iterator.js', 420, 438 ]
29326 silly gunzTarPerm extractEntry full/symbol/iterator.js
29327 silly gunzTarPerm modified mode [ 'full/symbol/iterator.js', 420, 438 ]
29328 silly gunzTarPerm extractEntry full/typed-array/iterator.js
29329 silly gunzTarPerm modified mode [ 'full/typed-array/iterator.js', 420, 438 ]
29330 silly gunzTarPerm extractEntry stable/array/iterator.js
29331 silly gunzTarPerm modified mode [ 'stable/array/iterator.js', 420, 438 ]
29332 silly gunzTarPerm extractEntry stable/array/virtual/iterator.js
29333 silly gunzTarPerm modified mode [ 'stable/array/virtual/iterator.js', 420, 438 ]
29334 silly gunzTarPerm extractEntry stable/dom-collections/iterator.js
29335 silly gunzTarPerm modified mode [ 'stable/dom-collections/iterator.js', 420, 438 ]
29336 silly gunzTarPerm extractEntry stable/string/iterator.js
29337 silly gunzTarPerm modified mode [ 'stable/string/iterator.js', 420, 438 ]
29338 silly gunzTarPerm extractEntry stable/string/virtual/iterator.js
29339 silly gunzTarPerm modified mode [ 'stable/string/virtual/iterator.js', 420, 438 ]
29340 silly gunzTarPerm extractEntry stable/symbol/iterator.js
29341 silly gunzTarPerm modified mode [ 'stable/symbol/iterator.js', 420, 438 ]
29342 silly gunzTarPerm extractEntry stable/typed-array/iterator.js
29343 silly gunzTarPerm modified mode [ 'stable/typed-array/iterator.js', 420, 438 ]
29344 silly gunzTarPerm extractEntry internals/iterators-core.js
29345 silly gunzTarPerm modified mode [ 'internals/iterators-core.js', 420, 438 ]
29346 silly gunzTarPerm extractEntry internals/iterators.js
29347 silly gunzTarPerm modified mode [ 'internals/iterators.js', 420, 438 ]
29348 silly gunzTarPerm extractEntry actual/array/join.js
29349 silly gunzTarPerm modified mode [ 'actual/array/join.js', 420, 438 ]
29350 silly gunzTarPerm extractEntry actual/array/virtual/join.js
29351 silly gunzTarPerm modified mode [ 'actual/array/virtual/join.js', 420, 438 ]
29352 silly gunzTarPerm extractEntry actual/typed-array/join.js
29353 silly gunzTarPerm modified mode [ 'actual/typed-array/join.js', 420, 438 ]
29354 silly gunzTarPerm extractEntry es/array/join.js
29355 silly gunzTarPerm modified mode [ 'es/array/join.js', 420, 438 ]
29356 silly gunzTarPerm extractEntry es/array/virtual/join.js
29357 silly gunzTarPerm modified mode [ 'es/array/virtual/join.js', 420, 438 ]
29358 silly gunzTarPerm extractEntry es/typed-array/join.js
29359 silly gunzTarPerm modified mode [ 'es/typed-array/join.js', 420, 438 ]
29360 silly gunzTarPerm extractEntry features/array/join.js
29361 silly gunzTarPerm modified mode [ 'features/array/join.js', 420, 438 ]
29362 silly gunzTarPerm extractEntry features/array/virtual/join.js
29363 silly gunzTarPerm modified mode [ 'features/array/virtual/join.js', 420, 438 ]
29364 silly gunzTarPerm extractEntry features/set/join.js
29365 silly gunzTarPerm modified mode [ 'features/set/join.js', 420, 438 ]
29366 silly gunzTarPerm extractEntry features/typed-array/join.js
29367 silly gunzTarPerm modified mode [ 'features/typed-array/join.js', 420, 438 ]
29368 silly gunzTarPerm extractEntry full/array/join.js
29369 silly gunzTarPerm modified mode [ 'full/array/join.js', 420, 438 ]
29370 silly gunzTarPerm extractEntry full/array/virtual/join.js
29371 silly gunzTarPerm modified mode [ 'full/array/virtual/join.js', 420, 438 ]
29372 silly gunzTarPerm extractEntry full/set/join.js
29373 silly gunzTarPerm modified mode [ 'full/set/join.js', 420, 438 ]
29374 info preinstall css-line-break@2.1.0
29375 silly prepareForInstallMany adding utrie@^1.0.2 from css-line-break dependencies
29376 silly gunzTarPerm extractEntry full/typed-array/join.js
29377 silly gunzTarPerm modified mode [ 'full/typed-array/join.js', 420, 438 ]
29378 silly gunzTarPerm extractEntry stable/array/join.js
29379 silly gunzTarPerm modified mode [ 'stable/array/join.js', 420, 438 ]
29380 silly cache add args [ 'utrie@^1.0.2', null ]
29381 verbose cache add spec utrie@^1.0.2
29382 silly cache add parsed spec { raw: 'utrie@^1.0.2',
29382 silly cache add   scope: null,
29382 silly cache add   name: 'utrie',
29382 silly cache add   rawSpec: '^1.0.2',
29382 silly cache add   spec: '>=1.0.2 <2.0.0',
29382 silly cache add   type: 'range' }
29383 verbose addNamed utrie@>=1.0.2 <2.0.0
29384 silly addNamed semver.valid null
29385 silly addNamed semver.validRange >=1.0.2 <2.0.0
29386 silly addNameRange { name: 'utrie', range: '>=1.0.2 <2.0.0', hasData: false }
29387 silly mapToRegistry name utrie
29388 silly mapToRegistry using default registry
29389 silly mapToRegistry registry https://registry.npmjs.org/
29390 silly mapToRegistry uri https://registry.npmjs.org/utrie
29391 verbose addNameRange registry:https://registry.npmjs.org/utrie already in flight; waiting
29392 silly gunzTarPerm extractEntry stable/array/virtual/join.js
29393 silly gunzTarPerm modified mode [ 'stable/array/virtual/join.js', 420, 438 ]
29394 silly gunzTarPerm extractEntry stable/typed-array/join.js
29395 silly gunzTarPerm modified mode [ 'stable/typed-array/join.js', 420, 438 ]
29396 silly gunzTarPerm extractEntry proposals/joint-iteration.js
29397 silly gunzTarPerm modified mode [ 'proposals/joint-iteration.js', 420, 438 ]
29398 silly gunzTarPerm extractEntry proposals/json-parse-with-source.js
29399 silly gunzTarPerm modified mode [ 'proposals/json-parse-with-source.js', 420, 438 ]
29400 silly gunzTarPerm extractEntry features/map/key-by.js
29401 silly gunzTarPerm modified mode [ 'features/map/key-by.js', 420, 438 ]
29402 silly gunzTarPerm extractEntry full/map/key-by.js
29403 silly gunzTarPerm modified mode [ 'full/map/key-by.js', 420, 438 ]
29404 silly gunzTarPerm extractEntry actual/symbol/key-for.js
29405 silly gunzTarPerm modified mode [ 'actual/symbol/key-for.js', 420, 438 ]
29406 silly gunzTarPerm extractEntry es/symbol/key-for.js
29407 silly gunzTarPerm modified mode [ 'es/symbol/key-for.js', 420, 438 ]
29408 silly gunzTarPerm extractEntry features/symbol/key-for.js
29409 silly gunzTarPerm modified mode [ 'features/symbol/key-for.js', 420, 438 ]
29410 silly gunzTarPerm extractEntry full/symbol/key-for.js
29411 silly gunzTarPerm modified mode [ 'full/symbol/key-for.js', 420, 438 ]
29412 silly gunzTarPerm extractEntry stable/symbol/key-for.js
29413 silly gunzTarPerm modified mode [ 'stable/symbol/key-for.js', 420, 438 ]
29414 silly gunzTarPerm extractEntry features/map/key-of.js
29415 silly gunzTarPerm modified mode [ 'features/map/key-of.js', 420, 438 ]
29416 silly gunzTarPerm extractEntry full/map/key-of.js
29417 silly gunzTarPerm modified mode [ 'full/map/key-of.js', 420, 438 ]
29418 silly gunzTarPerm extractEntry proposals/keys-composition.js
29419 silly gunzTarPerm modified mode [ 'proposals/keys-composition.js', 420, 438 ]
29420 silly gunzTarPerm extractEntry actual/array/keys.js
29421 silly gunzTarPerm modified mode [ 'actual/array/keys.js', 420, 438 ]
29422 silly gunzTarPerm extractEntry actual/array/virtual/keys.js
29423 silly gunzTarPerm modified mode [ 'actual/array/virtual/keys.js', 420, 438 ]
29424 silly gunzTarPerm extractEntry actual/instance/keys.js
29425 silly gunzTarPerm modified mode [ 'actual/instance/keys.js', 420, 438 ]
29426 silly gunzTarPerm extractEntry actual/object/keys.js
29427 silly gunzTarPerm modified mode [ 'actual/object/keys.js', 420, 438 ]
29428 silly gunzTarPerm extractEntry actual/typed-array/keys.js
29429 silly gunzTarPerm modified mode [ 'actual/typed-array/keys.js', 420, 438 ]
29430 silly gunzTarPerm extractEntry es/array/keys.js
29431 silly gunzTarPerm modified mode [ 'es/array/keys.js', 420, 438 ]
29432 silly gunzTarPerm extractEntry es/array/virtual/keys.js
29433 silly gunzTarPerm modified mode [ 'es/array/virtual/keys.js', 420, 438 ]
29434 silly gunzTarPerm extractEntry es/instance/keys.js
29435 silly gunzTarPerm modified mode [ 'es/instance/keys.js', 420, 438 ]
29436 silly gunzTarPerm extractEntry es/object/keys.js
29437 silly gunzTarPerm modified mode [ 'es/object/keys.js', 420, 438 ]
29438 silly gunzTarPerm extractEntry es/typed-array/keys.js
29439 silly gunzTarPerm modified mode [ 'es/typed-array/keys.js', 420, 438 ]
29440 silly gunzTarPerm extractEntry features/array/keys.js
29441 silly gunzTarPerm modified mode [ 'features/array/keys.js', 420, 438 ]
29442 silly gunzTarPerm extractEntry features/array/virtual/keys.js
29443 silly gunzTarPerm modified mode [ 'features/array/virtual/keys.js', 420, 438 ]
29444 silly gunzTarPerm extractEntry features/instance/keys.js
29445 silly gunzTarPerm modified mode [ 'features/instance/keys.js', 420, 438 ]
29446 silly gunzTarPerm extractEntry features/object/keys.js
29447 silly gunzTarPerm modified mode [ 'features/object/keys.js', 420, 438 ]
29448 silly gunzTarPerm extractEntry features/typed-array/keys.js
29449 silly gunzTarPerm modified mode [ 'features/typed-array/keys.js', 420, 438 ]
29450 silly gunzTarPerm extractEntry full/array/keys.js
29451 silly gunzTarPerm modified mode [ 'full/array/keys.js', 420, 438 ]
29452 silly gunzTarPerm extractEntry full/array/virtual/keys.js
29453 silly gunzTarPerm modified mode [ 'full/array/virtual/keys.js', 420, 438 ]
29454 silly gunzTarPerm extractEntry full/instance/keys.js
29455 silly gunzTarPerm modified mode [ 'full/instance/keys.js', 420, 438 ]
29456 silly gunzTarPerm extractEntry full/object/keys.js
29457 silly gunzTarPerm modified mode [ 'full/object/keys.js', 420, 438 ]
29458 silly gunzTarPerm extractEntry full/typed-array/keys.js
29459 silly gunzTarPerm modified mode [ 'full/typed-array/keys.js', 420, 438 ]
29460 silly gunzTarPerm extractEntry stable/array/keys.js
29461 silly gunzTarPerm modified mode [ 'stable/array/keys.js', 420, 438 ]
29462 silly gunzTarPerm extractEntry stable/array/virtual/keys.js
29463 silly gunzTarPerm modified mode [ 'stable/array/virtual/keys.js', 420, 438 ]
29464 silly gunzTarPerm extractEntry stable/instance/keys.js
29465 silly gunzTarPerm modified mode [ 'stable/instance/keys.js', 420, 438 ]
29466 silly gunzTarPerm extractEntry stable/object/keys.js
29467 silly gunzTarPerm modified mode [ 'stable/object/keys.js', 420, 438 ]
29468 silly gunzTarPerm extractEntry stable/typed-array/keys.js
29469 silly gunzTarPerm modified mode [ 'stable/typed-array/keys.js', 420, 438 ]
29470 silly gunzTarPerm extractEntry actual/array/last-index-of.js
29471 silly gunzTarPerm modified mode [ 'actual/array/last-index-of.js', 420, 438 ]
29472 silly gunzTarPerm extractEntry actual/array/virtual/last-index-of.js
29473 silly gunzTarPerm modified mode [ 'actual/array/virtual/last-index-of.js', 420, 438 ]
29474 silly gunzTarPerm extractEntry actual/instance/last-index-of.js
29475 silly gunzTarPerm modified mode [ 'actual/instance/last-index-of.js', 420, 438 ]
29476 silly gunzTarPerm extractEntry actual/typed-array/last-index-of.js
29477 silly gunzTarPerm modified mode [ 'actual/typed-array/last-index-of.js', 420, 438 ]
29478 silly gunzTarPerm extractEntry es/array/last-index-of.js
29479 silly gunzTarPerm modified mode [ 'es/array/last-index-of.js', 420, 438 ]
29480 silly gunzTarPerm extractEntry es/array/virtual/last-index-of.js
29481 silly gunzTarPerm modified mode [ 'es/array/virtual/last-index-of.js', 420, 438 ]
29482 silly gunzTarPerm extractEntry es/instance/last-index-of.js
29483 silly gunzTarPerm modified mode [ 'es/instance/last-index-of.js', 420, 438 ]
29484 silly gunzTarPerm extractEntry es/typed-array/last-index-of.js
29485 silly gunzTarPerm modified mode [ 'es/typed-array/last-index-of.js', 420, 438 ]
29486 silly gunzTarPerm extractEntry features/array/last-index-of.js
29487 silly gunzTarPerm modified mode [ 'features/array/last-index-of.js', 420, 438 ]
29488 silly gunzTarPerm extractEntry features/array/virtual/last-index-of.js
29489 silly gunzTarPerm modified mode [ 'features/array/virtual/last-index-of.js', 420, 438 ]
29490 silly gunzTarPerm extractEntry features/instance/last-index-of.js
29491 silly gunzTarPerm modified mode [ 'features/instance/last-index-of.js', 420, 438 ]
29492 silly gunzTarPerm extractEntry features/typed-array/last-index-of.js
29493 silly gunzTarPerm modified mode [ 'features/typed-array/last-index-of.js', 420, 438 ]
29494 silly gunzTarPerm extractEntry full/array/last-index-of.js
29495 silly gunzTarPerm modified mode [ 'full/array/last-index-of.js', 420, 438 ]
29496 silly gunzTarPerm extractEntry full/array/virtual/last-index-of.js
29497 silly gunzTarPerm modified mode [ 'full/array/virtual/last-index-of.js', 420, 438 ]
29498 silly gunzTarPerm extractEntry full/instance/last-index-of.js
29499 silly gunzTarPerm modified mode [ 'full/instance/last-index-of.js', 420, 438 ]
29500 silly gunzTarPerm extractEntry full/typed-array/last-index-of.js
29501 silly gunzTarPerm modified mode [ 'full/typed-array/last-index-of.js', 420, 438 ]
29502 silly gunzTarPerm extractEntry stable/array/last-index-of.js
29503 silly gunzTarPerm modified mode [ 'stable/array/last-index-of.js', 420, 438 ]
29504 silly gunzTarPerm extractEntry stable/array/virtual/last-index-of.js
29505 silly gunzTarPerm modified mode [ 'stable/array/virtual/last-index-of.js', 420, 438 ]
29506 silly gunzTarPerm extractEntry stable/instance/last-index-of.js
29507 silly gunzTarPerm modified mode [ 'stable/instance/last-index-of.js', 420, 438 ]
29508 silly gunzTarPerm extractEntry stable/typed-array/last-index-of.js
29509 silly gunzTarPerm modified mode [ 'stable/typed-array/last-index-of.js', 420, 438 ]
29510 silly gunzTarPerm extractEntry features/array/last-index.js
29511 silly gunzTarPerm modified mode [ 'features/array/last-index.js', 420, 438 ]
29512 silly gunzTarPerm extractEntry full/array/last-index.js
29513 silly gunzTarPerm modified mode [ 'full/array/last-index.js', 420, 438 ]
29514 silly gunzTarPerm extractEntry features/array/last-item.js
29515 silly gunzTarPerm modified mode [ 'features/array/last-item.js', 420, 438 ]
29516 silly gunzTarPerm extractEntry full/array/last-item.js
29517 silly gunzTarPerm modified mode [ 'full/array/last-item.js', 420, 438 ]
29518 silly gunzTarPerm extractEntry internals/length-of-array-like.js
29519 silly gunzTarPerm modified mode [ 'internals/length-of-array-like.js', 420, 438 ]
29520 silly gunzTarPerm extractEntry actual/string/link.js
29521 silly gunzTarPerm modified mode [ 'actual/string/link.js', 420, 438 ]
29522 silly gunzTarPerm extractEntry actual/string/virtual/link.js
29523 silly gunzTarPerm modified mode [ 'actual/string/virtual/link.js', 420, 438 ]
29524 silly gunzTarPerm extractEntry es/string/link.js
29525 silly gunzTarPerm modified mode [ 'es/string/link.js', 420, 438 ]
29526 silly gunzTarPerm extractEntry es/string/virtual/link.js
29527 silly gunzTarPerm modified mode [ 'es/string/virtual/link.js', 420, 438 ]
29528 silly gunzTarPerm extractEntry features/string/link.js
29529 silly gunzTarPerm modified mode [ 'features/string/link.js', 420, 438 ]
29530 silly gunzTarPerm extractEntry features/string/virtual/link.js
29531 silly gunzTarPerm modified mode [ 'features/string/virtual/link.js', 420, 438 ]
29532 silly gunzTarPerm extractEntry full/string/link.js
29533 silly gunzTarPerm modified mode [ 'full/string/link.js', 420, 438 ]
29534 silly gunzTarPerm extractEntry full/string/virtual/link.js
29535 silly gunzTarPerm modified mode [ 'full/string/virtual/link.js', 420, 438 ]
29536 silly gunzTarPerm extractEntry stable/string/link.js
29537 silly gunzTarPerm modified mode [ 'stable/string/link.js', 420, 438 ]
29538 silly gunzTarPerm extractEntry stable/string/virtual/link.js
29539 silly gunzTarPerm modified mode [ 'stable/string/virtual/link.js', 420, 438 ]
29540 silly gunzTarPerm extractEntry actual/math/log10.js
29541 silly gunzTarPerm modified mode [ 'actual/math/log10.js', 420, 438 ]
29542 silly gunzTarPerm extractEntry es/math/log10.js
29543 silly gunzTarPerm modified mode [ 'es/math/log10.js', 420, 438 ]
29544 silly gunzTarPerm extractEntry features/math/log10.js
29545 silly gunzTarPerm modified mode [ 'features/math/log10.js', 420, 438 ]
29546 silly gunzTarPerm extractEntry full/math/log10.js
29547 silly gunzTarPerm modified mode [ 'full/math/log10.js', 420, 438 ]
29548 http 304 https://registry.npmjs.org/utrie
29549 silly get cb [ 304,
29549 silly get   { date: 'Tue, 21 Apr 2026 16:27:37 GMT',
29549 silly get     connection: 'keep-alive',
29549 silly get     'set-cookie': [ '_cfuvid=KNDlI4p_ubQMj5yfu6qV8fnwT7.vnNqMJlQ3FH2GO2U-1776788857.1626387-1.0.1.1-cdhObSZEvpxPGo5HUhyswimiPwdzyvSK1r5GQHNcnPQ; HttpOnly; SameSite=None; Secure; Path=/; Domain=npmjs.org' ],
29549 silly get     'cf-ray': '9efdc1d54c2e0db9-SAP',
29549 silly get     'cf-cache-status': 'HIT',
29549 silly get     'access-control-allow-origin': '*',
29549 silly get     age: '270',
29549 silly get     'cache-control': 'public, max-age=300',
29549 silly get     etag: '"98b0d402548436ca1e78a81639b06598"',
29549 silly get     'last-modified': 'Mon, 23 May 2022 00:25:52 GMT',
29549 silly get     server: 'cloudflare',
29549 silly get     vary: 'Accept-Encoding' } ]
29550 verbose etag https://registry.npmjs.org/utrie from cache
29551 verbose get saving utrie to C:\Users\Carlos García\AppData\Roaming\npm-cache\registry.npmjs.org\utrie\.cache.json
29552 silly gunzTarPerm extractEntry stable/math/log10.js
29553 silly gunzTarPerm modified mode [ 'stable/math/log10.js', 420, 438 ]
29554 silly gunzTarPerm extractEntry actual/math/log1p.js
29555 silly gunzTarPerm modified mode [ 'actual/math/log1p.js', 420, 438 ]
29556 silly gunzTarPerm extractEntry es/math/log1p.js
29557 silly gunzTarPerm modified mode [ 'es/math/log1p.js', 420, 438 ]
29558 silly gunzTarPerm extractEntry features/math/log1p.js
29559 silly gunzTarPerm modified mode [ 'features/math/log1p.js', 420, 438 ]
29560 silly gunzTarPerm extractEntry full/math/log1p.js
29561 silly gunzTarPerm modified mode [ 'full/math/log1p.js', 420, 438 ]
29562 silly gunzTarPerm extractEntry stable/math/log1p.js
29563 silly gunzTarPerm modified mode [ 'stable/math/log1p.js', 420, 438 ]
29564 silly gunzTarPerm extractEntry actual/math/log2.js
29565 silly gunzTarPerm modified mode [ 'actual/math/log2.js', 420, 438 ]
29566 silly gunzTarPerm extractEntry es/math/log2.js
29567 silly gunzTarPerm modified mode [ 'es/math/log2.js', 420, 438 ]
29568 silly gunzTarPerm extractEntry features/math/log2.js
29569 silly gunzTarPerm modified mode [ 'features/math/log2.js', 420, 438 ]
29570 silly gunzTarPerm extractEntry full/math/log2.js
29571 silly gunzTarPerm modified mode [ 'full/math/log2.js', 420, 438 ]
29572 silly gunzTarPerm extractEntry stable/math/log2.js
29573 silly gunzTarPerm modified mode [ 'stable/math/log2.js', 420, 438 ]
29574 silly gunzTarPerm extractEntry actual/object/lookup-getter.js
29575 silly gunzTarPerm modified mode [ 'actual/object/lookup-getter.js', 420, 438 ]
29576 silly gunzTarPerm extractEntry es/object/lookup-getter.js
29577 silly gunzTarPerm modified mode [ 'es/object/lookup-getter.js', 420, 438 ]
29578 silly gunzTarPerm extractEntry features/object/lookup-getter.js
29579 silly gunzTarPerm modified mode [ 'features/object/lookup-getter.js', 420, 438 ]
29580 silly gunzTarPerm extractEntry full/object/lookup-getter.js
29581 silly gunzTarPerm modified mode [ 'full/object/lookup-getter.js', 420, 438 ]
29582 silly gunzTarPerm extractEntry stable/object/lookup-getter.js
29583 silly gunzTarPerm modified mode [ 'stable/object/lookup-getter.js', 420, 438 ]
29584 silly gunzTarPerm extractEntry actual/object/lookup-setter.js
29585 silly gunzTarPerm modified mode [ 'actual/object/lookup-setter.js', 420, 438 ]
29586 silly gunzTarPerm extractEntry es/object/lookup-setter.js
29587 silly gunzTarPerm modified mode [ 'es/object/lookup-setter.js', 420, 438 ]
29588 silly gunzTarPerm extractEntry features/object/lookup-setter.js
29589 silly gunzTarPerm modified mode [ 'features/object/lookup-setter.js', 420, 438 ]
29590 silly gunzTarPerm extractEntry full/object/lookup-setter.js
29591 silly gunzTarPerm modified mode [ 'full/object/lookup-setter.js', 420, 438 ]
29592 silly addNameRange number 2 { name: 'utrie', range: '>=1.0.2 <2.0.0', hasData: true }
29593 silly addNameRange versions [ 'utrie', [ '1.0.0', '1.0.1', '1.0.2' ] ]
29594 verbose addNamed utrie@1.0.2
29595 silly addNamed semver.valid 1.0.2
29596 silly addNamed semver.validRange 1.0.2
29597 silly addNameRange number 2 { name: 'utrie', range: '>=1.0.2 <2.0.0', hasData: true }
29598 silly addNameRange versions [ 'utrie', [ '1.0.0', '1.0.1', '1.0.2' ] ]
29599 verbose addNamed utrie@1.0.2
29600 silly addNamed semver.valid 1.0.2
29601 silly addNamed semver.validRange 1.0.2
29602 silly gunzTarPerm extractEntry stable/object/lookup-setter.js
29603 silly gunzTarPerm modified mode [ 'stable/object/lookup-setter.js', 420, 438 ]
29604 silly gunzTarPerm extractEntry internals/make-built-in.js
29605 silly gunzTarPerm modified mode [ 'internals/make-built-in.js', 420, 438 ]
29606 silly cache afterAdd utrie@1.0.2
29607 verbose afterAdd C:\Users\Carlos García\AppData\Roaming\npm-cache\utrie\1.0.2\package\package.json not in flight; writing
29608 silly cache afterAdd utrie@1.0.2
29609 verbose afterAdd C:\Users\Carlos García\AppData\Roaming\npm-cache\utrie\1.0.2\package\package.json already in flight; not writing
29610 silly gunzTarPerm extractEntry internals/map-helpers.js
29611 silly gunzTarPerm modified mode [ 'internals/map-helpers.js', 420, 438 ]
29612 silly gunzTarPerm extractEntry internals/map-iterate.js
29613 silly gunzTarPerm modified mode [ 'internals/map-iterate.js', 420, 438 ]
29614 verbose afterAdd C:\Users\Carlos García\AppData\Roaming\npm-cache\utrie\1.0.2\package\package.json written
29615 silly install resolved [ { name: 'utrie',
29615 silly install resolved     version: '1.0.2',
29615 silly install resolved     description: 'Unicode Trie',
29615 silly install resolved     main: 'dist/utrie.umd.js',
29615 silly install resolved     module: 'dist/utrie.es5.js',
29615 silly install resolved     typings: 'dist/types/index.d.ts',
29615 silly install resolved     scripts:
29615 silly install resolved      { prebuild: 'rimraf dist/',
29615 silly install resolved        build: 'tsc --module commonjs && rollup -c rollup.config.ts',
29615 silly install resolved        format: 'prettier --write "{src,scripts}/**/*.ts"',
29615 silly install resolved        lint: 'tslint -c tslint.json --project tsconfig.json -t codeFrame src/**/*.ts tests/**/*.ts scripts/**/*.ts',
29615 silly install resolved        mocha: 'mocha --require ts-node/register tests/*.ts',
29615 silly install resolved        test: 'npm run lint && npm run mocha',
29615 silly install resolved        release: 'standard-version' },
29615 silly install resolved     dependencies: { 'base64-arraybuffer': '^1.0.2' },
29615 silly install resolved     devDependencies:
29615 silly install resolved      { '@rollup/plugin-commonjs': '^19.0.0',
29615 silly install resolved        '@rollup/plugin-node-resolve': '^13.0.0',
29615 silly install resolved        '@rollup/plugin-typescript': '^8.2.1',
29615 silly install resolved        '@types/mocha': '^8.2.2',
29615 silly install resolved        '@types/node': '^16.0.0',
29615 silly install resolved        mocha: '9.0.2',
29615 silly install resolved        prettier: '^2.3.2',
29615 silly install resolved        rimraf: '3.0.2',
29615 silly install resolved        rollup: '^2.52.7',
29615 silly install resolved        'rollup-plugin-json': '^4.0.0',
29615 silly install resolved        'rollup-plugin-sourcemaps': '^0.6.3',
29615 silly install resolved        'standard-version': '^9.3.0',
29615 silly install resolved        'ts-node': '^10.0.0',
29615 silly install resolved        tslib: '^2.3.0',
29615 silly install resolved        tslint: '^6.1.3',
29615 silly install resolved        'tslint-config-prettier': '^1.18.0',
29615 silly install resolved        typescript: '^4.3.5' },
29615 silly install resolved     author:
29615 silly install resolved      { name: 'Niklas von Hertzen',
29615 silly install resolved        email: 'niklasvh@gmail.com',
29615 silly install resolved        url: 'https://hertzen.com' },
29615 silly install resolved     license: 'MIT',
29615 silly install resolved     repository:
29615 silly install resolved      { type: 'git',
29615 silly install resolved        url: 'git+ssh://git@github.com/niklasvh/utrie.git' },
29615 silly install resolved     bugs: { url: 'https://github.com/niklasvh/utrie/issues' },
29615 silly install resolved     homepage: 'https://github.com/niklasvh/utrie',
29615 silly install resolved     gitHead: '83aa0322513b942e8730d71a7916e8da7dbf4bae',
29615 silly install resolved     _id: 'utrie@1.0.2',
29615 silly install resolved     _nodeVersion: '14.18.3',
29615 silly install resolved     _npmVersion: '6.14.15',
29615 silly install resolved     dist:
29615 silly install resolved      { integrity: 'sha512-1MLa5ouZiOmQzUbjbu9VmjLzn1QLXBhwpUa7kdLUQK+KQ5KA9I1vk5U4YHe/X2Ch7PYnJfWuWT+VbuxbGwljhw==',
29615 silly install resolved        shasum: 'd42fe44de9bc0119c25de7f564a6ed1b2c87a645',
29615 silly install resolved        tarball: 'https://registry.npmjs.org/utrie/-/utrie-1.0.2.tgz',
29615 silly install resolved        fileCount: 20,
29615 silly install resolved        unpackedSize: 359371,
29615 silly install resolved        'npm-signature': '-----BEGIN PGP SIGNATURE-----\r\nVersion: OpenPGP.js v3.0.13\r\nComment: https://openpgpjs.org\r\n\r\nwsFcBAEBCAAQBQJh7BeICRA9TVsSAnZWagAAEDoP/iLPyENn7e4yBmA0ZzhM\nM56A75kO2jKcyYrdNUvYT6M8IjKBt2IxtHVBUFMmwAmkotkRCHjWlVt/mNwN\nsMvmqI5lxnWi2iCRp7oX9OlOub/pKMDxfcswWttqtCzZE3q0mJpxSLjQpkEB\nYgfojbZI2R+Y9JZw1E2HxWFGXaxihWFq8Z1G9YZBvTQTQiCoQ2Lh3Y+8NhxI\nRSCwnZ/MfwIketwSyv7hUFrzvyMlyh8emIShfEYenqBVlCD/wep4eNY1DV4A\nEBRe9G7YG7HyA+WuEkvDC6psOiqcEs3gTX34wpHbhAOC65yfR2HuUvN03HtT\nitCd9qxbEuT0Qpvh0EqNwcOsqvL0Cf6Z8ji2VVm/GSaBL2TtDsT9PC3JxrC5\nZ3DxwNDZbHnLHwejgMF2oeX+eSVyEp6QNs2vHfw7R387d8zC2H0WzqDc5N8n\n1mlpm+IudjYNyX6Gya3MRiWSzkClnrbSjA1HmG2lVsIIay7AMlUI7kaa+TQ1\n11GeSPZdMOjMeFinby2c338PRlnesTghVY84nBS+7J0hzKCEA9NwWzHX3Bfv\nTvJ11vv8K1yTRnR3zzmY+1O5W11qINqyE3Yk5xfsaujouMFyc4y0LNBpq9BU\np5d4ryvFog9croMOAtWaXWmqmST9j3C5El7rBmfu2S1bYlSfan8MuBPIRD1p\n2v+S\r\n=/LyN\r\n-----END PGP SIGNATURE-----\r\n',
29615 silly install resolved        signatures: [Object] },
29615 silly install resolved     _npmUser: { name: 'niklasvh', email: 'niklasvh@gmail.com' },
29615 silly install resolved     directories: {},
29615 silly install resolved     maintainers: [ [Object] ],
29615 silly install resolved     _npmOperationalInternal:
29615 silly install resolved      { host: 's3://npm-registry-packages',
29615 silly install resolved        tmp: 'tmp/utrie_1.0.2_1642862472568_0.5733563659317615' },
29615 silly install resolved     _hasShrinkwrap: false,
29615 silly install resolved     _shasum: 'd42fe44de9bc0119c25de7f564a6ed1b2c87a645',
29615 silly install resolved     _resolved: 'https://registry.npmjs.org/utrie/-/utrie-1.0.2.tgz',
29615 silly install resolved     _from: 'utrie@>=1.0.2 <2.0.0',
29615 silly install resolved     readme: 'ERROR: No README data found!' } ]
29616 info install utrie@1.0.2 into C:\chef-master-pro\node_modules\jspdf\node_modules\html2canvas\node_modules\text-segmentation
29617 info installOne utrie@1.0.2
29618 verbose installOne of utrie to C:\chef-master-pro\node_modules\jspdf\node_modules\html2canvas\node_modules\text-segmentation not in flight; installing
29619 silly install resolved [ { name: 'utrie',
29619 silly install resolved     version: '1.0.2',
29619 silly install resolved     description: 'Unicode Trie',
29619 silly install resolved     main: 'dist/utrie.umd.js',
29619 silly install resolved     module: 'dist/utrie.es5.js',
29619 silly install resolved     typings: 'dist/types/index.d.ts',
29619 silly install resolved     scripts:
29619 silly install resolved      { prebuild: 'rimraf dist/',
29619 silly install resolved        build: 'tsc --module commonjs && rollup -c rollup.config.ts',
29619 silly install resolved        format: 'prettier --write "{src,scripts}/**/*.ts"',
29619 silly install resolved        lint: 'tslint -c tslint.json --project tsconfig.json -t codeFrame src/**/*.ts tests/**/*.ts scripts/**/*.ts',
29619 silly install resolved        mocha: 'mocha --require ts-node/register tests/*.ts',
29619 silly install resolved        test: 'npm run lint && npm run mocha',
29619 silly install resolved        release: 'standard-version' },
29619 silly install resolved     dependencies: { 'base64-arraybuffer': '^1.0.2' },
29619 silly install resolved     devDependencies:
29619 silly install resolved      { '@rollup/plugin-commonjs': '^19.0.0',
29619 silly install resolved        '@rollup/plugin-node-resolve': '^13.0.0',
29619 silly install resolved        '@rollup/plugin-typescript': '^8.2.1',
29619 silly install resolved        '@types/mocha': '^8.2.2',
29619 silly install resolved        '@types/node': '^16.0.0',
29619 silly install resolved        mocha: '9.0.2',
29619 silly install resolved        prettier: '^2.3.2',
29619 silly install resolved        rimraf: '3.0.2',
29619 silly install resolved        rollup: '^2.52.7',
29619 silly install resolved        'rollup-plugin-json': '^4.0.0',
29619 silly install resolved        'rollup-plugin-sourcemaps': '^0.6.3',
29619 silly install resolved        'standard-version': '^9.3.0',
29619 silly install resolved        'ts-node': '^10.0.0',
29619 silly install resolved        tslib: '^2.3.0',
29619 silly install resolved        tslint: '^6.1.3',
29619 silly install resolved        'tslint-config-prettier': '^1.18.0',
29619 silly install resolved        typescript: '^4.3.5' },
29619 silly install resolved     author:
29619 silly install resolved      { name: 'Niklas von Hertzen',
29619 silly install resolved        email: 'niklasvh@gmail.com',
29619 silly install resolved        url: 'https://hertzen.com' },
29619 silly install resolved     license: 'MIT',
29619 silly install resolved     repository:
29619 silly install resolved      { type: 'git',
29619 silly install resolved        url: 'git+ssh://git@github.com/niklasvh/utrie.git' },
29619 silly install resolved     bugs: { url: 'https://github.com/niklasvh/utrie/issues' },
29619 silly install resolved     homepage: 'https://github.com/niklasvh/utrie',
29619 silly install resolved     gitHead: '83aa0322513b942e8730d71a7916e8da7dbf4bae',
29619 silly install resolved     _id: 'utrie@1.0.2',
29619 silly install resolved     _nodeVersion: '14.18.3',
29619 silly install resolved     _npmVersion: '6.14.15',
29619 silly install resolved     dist:
29619 silly install resolved      { integrity: 'sha512-1MLa5ouZiOmQzUbjbu9VmjLzn1QLXBhwpUa7kdLUQK+KQ5KA9I1vk5U4YHe/X2Ch7PYnJfWuWT+VbuxbGwljhw==',
29619 silly install resolved        shasum: 'd42fe44de9bc0119c25de7f564a6ed1b2c87a645',
29619 silly install resolved        tarball: 'https://registry.npmjs.org/utrie/-/utrie-1.0.2.tgz',
29619 silly install resolved        fileCount: 20,
29619 silly install resolved        unpackedSize: 359371,
29619 silly install resolved        'npm-signature': '-----BEGIN PGP SIGNATURE-----\r\nVersion: OpenPGP.js v3.0.13\r\nComment: https://openpgpjs.org\r\n\r\nwsFcBAEBCAAQBQJh7BeICRA9TVsSAnZWagAAEDoP/iLPyENn7e4yBmA0ZzhM\nM56A75kO2jKcyYrdNUvYT6M8IjKBt2IxtHVBUFMmwAmkotkRCHjWlVt/mNwN\nsMvmqI5lxnWi2iCRp7oX9OlOub/pKMDxfcswWttqtCzZE3q0mJpxSLjQpkEB\nYgfojbZI2R+Y9JZw1E2HxWFGXaxihWFq8Z1G9YZBvTQTQiCoQ2Lh3Y+8NhxI\nRSCwnZ/MfwIketwSyv7hUFrzvyMlyh8emIShfEYenqBVlCD/wep4eNY1DV4A\nEBRe9G7YG7HyA+WuEkvDC6psOiqcEs3gTX34wpHbhAOC65yfR2HuUvN03HtT\nitCd9qxbEuT0Qpvh0EqNwcOsqvL0Cf6Z8ji2VVm/GSaBL2TtDsT9PC3JxrC5\nZ3DxwNDZbHnLHwejgMF2oeX+eSVyEp6QNs2vHfw7R387d8zC2H0WzqDc5N8n\n1mlpm+IudjYNyX6Gya3MRiWSzkClnrbSjA1HmG2lVsIIay7AMlUI7kaa+TQ1\n11GeSPZdMOjMeFinby2c338PRlnesTghVY84nBS+7J0hzKCEA9NwWzHX3Bfv\nTvJ11vv8K1yTRnR3zzmY+1O5W11qINqyE3Yk5xfsaujouMFyc4y0LNBpq9BU\np5d4ryvFog9croMOAtWaXWmqmST9j3C5El7rBmfu2S1bYlSfan8MuBPIRD1p\n2v+S\r\n=/LyN\r\n-----END PGP SIGNATURE-----\r\n',
29619 silly install resolved        signatures: [Object] },
29619 silly install resolved     _npmUser: { name: 'niklasvh', email: 'niklasvh@gmail.com' },
29619 silly install resolved     directories: {},
29619 silly install resolved     maintainers: [ [Object] ],
29619 silly install resolved     _npmOperationalInternal:
29619 silly install resolved      { host: 's3://npm-registry-packages',
29619 silly install resolved        tmp: 'tmp/utrie_1.0.2_1642862472568_0.5733563659317615' },
29619 silly install resolved     _hasShrinkwrap: false,
29619 silly install resolved     _shasum: 'd42fe44de9bc0119c25de7f564a6ed1b2c87a645',
29619 silly install resolved     _resolved: 'https://registry.npmjs.org/utrie/-/utrie-1.0.2.tgz',
29619 silly install resolved     _from: 'utrie@>=1.0.2 <2.0.0',
29619 silly install resolved     readme: 'ERROR: No README data found!' } ]
29620 info install utrie@1.0.2 into C:\chef-master-pro\node_modules\jspdf\node_modules\html2canvas\node_modules\css-line-break
29621 info installOne utrie@1.0.2
29622 verbose installOne of utrie to C:\chef-master-pro\node_modules\jspdf\node_modules\html2canvas\node_modules\css-line-break not in flight; installing
29623 verbose lock using C:\Users\Carlos García\AppData\Roaming\npm-cache\_locks\utrie-b004d8654364b771.lock for C:\chef-master-pro\node_modules\jspdf\node_modules\html2canvas\node_modules\text-segmentation\node_modules\utrie
29624 verbose lock using C:\Users\Carlos García\AppData\Roaming\npm-cache\_locks\utrie-6bd943c25556bb97.lock for C:\chef-master-pro\node_modules\jspdf\node_modules\html2canvas\node_modules\css-line-break\node_modules\utrie
29625 silly install write writing utrie 1.0.2 to C:\chef-master-pro\node_modules\jspdf\node_modules\html2canvas\node_modules\text-segmentation\node_modules\utrie
29626 silly cache addNamed cb utrie@1.0.2
29627 verbose unbuild node_modules\jspdf\node_modules\html2canvas\node_modules\text-segmentation\node_modules\utrie
29628 silly install write writing utrie 1.0.2 to C:\chef-master-pro\node_modules\jspdf\node_modules\html2canvas\node_modules\css-line-break\node_modules\utrie
29629 silly cache addNamed cb utrie@1.0.2
29630 verbose unbuild node_modules\jspdf\node_modules\html2canvas\node_modules\css-line-break\node_modules\utrie
29631 silly gunzTarPerm extractEntry features/map/map-keys.js
29632 silly gunzTarPerm modified mode [ 'features/map/map-keys.js', 420, 438 ]
29633 silly gunzTarPerm extractEntry full/map/map-keys.js
29634 silly gunzTarPerm modified mode [ 'full/map/map-keys.js', 420, 438 ]
29635 silly gentlyRm C:\chef-master-pro\node_modules\jspdf\node_modules\html2canvas\node_modules\text-segmentation\node_modules\utrie is being purged from base C:\chef-master-pro
29636 verbose gentlyRm don't care about contents; nuking C:\chef-master-pro\node_modules\jspdf\node_modules\html2canvas\node_modules\text-segmentation\node_modules\utrie
29637 silly gentlyRm C:\chef-master-pro\node_modules\jspdf\node_modules\html2canvas\node_modules\css-line-break\node_modules\utrie is being purged from base C:\chef-master-pro
29638 verbose gentlyRm don't care about contents; nuking C:\chef-master-pro\node_modules\jspdf\node_modules\html2canvas\node_modules\css-line-break\node_modules\utrie
29639 verbose tar unpack C:\Users\Carlos García\AppData\Roaming\npm-cache\utrie\1.0.2\package.tgz
29640 verbose tar unpacking to C:\chef-master-pro\node_modules\jspdf\node_modules\html2canvas\node_modules\text-segmentation\node_modules\utrie
29641 silly gentlyRm C:\chef-master-pro\node_modules\jspdf\node_modules\html2canvas\node_modules\text-segmentation\node_modules\utrie is being purged
29642 verbose gentlyRm don't care about contents; nuking C:\chef-master-pro\node_modules\jspdf\node_modules\html2canvas\node_modules\text-segmentation\node_modules\utrie
29643 verbose tar unpack C:\Users\Carlos García\AppData\Roaming\npm-cache\utrie\1.0.2\package.tgz
29644 verbose tar unpacking to C:\chef-master-pro\node_modules\jspdf\node_modules\html2canvas\node_modules\css-line-break\node_modules\utrie
29645 silly gentlyRm C:\chef-master-pro\node_modules\jspdf\node_modules\html2canvas\node_modules\css-line-break\node_modules\utrie is being purged
29646 verbose gentlyRm don't care about contents; nuking C:\chef-master-pro\node_modules\jspdf\node_modules\html2canvas\node_modules\css-line-break\node_modules\utrie
29647 silly gunzTarPerm modes [ '777', '666' ]
29648 silly gunzTarPerm modes [ '777', '666' ]
29649 silly gunzTarPerm extractEntry proposals/map-update-or-insert.js
29650 silly gunzTarPerm modified mode [ 'proposals/map-update-or-insert.js', 420, 438 ]
29651 silly gunzTarPerm extractEntry proposals/map-upsert-stage-2.js
29652 silly gunzTarPerm modified mode [ 'proposals/map-upsert-stage-2.js', 420, 438 ]
29653 silly gunzTarPerm extractEntry LICENSE
29654 silly gunzTarPerm modified mode [ 'LICENSE', 420, 438 ]
29655 silly gunzTarPerm extractEntry LICENSE
29656 silly gunzTarPerm modified mode [ 'LICENSE', 420, 438 ]
29657 silly gunzTarPerm extractEntry proposals/map-upsert-v4.js
29658 silly gunzTarPerm modified mode [ 'proposals/map-upsert-v4.js', 420, 438 ]
29659 silly gunzTarPerm extractEntry internals/map-upsert.js
29660 silly gunzTarPerm modified mode [ 'internals/map-upsert.js', 420, 438 ]
29661 silly gunzTarPerm extractEntry dist/lib/index.js
29662 silly gunzTarPerm modified mode [ 'dist/lib/index.js', 420, 438 ]
29663 silly gunzTarPerm extractEntry dist/lib/Trie.js
29664 silly gunzTarPerm modified mode [ 'dist/lib/Trie.js', 420, 438 ]
29665 silly gunzTarPerm extractEntry dist/lib/index.js
29666 silly gunzTarPerm modified mode [ 'dist/lib/index.js', 420, 438 ]
29667 silly gunzTarPerm extractEntry dist/lib/Trie.js
29668 silly gunzTarPerm modified mode [ 'dist/lib/Trie.js', 420, 438 ]
29669 silly gunzTarPerm extractEntry proposals/map-upsert.js
29670 silly gunzTarPerm modified mode [ 'proposals/map-upsert.js', 420, 438 ]
29671 silly gunzTarPerm extractEntry features/map/map-values.js
29672 silly gunzTarPerm modified mode [ 'features/map/map-values.js', 420, 438 ]
29673 silly gunzTarPerm extractEntry dist/lib/TrieBuilder.js
29674 silly gunzTarPerm modified mode [ 'dist/lib/TrieBuilder.js', 420, 438 ]
29675 silly gunzTarPerm extractEntry dist/lib/TrieBuilder.js
29676 silly gunzTarPerm modified mode [ 'dist/lib/TrieBuilder.js', 420, 438 ]
29677 silly gunzTarPerm extractEntry dist/lib/Util.js
29678 silly gunzTarPerm modified mode [ 'dist/lib/Util.js', 420, 438 ]
29679 silly gunzTarPerm extractEntry dist/lib/Util.js
29680 silly gunzTarPerm modified mode [ 'dist/lib/Util.js', 420, 438 ]
29681 silly gunzTarPerm extractEntry full/map/map-values.js
29682 silly gunzTarPerm modified mode [ 'full/map/map-values.js', 420, 438 ]
29683 silly gunzTarPerm extractEntry actual/array/map.js
29684 silly gunzTarPerm modified mode [ 'actual/array/map.js', 420, 438 ]
29685 silly gunzTarPerm extractEntry actual/array/virtual/map.js
29686 silly gunzTarPerm modified mode [ 'actual/array/virtual/map.js', 420, 438 ]
29687 silly gunzTarPerm extractEntry actual/async-iterator/map.js
29688 silly gunzTarPerm modified mode [ 'actual/async-iterator/map.js', 420, 438 ]
29689 silly gunzTarPerm extractEntry dist/utrie.es5.js
29690 silly gunzTarPerm modified mode [ 'dist/utrie.es5.js', 420, 438 ]
29691 silly gunzTarPerm extractEntry dist/utrie.umd.js
29692 silly gunzTarPerm modified mode [ 'dist/utrie.umd.js', 420, 438 ]
29693 silly gunzTarPerm extractEntry dist/utrie.es5.js
29694 silly gunzTarPerm modified mode [ 'dist/utrie.es5.js', 420, 438 ]
29695 silly gunzTarPerm extractEntry dist/utrie.umd.js
29696 silly gunzTarPerm modified mode [ 'dist/utrie.umd.js', 420, 438 ]
29697 silly gunzTarPerm extractEntry actual/instance/map.js
29698 silly gunzTarPerm modified mode [ 'actual/instance/map.js', 420, 438 ]
29699 silly gunzTarPerm extractEntry actual/iterator/map.js
29700 silly gunzTarPerm modified mode [ 'actual/iterator/map.js', 420, 438 ]
29701 silly gunzTarPerm extractEntry package.json
29702 silly gunzTarPerm modified mode [ 'package.json', 420, 438 ]
29703 silly gunzTarPerm extractEntry dist/lib/index.js.map
29704 silly gunzTarPerm modified mode [ 'dist/lib/index.js.map', 420, 438 ]
29705 silly gunzTarPerm extractEntry dist/lib/Trie.js.map
29706 silly gunzTarPerm modified mode [ 'dist/lib/Trie.js.map', 420, 438 ]
29707 silly gunzTarPerm extractEntry actual/typed-array/map.js
29708 silly gunzTarPerm modified mode [ 'actual/typed-array/map.js', 420, 438 ]
29709 silly gunzTarPerm extractEntry es/array/map.js
29710 silly gunzTarPerm modified mode [ 'es/array/map.js', 420, 438 ]
29711 silly gunzTarPerm extractEntry package.json
29712 silly gunzTarPerm modified mode [ 'package.json', 420, 438 ]
29713 silly gunzTarPerm extractEntry dist/lib/index.js.map
29714 silly gunzTarPerm modified mode [ 'dist/lib/index.js.map', 420, 438 ]
29715 silly gunzTarPerm extractEntry dist/lib/Trie.js.map
29716 silly gunzTarPerm modified mode [ 'dist/lib/Trie.js.map', 420, 438 ]
29717 silly gunzTarPerm extractEntry es/array/virtual/map.js
29718 silly gunzTarPerm modified mode [ 'es/array/virtual/map.js', 420, 438 ]
29719 silly gunzTarPerm extractEntry es/instance/map.js
29720 silly gunzTarPerm modified mode [ 'es/instance/map.js', 420, 438 ]
29721 silly gunzTarPerm extractEntry es/iterator/map.js
29722 silly gunzTarPerm modified mode [ 'es/iterator/map.js', 420, 438 ]
29723 silly gunzTarPerm extractEntry es/typed-array/map.js
29724 silly gunzTarPerm modified mode [ 'es/typed-array/map.js', 420, 438 ]
29725 silly gunzTarPerm extractEntry features/array/map.js
29726 silly gunzTarPerm modified mode [ 'features/array/map.js', 420, 438 ]
29727 silly gunzTarPerm extractEntry features/array/virtual/map.js
29728 silly gunzTarPerm modified mode [ 'features/array/virtual/map.js', 420, 438 ]
29729 silly gunzTarPerm extractEntry dist/lib/TrieBuilder.js.map
29730 silly gunzTarPerm modified mode [ 'dist/lib/TrieBuilder.js.map', 420, 438 ]
29731 silly gunzTarPerm extractEntry dist/lib/TrieBuilder.js.map
29732 silly gunzTarPerm modified mode [ 'dist/lib/TrieBuilder.js.map', 420, 438 ]
29733 silly gunzTarPerm extractEntry features/async-iterator/map.js
29734 silly gunzTarPerm modified mode [ 'features/async-iterator/map.js', 420, 438 ]
29735 silly gunzTarPerm extractEntry features/instance/map.js
29736 silly gunzTarPerm modified mode [ 'features/instance/map.js', 420, 438 ]
29737 silly gunzTarPerm extractEntry features/iterator/map.js
29738 silly gunzTarPerm modified mode [ 'features/iterator/map.js', 420, 438 ]
29739 silly gunzTarPerm extractEntry features/set/map.js
29740 silly gunzTarPerm modified mode [ 'features/set/map.js', 420, 438 ]
29741 silly gunzTarPerm extractEntry features/typed-array/map.js
29742 silly gunzTarPerm modified mode [ 'features/typed-array/map.js', 420, 438 ]
29743 silly gunzTarPerm extractEntry full/array/map.js
29744 silly gunzTarPerm modified mode [ 'full/array/map.js', 420, 438 ]
29745 silly gunzTarPerm extractEntry dist/lib/Util.js.map
29746 silly gunzTarPerm modified mode [ 'dist/lib/Util.js.map', 420, 438 ]
29747 silly gunzTarPerm extractEntry dist/lib/Util.js.map
29748 silly gunzTarPerm modified mode [ 'dist/lib/Util.js.map', 420, 438 ]
29749 silly gunzTarPerm extractEntry full/array/virtual/map.js
29750 silly gunzTarPerm modified mode [ 'full/array/virtual/map.js', 420, 438 ]
29751 silly gunzTarPerm extractEntry full/async-iterator/map.js
29752 silly gunzTarPerm modified mode [ 'full/async-iterator/map.js', 420, 438 ]
29753 silly gunzTarPerm extractEntry full/instance/map.js
29754 silly gunzTarPerm modified mode [ 'full/instance/map.js', 420, 438 ]
29755 silly gunzTarPerm extractEntry full/iterator/map.js
29756 silly gunzTarPerm modified mode [ 'full/iterator/map.js', 420, 438 ]
29757 silly gunzTarPerm extractEntry dist/utrie.es5.js.map
29758 silly gunzTarPerm modified mode [ 'dist/utrie.es5.js.map', 420, 438 ]
29759 silly gunzTarPerm extractEntry dist/utrie.umd.js.map
29760 silly gunzTarPerm modified mode [ 'dist/utrie.umd.js.map', 420, 438 ]
29761 silly gunzTarPerm extractEntry dist/utrie.es5.js.map
29762 silly gunzTarPerm modified mode [ 'dist/utrie.es5.js.map', 420, 438 ]
29763 silly gunzTarPerm extractEntry dist/utrie.umd.js.map
29764 silly gunzTarPerm modified mode [ 'dist/utrie.umd.js.map', 420, 438 ]
29765 silly gunzTarPerm extractEntry full/set/map.js
29766 silly gunzTarPerm modified mode [ 'full/set/map.js', 420, 438 ]
29767 silly gunzTarPerm extractEntry full/typed-array/map.js
29768 silly gunzTarPerm modified mode [ 'full/typed-array/map.js', 420, 438 ]
29769 silly gunzTarPerm extractEntry CHANGELOG.md
29770 silly gunzTarPerm modified mode [ 'CHANGELOG.md', 420, 438 ]
29771 silly gunzTarPerm extractEntry dist/types/index.d.ts
29772 silly gunzTarPerm modified mode [ 'dist/types/index.d.ts', 420, 438 ]
29773 silly gunzTarPerm extractEntry CHANGELOG.md
29774 silly gunzTarPerm modified mode [ 'CHANGELOG.md', 420, 438 ]
29775 silly gunzTarPerm extractEntry dist/types/index.d.ts
29776 silly gunzTarPerm modified mode [ 'dist/types/index.d.ts', 420, 438 ]
29777 silly gunzTarPerm extractEntry stable/array/map.js
29778 silly gunzTarPerm modified mode [ 'stable/array/map.js', 420, 438 ]
29779 silly gunzTarPerm extractEntry stable/array/virtual/map.js
29780 silly gunzTarPerm modified mode [ 'stable/array/virtual/map.js', 420, 438 ]
29781 silly gunzTarPerm extractEntry rollup.config.ts
29782 silly gunzTarPerm modified mode [ 'rollup.config.ts', 420, 438 ]
29783 silly gunzTarPerm extractEntry rollup.config.ts
29784 silly gunzTarPerm modified mode [ 'rollup.config.ts', 420, 438 ]
29785 silly gunzTarPerm extractEntry stable/instance/map.js
29786 silly gunzTarPerm modified mode [ 'stable/instance/map.js', 420, 438 ]
29787 silly gunzTarPerm extractEntry stable/iterator/map.js
29788 silly gunzTarPerm modified mode [ 'stable/iterator/map.js', 420, 438 ]
29789 silly gunzTarPerm extractEntry dist/types/Trie.d.ts
29790 silly gunzTarPerm modified mode [ 'dist/types/Trie.d.ts', 420, 438 ]
29791 silly gunzTarPerm extractEntry dist/types/Trie.d.ts
29792 silly gunzTarPerm modified mode [ 'dist/types/Trie.d.ts', 420, 438 ]
29793 silly gunzTarPerm extractEntry stable/typed-array/map.js
29794 silly gunzTarPerm modified mode [ 'stable/typed-array/map.js', 420, 438 ]
29795 silly gunzTarPerm extractEntry actual/instance/match-all.js
29796 silly gunzTarPerm modified mode [ 'actual/instance/match-all.js', 420, 438 ]
29797 silly gunzTarPerm extractEntry actual/string/match-all.js
29798 silly gunzTarPerm modified mode [ 'actual/string/match-all.js', 420, 438 ]
29799 silly gunzTarPerm extractEntry actual/string/virtual/match-all.js
29800 silly gunzTarPerm modified mode [ 'actual/string/virtual/match-all.js', 420, 438 ]
29801 silly gunzTarPerm extractEntry dist/types/TrieBuilder.d.ts
29802 silly gunzTarPerm modified mode [ 'dist/types/TrieBuilder.d.ts', 420, 438 ]
29803 silly gunzTarPerm extractEntry dist/types/Util.d.ts
29804 silly gunzTarPerm modified mode [ 'dist/types/Util.d.ts', 420, 438 ]
29805 silly gunzTarPerm extractEntry actual/symbol/match-all.js
29806 silly gunzTarPerm modified mode [ 'actual/symbol/match-all.js', 420, 438 ]
29807 silly gunzTarPerm extractEntry es/instance/match-all.js
29808 silly gunzTarPerm modified mode [ 'es/instance/match-all.js', 420, 438 ]
29809 silly gunzTarPerm extractEntry dist/types/TrieBuilder.d.ts
29810 silly gunzTarPerm modified mode [ 'dist/types/TrieBuilder.d.ts', 420, 438 ]
29811 silly gunzTarPerm extractEntry dist/types/Util.d.ts
29812 silly gunzTarPerm modified mode [ 'dist/types/Util.d.ts', 420, 438 ]
29813 silly gunzTarPerm extractEntry es/string/match-all.js
29814 silly gunzTarPerm modified mode [ 'es/string/match-all.js', 420, 438 ]
29815 silly gunzTarPerm extractEntry es/string/virtual/match-all.js
29816 silly gunzTarPerm modified mode [ 'es/string/virtual/match-all.js', 420, 438 ]
29817 silly gunzTarPerm extractEntry es/symbol/match-all.js
29818 silly gunzTarPerm modified mode [ 'es/symbol/match-all.js', 420, 438 ]
29819 silly gunzTarPerm extractEntry features/instance/match-all.js
29820 silly gunzTarPerm modified mode [ 'features/instance/match-all.js', 420, 438 ]
29821 silly gunzTarPerm extractEntry features/string/match-all.js
29822 silly gunzTarPerm modified mode [ 'features/string/match-all.js', 420, 438 ]
29823 silly gunzTarPerm extractEntry features/string/virtual/match-all.js
29824 silly gunzTarPerm modified mode [ 'features/string/virtual/match-all.js', 420, 438 ]
29825 silly gunzTarPerm extractEntry features/symbol/match-all.js
29826 silly gunzTarPerm modified mode [ 'features/symbol/match-all.js', 420, 438 ]
29827 silly gunzTarPerm extractEntry full/instance/match-all.js
29828 silly gunzTarPerm modified mode [ 'full/instance/match-all.js', 420, 438 ]
29829 silly gunzTarPerm extractEntry full/string/match-all.js
29830 silly gunzTarPerm modified mode [ 'full/string/match-all.js', 420, 438 ]
29831 silly gunzTarPerm extractEntry full/string/virtual/match-all.js
29832 silly gunzTarPerm modified mode [ 'full/string/virtual/match-all.js', 420, 438 ]
29833 silly gunzTarPerm extractEntry full/symbol/match-all.js
29834 silly gunzTarPerm modified mode [ 'full/symbol/match-all.js', 420, 438 ]
29835 silly gunzTarPerm extractEntry stable/instance/match-all.js
29836 silly gunzTarPerm modified mode [ 'stable/instance/match-all.js', 420, 438 ]
29837 silly gunzTarPerm extractEntry stable/string/match-all.js
29838 silly gunzTarPerm modified mode [ 'stable/string/match-all.js', 420, 438 ]
29839 silly gunzTarPerm extractEntry stable/string/virtual/match-all.js
29840 silly gunzTarPerm modified mode [ 'stable/string/virtual/match-all.js', 420, 438 ]
29841 silly gunzTarPerm extractEntry stable/symbol/match-all.js
29842 silly gunzTarPerm modified mode [ 'stable/symbol/match-all.js', 420, 438 ]
29843 silly gunzTarPerm extractEntry actual/regexp/match.js
29844 silly gunzTarPerm modified mode [ 'actual/regexp/match.js', 420, 438 ]
29845 silly gunzTarPerm extractEntry actual/string/match.js
29846 silly gunzTarPerm modified mode [ 'actual/string/match.js', 420, 438 ]
29847 silly gunzTarPerm extractEntry actual/symbol/match.js
29848 silly gunzTarPerm modified mode [ 'actual/symbol/match.js', 420, 438 ]
29849 silly gunzTarPerm extractEntry es/regexp/match.js
29850 silly gunzTarPerm modified mode [ 'es/regexp/match.js', 420, 438 ]
29851 silly gunzTarPerm extractEntry es/string/match.js
29852 silly gunzTarPerm modified mode [ 'es/string/match.js', 420, 438 ]
29853 silly gunzTarPerm extractEntry es/symbol/match.js
29854 silly gunzTarPerm modified mode [ 'es/symbol/match.js', 420, 438 ]
29855 silly gunzTarPerm extractEntry features/regexp/match.js
29856 silly gunzTarPerm modified mode [ 'features/regexp/match.js', 420, 438 ]
29857 silly gunzTarPerm extractEntry features/string/match.js
29858 silly gunzTarPerm modified mode [ 'features/string/match.js', 420, 438 ]
29859 silly gunzTarPerm extractEntry features/symbol/match.js
29860 silly gunzTarPerm modified mode [ 'features/symbol/match.js', 420, 438 ]
29861 silly gunzTarPerm extractEntry full/regexp/match.js
29862 silly gunzTarPerm modified mode [ 'full/regexp/match.js', 420, 438 ]
29863 silly gunzTarPerm extractEntry full/string/match.js
29864 silly gunzTarPerm modified mode [ 'full/string/match.js', 420, 438 ]
29865 silly gunzTarPerm extractEntry full/symbol/match.js
29866 silly gunzTarPerm modified mode [ 'full/symbol/match.js', 420, 438 ]
29867 silly gunzTarPerm extractEntry stable/regexp/match.js
29868 silly gunzTarPerm modified mode [ 'stable/regexp/match.js', 420, 438 ]
29869 silly gunzTarPerm extractEntry stable/string/match.js
29870 silly gunzTarPerm modified mode [ 'stable/string/match.js', 420, 438 ]
29871 silly gunzTarPerm extractEntry stable/symbol/match.js
29872 silly gunzTarPerm modified mode [ 'stable/symbol/match.js', 420, 438 ]
29873 silly gunzTarPerm extractEntry features/symbol/matcher.js
29874 silly gunzTarPerm modified mode [ 'features/symbol/matcher.js', 420, 438 ]
29875 silly gunzTarPerm extractEntry full/symbol/matcher.js
29876 silly gunzTarPerm modified mode [ 'full/symbol/matcher.js', 420, 438 ]
29877 silly gunzTarPerm extractEntry proposals/math-clamp-v2.js
29878 silly gunzTarPerm modified mode [ 'proposals/math-clamp-v2.js', 420, 438 ]
29879 silly gunzTarPerm extractEntry internals/math-clamp.js
29880 silly gunzTarPerm modified mode [ 'internals/math-clamp.js', 420, 438 ]
29881 silly gunzTarPerm extractEntry proposals/math-clamp.js
29882 silly gunzTarPerm modified mode [ 'proposals/math-clamp.js', 420, 438 ]
29883 silly gunzTarPerm extractEntry internals/math-expm1.js
29884 silly gunzTarPerm modified mode [ 'internals/math-expm1.js', 420, 438 ]
29885 silly gunzTarPerm extractEntry proposals/math-extensions.js
29886 silly gunzTarPerm modified mode [ 'proposals/math-extensions.js', 420, 438 ]
29887 silly gunzTarPerm extractEntry internals/math-float-round.js
29888 silly gunzTarPerm modified mode [ 'internals/math-float-round.js', 420, 438 ]
29889 silly gunzTarPerm extractEntry internals/math-fround.js
29890 silly gunzTarPerm modified mode [ 'internals/math-fround.js', 420, 438 ]
29891 silly gunzTarPerm extractEntry internals/math-log10.js
29892 silly gunzTarPerm modified mode [ 'internals/math-log10.js', 420, 438 ]
29893 silly gunzTarPerm extractEntry internals/math-log1p.js
29894 silly gunzTarPerm modified mode [ 'internals/math-log1p.js', 420, 438 ]
29895 silly gunzTarPerm extractEntry internals/math-log2.js
29896 silly gunzTarPerm modified mode [ 'internals/math-log2.js', 420, 438 ]
29897 silly gunzTarPerm extractEntry internals/math-round-ties-to-even.js
29898 silly gunzTarPerm modified mode [ 'internals/math-round-ties-to-even.js', 420, 438 ]
29899 silly gunzTarPerm extractEntry internals/math-scale.js
29900 silly gunzTarPerm modified mode [ 'internals/math-scale.js', 420, 438 ]
29901 silly gunzTarPerm extractEntry internals/math-sign.js
29902 silly gunzTarPerm modified mode [ 'internals/math-sign.js', 420, 438 ]
29903 silly gunzTarPerm extractEntry proposals/math-signbit.js
29904 silly gunzTarPerm modified mode [ 'proposals/math-signbit.js', 420, 438 ]
29905 silly gunzTarPerm extractEntry proposals/math-sum.js
29906 silly gunzTarPerm modified mode [ 'proposals/math-sum.js', 420, 438 ]
29907 silly gunzTarPerm extractEntry internals/math-trunc.js
29908 silly gunzTarPerm modified mode [ 'internals/math-trunc.js', 420, 438 ]
29909 silly gunzTarPerm extractEntry actual/number/max-safe-integer.js
29910 silly gunzTarPerm modified mode [ 'actual/number/max-safe-integer.js', 420, 438 ]
29911 silly gunzTarPerm extractEntry es/number/max-safe-integer.js
29912 silly gunzTarPerm modified mode [ 'es/number/max-safe-integer.js', 420, 438 ]
29913 silly gunzTarPerm extractEntry features/number/max-safe-integer.js
29914 silly gunzTarPerm modified mode [ 'features/number/max-safe-integer.js', 420, 438 ]
29915 silly gunzTarPerm extractEntry full/number/max-safe-integer.js
29916 silly gunzTarPerm modified mode [ 'full/number/max-safe-integer.js', 420, 438 ]
29917 silly gunzTarPerm extractEntry stable/number/max-safe-integer.js
29918 silly gunzTarPerm modified mode [ 'stable/number/max-safe-integer.js', 420, 438 ]
29919 silly gunzTarPerm extractEntry features/map/merge.js
29920 silly gunzTarPerm modified mode [ 'features/map/merge.js', 420, 438 ]
29921 silly gunzTarPerm extractEntry full/map/merge.js
29922 silly gunzTarPerm modified mode [ 'full/map/merge.js', 420, 438 ]
29923 silly gunzTarPerm extractEntry features/symbol/metadata-key.js
29924 silly gunzTarPerm modified mode [ 'features/symbol/metadata-key.js', 420, 438 ]
29925 silly gunzTarPerm extractEntry full/symbol/metadata-key.js
29926 silly gunzTarPerm modified mode [ 'full/symbol/metadata-key.js', 420, 438 ]
29927 silly gunzTarPerm extractEntry actual/function/metadata.js
29928 silly gunzTarPerm modified mode [ 'actual/function/metadata.js', 420, 438 ]
29929 info preinstall utrie@1.0.2
29930 silly gunzTarPerm extractEntry actual/symbol/metadata.js
29931 silly gunzTarPerm modified mode [ 'actual/symbol/metadata.js', 420, 438 ]
29932 silly gunzTarPerm extractEntry features/function/metadata.js
29933 silly gunzTarPerm modified mode [ 'features/function/metadata.js', 420, 438 ]
29934 silly prepareForInstallMany adding base64-arraybuffer@^1.0.2 from utrie dependencies
29935 info preinstall utrie@1.0.2
29936 silly cache add args [ 'base64-arraybuffer@^1.0.2', null ]
29937 verbose cache add spec base64-arraybuffer@^1.0.2
29938 silly cache add parsed spec { raw: 'base64-arraybuffer@^1.0.2',
29938 silly cache add   scope: null,
29938 silly cache add   name: 'base64-arraybuffer',
29938 silly cache add   rawSpec: '^1.0.2',
29938 silly cache add   spec: '>=1.0.2 <2.0.0',
29938 silly cache add   type: 'range' }
29939 verbose addNamed base64-arraybuffer@>=1.0.2 <2.0.0
29940 silly addNamed semver.valid null
29941 silly addNamed semver.validRange >=1.0.2 <2.0.0
29942 silly addNameRange { name: 'base64-arraybuffer',
29942 silly addNameRange   range: '>=1.0.2 <2.0.0',
29942 silly addNameRange   hasData: false }
29943 silly mapToRegistry name base64-arraybuffer
29944 silly mapToRegistry using default registry
29945 silly mapToRegistry registry https://registry.npmjs.org/
29946 silly mapToRegistry uri https://registry.npmjs.org/base64-arraybuffer
29947 verbose addNameRange registry:https://registry.npmjs.org/base64-arraybuffer not in flight; fetching
29948 silly prepareForInstallMany adding base64-arraybuffer@^1.0.2 from utrie dependencies
29949 silly gunzTarPerm extractEntry features/reflect/metadata.js
29950 silly gunzTarPerm modified mode [ 'features/reflect/metadata.js', 420, 438 ]
29951 silly gunzTarPerm extractEntry features/symbol/metadata.js
29952 silly gunzTarPerm modified mode [ 'features/symbol/metadata.js', 420, 438 ]
29953 verbose request uri https://registry.npmjs.org/base64-arraybuffer
29954 verbose request no auth needed
29955 info attempt registry request try #1 at 10:27:38
29956 verbose etag W/"3dec155c6885a4b09c4fa78160b30b01"
29957 verbose lastModified Mon, 13 Jun 2022 04:17:27 GMT
29958 http request GET https://registry.npmjs.org/base64-arraybuffer
29959 silly cache add args [ 'base64-arraybuffer@^1.0.2', null ]
29960 verbose cache add spec base64-arraybuffer@^1.0.2
29961 silly cache add parsed spec { raw: 'base64-arraybuffer@^1.0.2',
29961 silly cache add   scope: null,
29961 silly cache add   name: 'base64-arraybuffer',
29961 silly cache add   rawSpec: '^1.0.2',
29961 silly cache add   spec: '>=1.0.2 <2.0.0',
29961 silly cache add   type: 'range' }
29962 verbose addNamed base64-arraybuffer@>=1.0.2 <2.0.0
29963 silly addNamed semver.valid null
29964 silly addNamed semver.validRange >=1.0.2 <2.0.0
29965 silly addNameRange { name: 'base64-arraybuffer',
29965 silly addNameRange   range: '>=1.0.2 <2.0.0',
29965 silly addNameRange   hasData: false }
29966 silly mapToRegistry name base64-arraybuffer
29967 silly mapToRegistry using default registry
29968 silly mapToRegistry registry https://registry.npmjs.org/
29969 silly mapToRegistry uri https://registry.npmjs.org/base64-arraybuffer
29970 verbose addNameRange registry:https://registry.npmjs.org/base64-arraybuffer already in flight; waiting
29971 silly gunzTarPerm extractEntry full/function/metadata.js
29972 silly gunzTarPerm modified mode [ 'full/function/metadata.js', 420, 438 ]
29973 silly gunzTarPerm extractEntry full/reflect/metadata.js
29974 silly gunzTarPerm modified mode [ 'full/reflect/metadata.js', 420, 438 ]
29975 silly gunzTarPerm extractEntry full/symbol/metadata.js
29976 silly gunzTarPerm modified mode [ 'full/symbol/metadata.js', 420, 438 ]
29977 silly gunzTarPerm extractEntry actual/typed-array/methods.js
29978 silly gunzTarPerm modified mode [ 'actual/typed-array/methods.js', 420, 438 ]
29979 silly gunzTarPerm extractEntry es/typed-array/methods.js
29980 silly gunzTarPerm modified mode [ 'es/typed-array/methods.js', 420, 438 ]
29981 silly gunzTarPerm extractEntry features/typed-array/methods.js
29982 silly gunzTarPerm modified mode [ 'features/typed-array/methods.js', 420, 438 ]
29983 silly gunzTarPerm extractEntry full/typed-array/methods.js
29984 silly gunzTarPerm modified mode [ 'full/typed-array/methods.js', 420, 438 ]
29985 silly gunzTarPerm extractEntry stable/typed-array/methods.js
29986 silly gunzTarPerm modified mode [ 'stable/typed-array/methods.js', 420, 438 ]
29987 silly gunzTarPerm extractEntry internals/microtask.js
29988 silly gunzTarPerm modified mode [ 'internals/microtask.js', 420, 438 ]
29989 silly gunzTarPerm extractEntry actual/number/min-safe-integer.js
29990 silly gunzTarPerm modified mode [ 'actual/number/min-safe-integer.js', 420, 438 ]
29991 silly gunzTarPerm extractEntry es/number/min-safe-integer.js
29992 silly gunzTarPerm modified mode [ 'es/number/min-safe-integer.js', 420, 438 ]
29993 silly gunzTarPerm extractEntry features/number/min-safe-integer.js
29994 silly gunzTarPerm modified mode [ 'features/number/min-safe-integer.js', 420, 438 ]
29995 silly gunzTarPerm extractEntry full/number/min-safe-integer.js
29996 silly gunzTarPerm modified mode [ 'full/number/min-safe-integer.js', 420, 438 ]
29997 silly gunzTarPerm extractEntry stable/number/min-safe-integer.js
29998 silly gunzTarPerm modified mode [ 'stable/number/min-safe-integer.js', 420, 438 ]
29999 silly gunzTarPerm extractEntry actual/function/name.js
30000 silly gunzTarPerm modified mode [ 'actual/function/name.js', 420, 438 ]
30001 silly gunzTarPerm extractEntry es/function/name.js
30002 silly gunzTarPerm modified mode [ 'es/function/name.js', 420, 438 ]
30003 silly gunzTarPerm extractEntry features/function/name.js
30004 silly gunzTarPerm modified mode [ 'features/function/name.js', 420, 438 ]
30005 silly gunzTarPerm extractEntry full/function/name.js
30006 silly gunzTarPerm modified mode [ 'full/function/name.js', 420, 438 ]
30007 silly gunzTarPerm extractEntry stable/function/name.js
30008 silly gunzTarPerm modified mode [ 'stable/function/name.js', 420, 438 ]
30009 silly gunzTarPerm extractEntry internals/native-raw-json.js
30010 silly gunzTarPerm modified mode [ 'internals/native-raw-json.js', 420, 438 ]
30011 silly gunzTarPerm extractEntry internals/new-promise-capability.js
30012 silly gunzTarPerm modified mode [ 'internals/new-promise-capability.js', 420, 438 ]
30013 silly gunzTarPerm extractEntry internals/normalize-string-argument.js
30014 silly gunzTarPerm modified mode [ 'internals/normalize-string-argument.js', 420, 438 ]
30015 silly gunzTarPerm extractEntry internals/not-a-nan.js
30016 silly gunzTarPerm modified mode [ 'internals/not-a-nan.js', 420, 438 ]
30017 silly gunzTarPerm extractEntry internals/not-a-regexp.js
30018 silly gunzTarPerm modified mode [ 'internals/not-a-regexp.js', 420, 438 ]
30019 silly gunzTarPerm extractEntry actual/date/now.js
30020 silly gunzTarPerm modified mode [ 'actual/date/now.js', 420, 438 ]
30021 silly gunzTarPerm extractEntry es/date/now.js
30022 silly gunzTarPerm modified mode [ 'es/date/now.js', 420, 438 ]
30023 silly gunzTarPerm extractEntry features/date/now.js
30024 silly gunzTarPerm modified mode [ 'features/date/now.js', 420, 438 ]
30025 silly gunzTarPerm extractEntry full/date/now.js
30026 silly gunzTarPerm modified mode [ 'full/date/now.js', 420, 438 ]
30027 silly gunzTarPerm extractEntry stable/date/now.js
30028 silly gunzTarPerm modified mode [ 'stable/date/now.js', 420, 438 ]
30029 silly gunzTarPerm extractEntry proposals/number-from-string.js
30030 silly gunzTarPerm modified mode [ 'proposals/number-from-string.js', 420, 438 ]
30031 silly gunzTarPerm extractEntry internals/number-is-finite.js
30032 silly gunzTarPerm modified mode [ 'internals/number-is-finite.js', 420, 438 ]
30033 silly gunzTarPerm extractEntry internals/number-parse-float.js
30034 silly gunzTarPerm modified mode [ 'internals/number-parse-float.js', 420, 438 ]
30035 silly gunzTarPerm extractEntry internals/number-parse-int.js
30036 silly gunzTarPerm modified mode [ 'internals/number-parse-int.js', 420, 438 ]
30037 silly gunzTarPerm extractEntry proposals/number-range.js
30038 silly gunzTarPerm modified mode [ 'proposals/number-range.js', 420, 438 ]
30039 silly gunzTarPerm extractEntry internals/numeric-range-iterator.js
30040 silly gunzTarPerm modified mode [ 'internals/numeric-range-iterator.js', 420, 438 ]
30041 silly gunzTarPerm extractEntry internals/object-assign.js
30042 silly gunzTarPerm modified mode [ 'internals/object-assign.js', 420, 438 ]
30043 silly gunzTarPerm extractEntry internals/object-create.js
30044 silly gunzTarPerm modified mode [ 'internals/object-create.js', 420, 438 ]
30045 silly gunzTarPerm extractEntry internals/object-define-properties.js
30046 silly gunzTarPerm modified mode [ 'internals/object-define-properties.js', 420, 438 ]
30047 silly gunzTarPerm extractEntry internals/object-define-property.js
30048 silly gunzTarPerm modified mode [ 'internals/object-define-property.js', 420, 438 ]
30049 silly gunzTarPerm extractEntry proposals/object-from-entries.js
30050 silly gunzTarPerm modified mode [ 'proposals/object-from-entries.js', 420, 438 ]
30051 silly gunzTarPerm extractEntry internals/object-get-own-property-descriptor.js
30052 silly gunzTarPerm modified mode [ 'internals/object-get-own-property-descriptor.js', 420, 438 ]
30053 silly gunzTarPerm extractEntry internals/object-get-own-property-names-external.js
30054 silly gunzTarPerm modified mode [ 'internals/object-get-own-property-names-external.js',
30054 silly gunzTarPerm   420,
30054 silly gunzTarPerm   438 ]
30055 silly gunzTarPerm extractEntry internals/object-get-own-property-names.js
30056 silly gunzTarPerm modified mode [ 'internals/object-get-own-property-names.js', 420, 438 ]
30057 silly gunzTarPerm extractEntry internals/object-get-own-property-symbols.js
30058 silly gunzTarPerm modified mode [ 'internals/object-get-own-property-symbols.js', 420, 438 ]
30059 silly gunzTarPerm extractEntry internals/object-get-prototype-of.js
30060 silly gunzTarPerm modified mode [ 'internals/object-get-prototype-of.js', 420, 438 ]
30061 silly gunzTarPerm extractEntry proposals/object-getownpropertydescriptors.js
30062 silly gunzTarPerm modified mode [ 'proposals/object-getownpropertydescriptors.js', 420, 438 ]
30063 silly gunzTarPerm extractEntry internals/object-is-extensible.js
30064 silly gunzTarPerm modified mode [ 'internals/object-is-extensible.js', 420, 438 ]
30065 silly gunzTarPerm extractEntry internals/object-is-prototype-of.js
30066 silly gunzTarPerm modified mode [ 'internals/object-is-prototype-of.js', 420, 438 ]
30067 silly gunzTarPerm extractEntry proposals/object-iteration.js
30068 silly gunzTarPerm modified mode [ 'proposals/object-iteration.js', 420, 438 ]
30069 silly gunzTarPerm extractEntry internals/object-iterator.js
30070 silly gunzTarPerm modified mode [ 'internals/object-iterator.js', 420, 438 ]
30071 silly gunzTarPerm extractEntry internals/object-keys-internal.js
30072 silly gunzTarPerm modified mode [ 'internals/object-keys-internal.js', 420, 438 ]
30073 silly gunzTarPerm extractEntry internals/object-keys.js
30074 silly gunzTarPerm modified mode [ 'internals/object-keys.js', 420, 438 ]
30075 silly gunzTarPerm extractEntry internals/object-property-is-enumerable.js
30076 silly gunzTarPerm modified mode [ 'internals/object-property-is-enumerable.js', 420, 438 ]
30077 silly gunzTarPerm extractEntry internals/object-prototype-accessors-forced.js
30078 silly gunzTarPerm modified mode [ 'internals/object-prototype-accessors-forced.js', 420, 438 ]
30079 silly gunzTarPerm extractEntry internals/object-set-prototype-of.js
30080 silly gunzTarPerm modified mode [ 'internals/object-set-prototype-of.js', 420, 438 ]
30081 silly gunzTarPerm extractEntry internals/object-to-array.js
30082 silly gunzTarPerm modified mode [ 'internals/object-to-array.js', 420, 438 ]
30083 silly gunzTarPerm extractEntry internals/object-to-string.js
30084 silly gunzTarPerm modified mode [ 'internals/object-to-string.js', 420, 438 ]
30085 silly gunzTarPerm extractEntry proposals/object-values-entries.js
30086 silly gunzTarPerm modified mode [ 'proposals/object-values-entries.js', 420, 438 ]
30087 silly gunzTarPerm extractEntry features/symbol/observable.js
30088 silly gunzTarPerm modified mode [ 'features/symbol/observable.js', 420, 438 ]
30089 silly gunzTarPerm extractEntry full/symbol/observable.js
30090 silly gunzTarPerm modified mode [ 'full/symbol/observable.js', 420, 438 ]
30091 silly gunzTarPerm extractEntry proposals/observable.js
30092 silly gunzTarPerm modified mode [ 'proposals/observable.js', 420, 438 ]
30093 silly gunzTarPerm extractEntry actual/array/of.js
30094 silly gunzTarPerm modified mode [ 'actual/array/of.js', 420, 438 ]
30095 silly gunzTarPerm extractEntry actual/typed-array/of.js
30096 silly gunzTarPerm modified mode [ 'actual/typed-array/of.js', 420, 438 ]
30097 silly gunzTarPerm extractEntry es/array/of.js
30098 silly gunzTarPerm modified mode [ 'es/array/of.js', 420, 438 ]
30099 silly gunzTarPerm extractEntry es/typed-array/of.js
30100 silly gunzTarPerm modified mode [ 'es/typed-array/of.js', 420, 438 ]
30101 silly gunzTarPerm extractEntry features/array/of.js
30102 silly gunzTarPerm modified mode [ 'features/array/of.js', 420, 438 ]
30103 silly gunzTarPerm extractEntry features/map/of.js
30104 silly gunzTarPerm modified mode [ 'features/map/of.js', 420, 438 ]
30105 silly gunzTarPerm extractEntry features/set/of.js
30106 silly gunzTarPerm modified mode [ 'features/set/of.js', 420, 438 ]
30107 silly gunzTarPerm extractEntry features/typed-array/of.js
30108 silly gunzTarPerm modified mode [ 'features/typed-array/of.js', 420, 438 ]
30109 silly gunzTarPerm extractEntry features/weak-map/of.js
30110 silly gunzTarPerm modified mode [ 'features/weak-map/of.js', 420, 438 ]
30111 silly gunzTarPerm extractEntry features/weak-set/of.js
30112 silly gunzTarPerm modified mode [ 'features/weak-set/of.js', 420, 438 ]
30113 silly gunzTarPerm extractEntry full/array/of.js
30114 silly gunzTarPerm modified mode [ 'full/array/of.js', 420, 438 ]
30115 silly gunzTarPerm extractEntry full/map/of.js
30116 silly gunzTarPerm modified mode [ 'full/map/of.js', 420, 438 ]
30117 silly gunzTarPerm extractEntry full/set/of.js
30118 silly gunzTarPerm modified mode [ 'full/set/of.js', 420, 438 ]
30119 silly gunzTarPerm extractEntry full/typed-array/of.js
30120 silly gunzTarPerm modified mode [ 'full/typed-array/of.js', 420, 438 ]
30121 silly gunzTarPerm extractEntry full/weak-map/of.js
30122 silly gunzTarPerm modified mode [ 'full/weak-map/of.js', 420, 438 ]
30123 silly gunzTarPerm extractEntry full/weak-set/of.js
30124 silly gunzTarPerm modified mode [ 'full/weak-set/of.js', 420, 438 ]
30125 silly gunzTarPerm extractEntry stable/array/of.js
30126 silly gunzTarPerm modified mode [ 'stable/array/of.js', 420, 438 ]
30127 silly gunzTarPerm extractEntry stable/typed-array/of.js
30128 silly gunzTarPerm modified mode [ 'stable/typed-array/of.js', 420, 438 ]
30129 silly gunzTarPerm extractEntry internals/ordinary-to-primitive.js
30130 silly gunzTarPerm modified mode [ 'internals/ordinary-to-primitive.js', 420, 438 ]
30131 silly gunzTarPerm extractEntry actual/reflect/own-keys.js
30132 silly gunzTarPerm modified mode [ 'actual/reflect/own-keys.js', 420, 438 ]
30133 silly gunzTarPerm extractEntry es/reflect/own-keys.js
30134 silly gunzTarPerm modified mode [ 'es/reflect/own-keys.js', 420, 438 ]
30135 silly gunzTarPerm extractEntry features/reflect/own-keys.js
30136 silly gunzTarPerm modified mode [ 'features/reflect/own-keys.js', 420, 438 ]
30137 silly gunzTarPerm extractEntry full/reflect/own-keys.js
30138 silly gunzTarPerm modified mode [ 'full/reflect/own-keys.js', 420, 438 ]
30139 silly gunzTarPerm extractEntry internals/own-keys.js
30140 silly gunzTarPerm modified mode [ 'internals/own-keys.js', 420, 438 ]
30141 silly gunzTarPerm extractEntry stable/reflect/own-keys.js
30142 silly gunzTarPerm modified mode [ 'stable/reflect/own-keys.js', 420, 438 ]
30143 silly gunzTarPerm extractEntry actual/instance/pad-end.js
30144 silly gunzTarPerm modified mode [ 'actual/instance/pad-end.js', 420, 438 ]
30145 silly gunzTarPerm extractEntry actual/string/pad-end.js
30146 silly gunzTarPerm modified mode [ 'actual/string/pad-end.js', 420, 438 ]
30147 silly gunzTarPerm extractEntry actual/string/virtual/pad-end.js
30148 silly gunzTarPerm modified mode [ 'actual/string/virtual/pad-end.js', 420, 438 ]
30149 silly gunzTarPerm extractEntry es/instance/pad-end.js
30150 silly gunzTarPerm modified mode [ 'es/instance/pad-end.js', 420, 438 ]
30151 silly gunzTarPerm extractEntry es/string/pad-end.js
30152 silly gunzTarPerm modified mode [ 'es/string/pad-end.js', 420, 438 ]
30153 silly gunzTarPerm extractEntry es/string/virtual/pad-end.js
30154 silly gunzTarPerm modified mode [ 'es/string/virtual/pad-end.js', 420, 438 ]
30155 silly gunzTarPerm extractEntry features/instance/pad-end.js
30156 silly gunzTarPerm modified mode [ 'features/instance/pad-end.js', 420, 438 ]
30157 silly gunzTarPerm extractEntry features/string/pad-end.js
30158 silly gunzTarPerm modified mode [ 'features/string/pad-end.js', 420, 438 ]
30159 silly gunzTarPerm extractEntry features/string/virtual/pad-end.js
30160 silly gunzTarPerm modified mode [ 'features/string/virtual/pad-end.js', 420, 438 ]
30161 silly gunzTarPerm extractEntry full/instance/pad-end.js
30162 silly gunzTarPerm modified mode [ 'full/instance/pad-end.js', 420, 438 ]
30163 silly gunzTarPerm extractEntry full/string/pad-end.js
30164 silly gunzTarPerm modified mode [ 'full/string/pad-end.js', 420, 438 ]
30165 silly gunzTarPerm extractEntry full/string/virtual/pad-end.js
30166 silly gunzTarPerm modified mode [ 'full/string/virtual/pad-end.js', 420, 438 ]
30167 silly gunzTarPerm extractEntry stable/instance/pad-end.js
30168 silly gunzTarPerm modified mode [ 'stable/instance/pad-end.js', 420, 438 ]
30169 silly gunzTarPerm extractEntry stable/string/pad-end.js
30170 silly gunzTarPerm modified mode [ 'stable/string/pad-end.js', 420, 438 ]
30171 silly gunzTarPerm extractEntry stable/string/virtual/pad-end.js
30172 silly gunzTarPerm modified mode [ 'stable/string/virtual/pad-end.js', 420, 438 ]
30173 silly gunzTarPerm extractEntry actual/instance/pad-start.js
30174 silly gunzTarPerm modified mode [ 'actual/instance/pad-start.js', 420, 438 ]
30175 silly gunzTarPerm extractEntry actual/string/pad-start.js
30176 silly gunzTarPerm modified mode [ 'actual/string/pad-start.js', 420, 438 ]
30177 silly gunzTarPerm extractEntry actual/string/virtual/pad-start.js
30178 silly gunzTarPerm modified mode [ 'actual/string/virtual/pad-start.js', 420, 438 ]
30179 silly gunzTarPerm extractEntry es/instance/pad-start.js
30180 silly gunzTarPerm modified mode [ 'es/instance/pad-start.js', 420, 438 ]
30181 silly gunzTarPerm extractEntry es/string/pad-start.js
30182 silly gunzTarPerm modified mode [ 'es/string/pad-start.js', 420, 438 ]
30183 silly gunzTarPerm extractEntry es/string/virtual/pad-start.js
30184 silly gunzTarPerm modified mode [ 'es/string/virtual/pad-start.js', 420, 438 ]
30185 silly gunzTarPerm extractEntry features/instance/pad-start.js
30186 silly gunzTarPerm modified mode [ 'features/instance/pad-start.js', 420, 438 ]
30187 silly gunzTarPerm extractEntry features/string/pad-start.js
30188 silly gunzTarPerm modified mode [ 'features/string/pad-start.js', 420, 438 ]
30189 silly gunzTarPerm extractEntry features/string/virtual/pad-start.js
30190 silly gunzTarPerm modified mode [ 'features/string/virtual/pad-start.js', 420, 438 ]
30191 silly gunzTarPerm extractEntry full/instance/pad-start.js
30192 silly gunzTarPerm modified mode [ 'full/instance/pad-start.js', 420, 438 ]
30193 silly gunzTarPerm extractEntry full/string/pad-start.js
30194 silly gunzTarPerm modified mode [ 'full/string/pad-start.js', 420, 438 ]
30195 silly gunzTarPerm extractEntry full/string/virtual/pad-start.js
30196 silly gunzTarPerm modified mode [ 'full/string/virtual/pad-start.js', 420, 438 ]
30197 silly gunzTarPerm extractEntry stable/instance/pad-start.js
30198 silly gunzTarPerm modified mode [ 'stable/instance/pad-start.js', 420, 438 ]
30199 silly gunzTarPerm extractEntry stable/string/pad-start.js
30200 silly gunzTarPerm modified mode [ 'stable/string/pad-start.js', 420, 438 ]
30201 silly gunzTarPerm extractEntry stable/string/virtual/pad-start.js
30202 silly gunzTarPerm modified mode [ 'stable/string/virtual/pad-start.js', 420, 438 ]
30203 silly gunzTarPerm extractEntry actual/number/parse-float.js
30204 silly gunzTarPerm modified mode [ 'actual/number/parse-float.js', 420, 438 ]
30205 silly gunzTarPerm extractEntry actual/parse-float.js
30206 silly gunzTarPerm modified mode [ 'actual/parse-float.js', 420, 438 ]
30207 silly gunzTarPerm extractEntry es/number/parse-float.js
30208 silly gunzTarPerm modified mode [ 'es/number/parse-float.js', 420, 438 ]
30209 silly gunzTarPerm extractEntry es/parse-float.js
30210 silly gunzTarPerm modified mode [ 'es/parse-float.js', 420, 438 ]
30211 silly gunzTarPerm extractEntry features/number/parse-float.js
30212 silly gunzTarPerm modified mode [ 'features/number/parse-float.js', 420, 438 ]
30213 silly gunzTarPerm extractEntry features/parse-float.js
30214 silly gunzTarPerm modified mode [ 'features/parse-float.js', 420, 438 ]
30215 silly gunzTarPerm extractEntry full/number/parse-float.js
30216 silly gunzTarPerm modified mode [ 'full/number/parse-float.js', 420, 438 ]
30217 silly gunzTarPerm extractEntry full/parse-float.js
30218 silly gunzTarPerm modified mode [ 'full/parse-float.js', 420, 438 ]
30219 silly gunzTarPerm extractEntry stable/number/parse-float.js
30220 silly gunzTarPerm modified mode [ 'stable/number/parse-float.js', 420, 438 ]
30221 silly gunzTarPerm extractEntry stable/parse-float.js
30222 silly gunzTarPerm modified mode [ 'stable/parse-float.js', 420, 438 ]
30223 silly gunzTarPerm extractEntry actual/number/parse-int.js
30224 silly gunzTarPerm modified mode [ 'actual/number/parse-int.js', 420, 438 ]
30225 silly gunzTarPerm extractEntry actual/parse-int.js
30226 silly gunzTarPerm modified mode [ 'actual/parse-int.js', 420, 438 ]
30227 silly gunzTarPerm extractEntry es/number/parse-int.js
30228 silly gunzTarPerm modified mode [ 'es/number/parse-int.js', 420, 438 ]
30229 silly gunzTarPerm extractEntry es/parse-int.js
30230 silly gunzTarPerm modified mode [ 'es/parse-int.js', 420, 438 ]
30231 silly gunzTarPerm extractEntry features/number/parse-int.js
30232 silly gunzTarPerm modified mode [ 'features/number/parse-int.js', 420, 438 ]
30233 silly gunzTarPerm extractEntry features/parse-int.js
30234 silly gunzTarPerm modified mode [ 'features/parse-int.js', 420, 438 ]
30235 silly gunzTarPerm extractEntry full/number/parse-int.js
30236 silly gunzTarPerm modified mode [ 'full/number/parse-int.js', 420, 438 ]
30237 silly gunzTarPerm extractEntry full/parse-int.js
30238 silly gunzTarPerm modified mode [ 'full/parse-int.js', 420, 438 ]
30239 silly gunzTarPerm extractEntry stable/number/parse-int.js
30240 silly gunzTarPerm modified mode [ 'stable/number/parse-int.js', 420, 438 ]
30241 silly gunzTarPerm extractEntry stable/parse-int.js
30242 silly gunzTarPerm modified mode [ 'stable/parse-int.js', 420, 438 ]
30243 silly gunzTarPerm extractEntry internals/parse-json-string.js
30244 silly gunzTarPerm modified mode [ 'internals/parse-json-string.js', 420, 438 ]
30245 silly gunzTarPerm extractEntry actual/json/parse.js
30246 silly gunzTarPerm modified mode [ 'actual/json/parse.js', 420, 438 ]
30247 silly gunzTarPerm extractEntry actual/url/parse.js
30248 silly gunzTarPerm modified mode [ 'actual/url/parse.js', 420, 438 ]
30249 silly gunzTarPerm extractEntry es/json/parse.js
30250 silly gunzTarPerm modified mode [ 'es/json/parse.js', 420, 438 ]
30251 silly gunzTarPerm extractEntry features/json/parse.js
30252 silly gunzTarPerm modified mode [ 'features/json/parse.js', 420, 438 ]
30253 silly gunzTarPerm extractEntry features/url/parse.js
30254 silly gunzTarPerm modified mode [ 'features/url/parse.js', 420, 438 ]
30255 silly gunzTarPerm extractEntry full/json/parse.js
30256 silly gunzTarPerm modified mode [ 'full/json/parse.js', 420, 438 ]
30257 silly gunzTarPerm extractEntry full/url/parse.js
30258 silly gunzTarPerm modified mode [ 'full/url/parse.js', 420, 438 ]
30259 silly gunzTarPerm extractEntry stable/json/parse.js
30260 silly gunzTarPerm modified mode [ 'stable/json/parse.js', 420, 438 ]
30261 silly gunzTarPerm extractEntry stable/url/parse.js
30262 silly gunzTarPerm modified mode [ 'stable/url/parse.js', 420, 438 ]
30263 silly gunzTarPerm extractEntry internals/path.js
30264 silly gunzTarPerm modified mode [ 'internals/path.js', 420, 438 ]
30265 silly gunzTarPerm extractEntry features/symbol/pattern-match.js
30266 silly gunzTarPerm modified mode [ 'features/symbol/pattern-match.js', 420, 438 ]
30267 silly gunzTarPerm extractEntry full/symbol/pattern-match.js
30268 silly gunzTarPerm modified mode [ 'full/symbol/pattern-match.js', 420, 438 ]
30269 silly gunzTarPerm extractEntry proposals/pattern-matching-v2.js
30270 silly gunzTarPerm modified mode [ 'proposals/pattern-matching-v2.js', 420, 438 ]
30271 silly gunzTarPerm extractEntry proposals/pattern-matching.js
30272 silly gunzTarPerm modified mode [ 'proposals/pattern-matching.js', 420, 438 ]
30273 silly gunzTarPerm extractEntry internals/perform.js
30274 silly gunzTarPerm modified mode [ 'internals/perform.js', 420, 438 ]
30275 silly gunzTarPerm extractEntry postinstall.js
30276 silly gunzTarPerm modified mode [ 'postinstall.js', 420, 438 ]
30277 silly gunzTarPerm extractEntry stage/pre.js
30278 silly gunzTarPerm modified mode [ 'stage/pre.js', 420, 438 ]
30279 silly gunzTarPerm extractEntry actual/object/prevent-extensions.js
30280 silly gunzTarPerm modified mode [ 'actual/object/prevent-extensions.js', 420, 438 ]
30281 silly gunzTarPerm extractEntry actual/reflect/prevent-extensions.js
30282 silly gunzTarPerm modified mode [ 'actual/reflect/prevent-extensions.js', 420, 438 ]
30283 silly gunzTarPerm extractEntry es/object/prevent-extensions.js
30284 silly gunzTarPerm modified mode [ 'es/object/prevent-extensions.js', 420, 438 ]
30285 silly gunzTarPerm extractEntry es/reflect/prevent-extensions.js
30286 silly gunzTarPerm modified mode [ 'es/reflect/prevent-extensions.js', 420, 438 ]
30287 silly gunzTarPerm extractEntry features/object/prevent-extensions.js
30288 silly gunzTarPerm modified mode [ 'features/object/prevent-extensions.js', 420, 438 ]
30289 silly gunzTarPerm extractEntry features/reflect/prevent-extensions.js
30290 silly gunzTarPerm modified mode [ 'features/reflect/prevent-extensions.js', 420, 438 ]
30291 silly gunzTarPerm extractEntry full/object/prevent-extensions.js
30292 silly gunzTarPerm modified mode [ 'full/object/prevent-extensions.js', 420, 438 ]
30293 silly gunzTarPerm extractEntry full/reflect/prevent-extensions.js
30294 silly gunzTarPerm modified mode [ 'full/reflect/prevent-extensions.js', 420, 438 ]
30295 silly gunzTarPerm extractEntry stable/object/prevent-extensions.js
30296 silly gunzTarPerm modified mode [ 'stable/object/prevent-extensions.js', 420, 438 ]
30297 silly gunzTarPerm extractEntry stable/reflect/prevent-extensions.js
30298 silly gunzTarPerm modified mode [ 'stable/reflect/prevent-extensions.js', 420, 438 ]
30299 silly gunzTarPerm extractEntry proposals/promise-all-settled.js
30300 silly gunzTarPerm modified mode [ 'proposals/promise-all-settled.js', 420, 438 ]
30301 silly gunzTarPerm extractEntry proposals/promise-any.js
30302 silly gunzTarPerm modified mode [ 'proposals/promise-any.js', 420, 438 ]
30303 silly gunzTarPerm extractEntry internals/promise-constructor-detection.js
30304 silly gunzTarPerm modified mode [ 'internals/promise-constructor-detection.js', 420, 438 ]
30305 silly gunzTarPerm extractEntry proposals/promise-finally.js
30306 silly gunzTarPerm modified mode [ 'proposals/promise-finally.js', 420, 438 ]
30307 silly gunzTarPerm extractEntry internals/promise-native-constructor.js
30308 silly gunzTarPerm modified mode [ 'internals/promise-native-constructor.js', 420, 438 ]
30309 silly gunzTarPerm extractEntry internals/promise-resolve.js
30310 silly gunzTarPerm modified mode [ 'internals/promise-resolve.js', 420, 438 ]
30311 silly gunzTarPerm extractEntry internals/promise-statics-incorrect-iteration.js
30312 silly gunzTarPerm modified mode [ 'internals/promise-statics-incorrect-iteration.js', 420, 438 ]
30313 silly gunzTarPerm extractEntry proposals/promise-try.js
30314 silly gunzTarPerm modified mode [ 'proposals/promise-try.js', 420, 438 ]
30315 silly gunzTarPerm extractEntry proposals/promise-with-resolvers.js
30316 silly gunzTarPerm modified mode [ 'proposals/promise-with-resolvers.js', 420, 438 ]
30317 silly gunzTarPerm extractEntry actual/object/proto.js
30318 silly gunzTarPerm modified mode [ 'actual/object/proto.js', 420, 438 ]
30319 silly gunzTarPerm extractEntry es/object/proto.js
30320 silly gunzTarPerm modified mode [ 'es/object/proto.js', 420, 438 ]
30321 silly gunzTarPerm extractEntry features/object/proto.js
30322 silly gunzTarPerm modified mode [ 'features/object/proto.js', 420, 438 ]
30323 silly gunzTarPerm extractEntry full/object/proto.js
30324 silly gunzTarPerm modified mode [ 'full/object/proto.js', 420, 438 ]
30325 silly gunzTarPerm extractEntry stable/object/proto.js
30326 silly gunzTarPerm modified mode [ 'stable/object/proto.js', 420, 438 ]
30327 silly gunzTarPerm extractEntry internals/proxy-accessor.js
30328 silly gunzTarPerm modified mode [ 'internals/proxy-accessor.js', 420, 438 ]
30329 silly gunzTarPerm extractEntry actual/array/push.js
30330 silly gunzTarPerm modified mode [ 'actual/array/push.js', 420, 438 ]
30331 silly gunzTarPerm extractEntry actual/array/virtual/push.js
30332 silly gunzTarPerm modified mode [ 'actual/array/virtual/push.js', 420, 438 ]
30333 silly gunzTarPerm extractEntry actual/instance/push.js
30334 silly gunzTarPerm modified mode [ 'actual/instance/push.js', 420, 438 ]
30335 silly gunzTarPerm extractEntry es/array/push.js
30336 silly gunzTarPerm modified mode [ 'es/array/push.js', 420, 438 ]
30337 silly gunzTarPerm extractEntry es/array/virtual/push.js
30338 silly gunzTarPerm modified mode [ 'es/array/virtual/push.js', 420, 438 ]
30339 silly gunzTarPerm extractEntry es/instance/push.js
30340 silly gunzTarPerm modified mode [ 'es/instance/push.js', 420, 438 ]
30341 silly gunzTarPerm extractEntry features/array/push.js
30342 silly gunzTarPerm modified mode [ 'features/array/push.js', 420, 438 ]
30343 silly gunzTarPerm extractEntry features/array/virtual/push.js
30344 silly gunzTarPerm modified mode [ 'features/array/virtual/push.js', 420, 438 ]
30345 silly gunzTarPerm extractEntry features/instance/push.js
30346 silly gunzTarPerm modified mode [ 'features/instance/push.js', 420, 438 ]
30347 silly gunzTarPerm extractEntry full/array/push.js
30348 silly gunzTarPerm modified mode [ 'full/array/push.js', 420, 438 ]
30349 silly gunzTarPerm extractEntry full/array/virtual/push.js
30350 silly gunzTarPerm modified mode [ 'full/array/virtual/push.js', 420, 438 ]
30351 silly gunzTarPerm extractEntry full/instance/push.js
30352 silly gunzTarPerm modified mode [ 'full/instance/push.js', 420, 438 ]
30353 silly gunzTarPerm extractEntry stable/array/push.js
30354 silly gunzTarPerm modified mode [ 'stable/array/push.js', 420, 438 ]
30355 silly gunzTarPerm extractEntry stable/array/virtual/push.js
30356 silly gunzTarPerm modified mode [ 'stable/array/virtual/push.js', 420, 438 ]
30357 silly gunzTarPerm extractEntry stable/instance/push.js
30358 silly gunzTarPerm modified mode [ 'stable/instance/push.js', 420, 438 ]
30359 silly gunzTarPerm extractEntry actual/queue-microtask.js
30360 silly gunzTarPerm modified mode [ 'actual/queue-microtask.js', 420, 438 ]
30361 silly gunzTarPerm extractEntry features/queue-microtask.js
30362 silly gunzTarPerm modified mode [ 'features/queue-microtask.js', 420, 438 ]
30363 silly gunzTarPerm extractEntry full/queue-microtask.js
30364 silly gunzTarPerm modified mode [ 'full/queue-microtask.js', 420, 438 ]
30365 silly gunzTarPerm extractEntry stable/queue-microtask.js
30366 silly gunzTarPerm modified mode [ 'stable/queue-microtask.js', 420, 438 ]
30367 silly gunzTarPerm extractEntry web/queue-microtask.js
30368 silly gunzTarPerm modified mode [ 'web/queue-microtask.js', 420, 438 ]
30369 silly gunzTarPerm extractEntry internals/queue.js
30370 silly gunzTarPerm modified mode [ 'internals/queue.js', 420, 438 ]
30371 silly gunzTarPerm extractEntry features/math/rad-per-deg.js
30372 silly gunzTarPerm modified mode [ 'features/math/rad-per-deg.js', 420, 438 ]
30373 silly gunzTarPerm extractEntry full/math/rad-per-deg.js
30374 silly gunzTarPerm modified mode [ 'full/math/rad-per-deg.js', 420, 438 ]
30375 silly gunzTarPerm extractEntry features/math/radians.js
30376 silly gunzTarPerm modified mode [ 'features/math/radians.js', 420, 438 ]
30377 silly gunzTarPerm extractEntry full/math/radians.js
30378 silly gunzTarPerm modified mode [ 'full/math/radians.js', 420, 438 ]
30379 silly gunzTarPerm extractEntry features/bigint/range.js
30380 silly gunzTarPerm modified mode [ 'features/bigint/range.js', 420, 438 ]
30381 silly gunzTarPerm extractEntry features/iterator/range.js
30382 silly gunzTarPerm modified mode [ 'features/iterator/range.js', 420, 438 ]
30383 silly gunzTarPerm extractEntry features/number/range.js
30384 silly gunzTarPerm modified mode [ 'features/number/range.js', 420, 438 ]
30385 silly gunzTarPerm extractEntry full/bigint/range.js
30386 silly gunzTarPerm modified mode [ 'full/bigint/range.js', 420, 438 ]
30387 silly gunzTarPerm extractEntry full/iterator/range.js
30388 silly gunzTarPerm modified mode [ 'full/iterator/range.js', 420, 438 ]
30389 silly gunzTarPerm extractEntry full/number/range.js
30390 silly gunzTarPerm modified mode [ 'full/number/range.js', 420, 438 ]
30391 silly gunzTarPerm extractEntry actual/json/raw-json.js
30392 silly gunzTarPerm modified mode [ 'actual/json/raw-json.js', 420, 438 ]
30393 silly gunzTarPerm extractEntry es/json/raw-json.js
30394 silly gunzTarPerm modified mode [ 'es/json/raw-json.js', 420, 438 ]
30395 silly gunzTarPerm extractEntry features/json/raw-json.js
30396 silly gunzTarPerm modified mode [ 'features/json/raw-json.js', 420, 438 ]
30397 silly gunzTarPerm extractEntry full/json/raw-json.js
30398 silly gunzTarPerm modified mode [ 'full/json/raw-json.js', 420, 438 ]
30399 silly gunzTarPerm extractEntry stable/json/raw-json.js
30400 silly gunzTarPerm modified mode [ 'stable/json/raw-json.js', 420, 438 ]
30401 silly gunzTarPerm extractEntry actual/string/raw.js
30402 silly gunzTarPerm modified mode [ 'actual/string/raw.js', 420, 438 ]
30403 silly gunzTarPerm extractEntry es/string/raw.js
30404 silly gunzTarPerm modified mode [ 'es/string/raw.js', 420, 438 ]
30405 silly gunzTarPerm extractEntry features/string/raw.js
30406 silly gunzTarPerm modified mode [ 'features/string/raw.js', 420, 438 ]
30407 silly gunzTarPerm extractEntry full/string/raw.js
30408 silly gunzTarPerm modified mode [ 'full/string/raw.js', 420, 438 ]
30409 silly gunzTarPerm extractEntry stable/string/raw.js
30410 silly gunzTarPerm modified mode [ 'stable/string/raw.js', 420, 438 ]
30411 silly gunzTarPerm extractEntry actual/array/reduce-right.js
30412 silly gunzTarPerm modified mode [ 'actual/array/reduce-right.js', 420, 438 ]
30413 silly gunzTarPerm extractEntry actual/array/virtual/reduce-right.js
30414 silly gunzTarPerm modified mode [ 'actual/array/virtual/reduce-right.js', 420, 438 ]
30415 silly gunzTarPerm extractEntry actual/instance/reduce-right.js
30416 silly gunzTarPerm modified mode [ 'actual/instance/reduce-right.js', 420, 438 ]
30417 silly gunzTarPerm extractEntry actual/typed-array/reduce-right.js
30418 silly gunzTarPerm modified mode [ 'actual/typed-array/reduce-right.js', 420, 438 ]
30419 silly gunzTarPerm extractEntry es/array/reduce-right.js
30420 silly gunzTarPerm modified mode [ 'es/array/reduce-right.js', 420, 438 ]
30421 silly gunzTarPerm extractEntry es/array/virtual/reduce-right.js
30422 silly gunzTarPerm modified mode [ 'es/array/virtual/reduce-right.js', 420, 438 ]
30423 silly gunzTarPerm extractEntry es/instance/reduce-right.js
30424 silly gunzTarPerm modified mode [ 'es/instance/reduce-right.js', 420, 438 ]
30425 silly gunzTarPerm extractEntry es/typed-array/reduce-right.js
30426 silly gunzTarPerm modified mode [ 'es/typed-array/reduce-right.js', 420, 438 ]
30427 silly gunzTarPerm extractEntry features/array/reduce-right.js
30428 silly gunzTarPerm modified mode [ 'features/array/reduce-right.js', 420, 438 ]
30429 silly gunzTarPerm extractEntry features/array/virtual/reduce-right.js
30430 silly gunzTarPerm modified mode [ 'features/array/virtual/reduce-right.js', 420, 438 ]
30431 silly gunzTarPerm extractEntry features/instance/reduce-right.js
30432 silly gunzTarPerm modified mode [ 'features/instance/reduce-right.js', 420, 438 ]
30433 silly gunzTarPerm extractEntry features/typed-array/reduce-right.js
30434 silly gunzTarPerm modified mode [ 'features/typed-array/reduce-right.js', 420, 438 ]
30435 silly gunzTarPerm extractEntry full/array/reduce-right.js
30436 silly gunzTarPerm modified mode [ 'full/array/reduce-right.js', 420, 438 ]
30437 silly gunzTarPerm extractEntry full/array/virtual/reduce-right.js
30438 silly gunzTarPerm modified mode [ 'full/array/virtual/reduce-right.js', 420, 438 ]
30439 silly gunzTarPerm extractEntry full/instance/reduce-right.js
30440 silly gunzTarPerm modified mode [ 'full/instance/reduce-right.js', 420, 438 ]
30441 silly gunzTarPerm extractEntry full/typed-array/reduce-right.js
30442 silly gunzTarPerm modified mode [ 'full/typed-array/reduce-right.js', 420, 438 ]
30443 silly gunzTarPerm extractEntry stable/array/reduce-right.js
30444 silly gunzTarPerm modified mode [ 'stable/array/reduce-right.js', 420, 438 ]
30445 silly gunzTarPerm extractEntry stable/array/virtual/reduce-right.js
30446 silly gunzTarPerm modified mode [ 'stable/array/virtual/reduce-right.js', 420, 438 ]
30447 silly gunzTarPerm extractEntry stable/instance/reduce-right.js
30448 silly gunzTarPerm modified mode [ 'stable/instance/reduce-right.js', 420, 438 ]
30449 silly gunzTarPerm extractEntry stable/typed-array/reduce-right.js
30450 silly gunzTarPerm modified mode [ 'stable/typed-array/reduce-right.js', 420, 438 ]
30451 silly gunzTarPerm extractEntry actual/array/reduce.js
30452 silly gunzTarPerm modified mode [ 'actual/array/reduce.js', 420, 438 ]
30453 silly gunzTarPerm extractEntry actual/array/virtual/reduce.js
30454 silly gunzTarPerm modified mode [ 'actual/array/virtual/reduce.js', 420, 438 ]
30455 silly gunzTarPerm extractEntry actual/async-iterator/reduce.js
30456 silly gunzTarPerm modified mode [ 'actual/async-iterator/reduce.js', 420, 438 ]
30457 silly gunzTarPerm extractEntry actual/instance/reduce.js
30458 silly gunzTarPerm modified mode [ 'actual/instance/reduce.js', 420, 438 ]
30459 http 304 https://registry.npmjs.org/base64-arraybuffer
30460 silly get cb [ 304,
30460 silly get   { date: 'Tue, 21 Apr 2026 16:27:37 GMT',
30460 silly get     connection: 'keep-alive',
30460 silly get     'set-cookie': [ '_cfuvid=EdRJp.e7kP0Zq0EU9E_lqMVbTM.YaYp88.lfxTjyjJs-1776788857.5167997-1.0.1.1-xzi0ibDDe7.4ZeKVZ0o43GSOvZ.BKQzmF90KEheZVJQ; HttpOnly; SameSite=None; Secure; Path=/; Domain=npmjs.org' ],
30460 silly get     'cf-ray': '9efdc1d77c478ea7-SAP',
30460 silly get     'cf-cache-status': 'HIT',
30460 silly get     'access-control-allow-origin': '*',
30460 silly get     'cache-control': 'public, max-age=300',
30460 silly get     etag: '"3dec155c6885a4b09c4fa78160b30b01"',
30460 silly get     'last-modified': 'Mon, 13 Jun 2022 04:17:27 GMT',
30460 silly get     server: 'cloudflare',
30460 silly get     vary: 'Accept-Encoding' } ]
30461 verbose etag https://registry.npmjs.org/base64-arraybuffer from cache
30462 verbose get saving base64-arraybuffer to C:\Users\Carlos García\AppData\Roaming\npm-cache\registry.npmjs.org\base64-arraybuffer\.cache.json
30463 silly gunzTarPerm extractEntry actual/iterator/reduce.js
30464 silly gunzTarPerm modified mode [ 'actual/iterator/reduce.js', 420, 438 ]
30465 silly gunzTarPerm extractEntry actual/typed-array/reduce.js
30466 silly gunzTarPerm modified mode [ 'actual/typed-array/reduce.js', 420, 438 ]
30467 silly gunzTarPerm extractEntry es/array/reduce.js
30468 silly gunzTarPerm modified mode [ 'es/array/reduce.js', 420, 438 ]
30469 silly gunzTarPerm extractEntry es/array/virtual/reduce.js
30470 silly gunzTarPerm modified mode [ 'es/array/virtual/reduce.js', 420, 438 ]
30471 silly gunzTarPerm extractEntry es/instance/reduce.js
30472 silly gunzTarPerm modified mode [ 'es/instance/reduce.js', 420, 438 ]
30473 silly gunzTarPerm extractEntry es/iterator/reduce.js
30474 silly gunzTarPerm modified mode [ 'es/iterator/reduce.js', 420, 438 ]
30475 silly gunzTarPerm extractEntry es/typed-array/reduce.js
30476 silly gunzTarPerm modified mode [ 'es/typed-array/reduce.js', 420, 438 ]
30477 silly gunzTarPerm extractEntry features/array/reduce.js
30478 silly gunzTarPerm modified mode [ 'features/array/reduce.js', 420, 438 ]
30479 silly gunzTarPerm extractEntry features/array/virtual/reduce.js
30480 silly gunzTarPerm modified mode [ 'features/array/virtual/reduce.js', 420, 438 ]
30481 silly gunzTarPerm extractEntry features/async-iterator/reduce.js
30482 silly gunzTarPerm modified mode [ 'features/async-iterator/reduce.js', 420, 438 ]
30483 silly gunzTarPerm extractEntry features/instance/reduce.js
30484 silly gunzTarPerm modified mode [ 'features/instance/reduce.js', 420, 438 ]
30485 silly gunzTarPerm extractEntry features/iterator/reduce.js
30486 silly gunzTarPerm modified mode [ 'features/iterator/reduce.js', 420, 438 ]
30487 silly gunzTarPerm extractEntry features/map/reduce.js
30488 silly gunzTarPerm modified mode [ 'features/map/reduce.js', 420, 438 ]
30489 silly gunzTarPerm extractEntry features/set/reduce.js
30490 silly gunzTarPerm modified mode [ 'features/set/reduce.js', 420, 438 ]
30491 silly gunzTarPerm extractEntry features/typed-array/reduce.js
30492 silly gunzTarPerm modified mode [ 'features/typed-array/reduce.js', 420, 438 ]
30493 silly gunzTarPerm extractEntry full/array/reduce.js
30494 silly gunzTarPerm modified mode [ 'full/array/reduce.js', 420, 438 ]
30495 silly gunzTarPerm extractEntry full/array/virtual/reduce.js
30496 silly gunzTarPerm modified mode [ 'full/array/virtual/reduce.js', 420, 438 ]
30497 silly gunzTarPerm extractEntry full/async-iterator/reduce.js
30498 silly gunzTarPerm modified mode [ 'full/async-iterator/reduce.js', 420, 438 ]
30499 silly gunzTarPerm extractEntry full/instance/reduce.js
30500 silly gunzTarPerm modified mode [ 'full/instance/reduce.js', 420, 438 ]
30501 silly gunzTarPerm extractEntry full/iterator/reduce.js
30502 silly gunzTarPerm modified mode [ 'full/iterator/reduce.js', 420, 438 ]
30503 silly gunzTarPerm extractEntry full/map/reduce.js
30504 silly gunzTarPerm modified mode [ 'full/map/reduce.js', 420, 438 ]
30505 silly gunzTarPerm extractEntry full/set/reduce.js
30506 silly gunzTarPerm modified mode [ 'full/set/reduce.js', 420, 438 ]
30507 silly gunzTarPerm extractEntry full/typed-array/reduce.js
30508 silly gunzTarPerm modified mode [ 'full/typed-array/reduce.js', 420, 438 ]
30509 silly gunzTarPerm extractEntry stable/array/reduce.js
30510 silly gunzTarPerm modified mode [ 'stable/array/reduce.js', 420, 438 ]
30511 silly gunzTarPerm extractEntry stable/array/virtual/reduce.js
30512 silly gunzTarPerm modified mode [ 'stable/array/virtual/reduce.js', 420, 438 ]
30513 silly gunzTarPerm extractEntry stable/instance/reduce.js
30514 silly gunzTarPerm modified mode [ 'stable/instance/reduce.js', 420, 438 ]
30515 silly addNameRange number 2 { name: 'base64-arraybuffer',
30515 silly addNameRange   range: '>=1.0.2 <2.0.0',
30515 silly addNameRange   hasData: true }
30516 silly addNameRange versions [ 'base64-arraybuffer',
30516 silly addNameRange   [ '0.1.0',
30516 silly addNameRange     '0.1.2',
30516 silly addNameRange     '0.1.3',
30516 silly addNameRange     '0.1.4',
30516 silly addNameRange     '0.1.5',
30516 silly addNameRange     '0.2.0',
30516 silly addNameRange     '1.0.0',
30516 silly addNameRange     '1.0.1',
30516 silly addNameRange     '1.0.2' ] ]
30517 verbose addNamed base64-arraybuffer@1.0.2
30518 silly addNamed semver.valid 1.0.2
30519 silly addNamed semver.validRange 1.0.2
30520 silly addNameRange number 2 { name: 'base64-arraybuffer',
30520 silly addNameRange   range: '>=1.0.2 <2.0.0',
30520 silly addNameRange   hasData: true }
30521 silly addNameRange versions [ 'base64-arraybuffer',
30521 silly addNameRange   [ '0.1.0',
30521 silly addNameRange     '0.1.2',
30521 silly addNameRange     '0.1.3',
30521 silly addNameRange     '0.1.4',
30521 silly addNameRange     '0.1.5',
30521 silly addNameRange     '0.2.0',
30521 silly addNameRange     '1.0.0',
30521 silly addNameRange     '1.0.1',
30521 silly addNameRange     '1.0.2' ] ]
30522 verbose addNamed base64-arraybuffer@1.0.2
30523 silly addNamed semver.valid 1.0.2
30524 silly addNamed semver.validRange 1.0.2
30525 silly cache afterAdd base64-arraybuffer@1.0.2
30526 verbose afterAdd C:\Users\Carlos García\AppData\Roaming\npm-cache\base64-arraybuffer\1.0.2\package\package.json not in flight; writing
30527 silly cache afterAdd base64-arraybuffer@1.0.2
30528 verbose afterAdd C:\Users\Carlos García\AppData\Roaming\npm-cache\base64-arraybuffer\1.0.2\package\package.json already in flight; not writing
30529 silly gunzTarPerm extractEntry stable/iterator/reduce.js
30530 silly gunzTarPerm modified mode [ 'stable/iterator/reduce.js', 420, 438 ]
30531 silly gunzTarPerm extractEntry stable/typed-array/reduce.js
30532 silly gunzTarPerm modified mode [ 'stable/typed-array/reduce.js', 420, 438 ]
30533 verbose afterAdd C:\Users\Carlos García\AppData\Roaming\npm-cache\base64-arraybuffer\1.0.2\package\package.json written
30534 silly install resolved [ { name: 'base64-arraybuffer',
30534 silly install resolved     description: 'Encode/decode base64 data into ArrayBuffers',
30534 silly install resolved     main: 'dist/base64-arraybuffer.umd.js',
30534 silly install resolved     module: 'dist/base64-arraybuffer.es5.js',
30534 silly install resolved     typings: 'dist/types/index.d.ts',
30534 silly install resolved     version: '1.0.2',
30534 silly install resolved     homepage: 'https://github.com/niklasvh/base64-arraybuffer',
30534 silly install resolved     author:
30534 silly install resolved      { name: 'Niklas von Hertzen',
30534 silly install resolved        email: 'niklasvh@gmail.com',
30534 silly install resolved        url: 'https://hertzen.com' },
30534 silly install resolved     repository:
30534 silly install resolved      { type: 'git',
30534 silly install resolved        url: 'git+https://github.com/niklasvh/base64-arraybuffer.git' },
30534 silly install resolved     bugs: { url: 'https://github.com/niklasvh/base64-arraybuffer/issues' },
30534 silly install resolved     license: 'MIT',
30534 silly install resolved     engines: { node: '>= 0.6.0' },
30534 silly install resolved     scripts:
30534 silly install resolved      { prebuild: 'rimraf dist/',
30534 silly install resolved        build: 'tsc --module commonjs && rollup -c rollup.config.ts',
30534 silly install resolved        format: 'prettier --write "{src,test}/**/*.ts"',
30534 silly install resolved        lint: 'tslint -c tslint.json --project tsconfig.json -t codeFrame src/**/*.ts test/**/*.ts',
30534 silly install resolved        mocha: 'mocha --require ts-node/register test/*.ts',
30534 silly install resolved        test: 'npm run lint && npm run mocha',
30534 silly install resolved        release: 'standard-version' },
30534 silly install resolved     devDependencies:
30534 silly install resolved      { '@rollup/plugin-commonjs': '^19.0.0',
30534 silly install resolved        '@rollup/plugin-node-resolve': '^13.0.0',
30534 silly install resolved        '@rollup/plugin-typescript': '^8.2.1',
30534 silly install resolved        '@types/mocha': '^8.2.2',
30534 silly install resolved        '@types/node': '^16.0.0',
30534 silly install resolved        mocha: '9.0.2',
30534 silly install resolved        prettier: '^2.3.2',
30534 silly install resolved        rimraf: '3.0.2',
30534 silly install resolved        rollup: '^2.52.7',
30534 silly install resolved        'rollup-plugin-json': '^4.0.0',
30534 silly install resolved        'rollup-plugin-sourcemaps': '^0.6.3',
30534 silly install resolved        'standard-version': '^9.3.0',
30534 silly install resolved        'ts-node': '^10.0.0',
30534 silly install resolved        tslib: '^2.3.0',
30534 silly install resolved        tslint: '^6.1.3',
30534 silly install resolved        'tslint-config-prettier': '^1.18.0',
30534 silly install resolved        typescript: '^4.3.5' },
30534 silly install resolved     keywords: [],
30534 silly install resolved     gitHead: '5339d8f0abed59c893e87116a785bf52acdc17aa',
30534 silly install resolved     _id: 'base64-arraybuffer@1.0.2',
30534 silly install resolved     _nodeVersion: '14.18.3',
30534 silly install resolved     _npmVersion: '6.14.15',
30534 silly install resolved     dist:
30534 silly install resolved      { integrity: 'sha512-I3yl4r9QB5ZRY3XuJVEPfc2XhZO6YweFPI+UovAzn+8/hb3oJ6lnysaFcjVpkCPfVWFUDvoZ8kmVDP7WyRtYtQ==',
30534 silly install resolved        shasum: '1c37589a7c4b0746e34bd1feb951da2df01c1bdc',
30534 silly install resolved        tarball: 'https://registry.npmjs.org/base64-arraybuffer/-/base64-arraybuffer-1.0.2.tgz',
30534 silly install resolved        fileCount: 12,
30534 silly install resolved        unpackedSize: 24289,
30534 silly install resolved        'npm-signature': '-----BEGIN PGP SIGNATURE-----\r\nVersion: OpenPGP.js v3.0.13\r\nComment: https://openpgpjs.org\r\n\r\nwsFcBAEBCAAQBQJh7BUxCRA9TVsSAnZWagAAnUgP/A8jGf7fsXtZmueySh3S\n9HtTbPkb0kua44Gp0cjKYR7zUglt6v7HgP0efANDZm9+nB2c0yrrn/jadijG\nGzm0YV1mEIN5QAfxZobnGtlejzAwpZtYkykvHfbGwERhhh1zx1VGaz8c/ax5\nKQA8RQxqkkaYpjlRSOeQHxPUdLYGn/aRDEpqksw4lUh6KbxOG8VEahFh/CLN\nTUcmp9P3yVzIWsgK4XCXN9lRLP0hDvGF573uV1y3ADA9kVSFFbzesgRLjfDq\nwGyWm1CfC6MkGOXHPATcYusIWkCflE4UNcnvFL/yQYswpcf0+s6hAusD9ImE\nPUBdsv7KFNom8gWWTg6n09QoQcsb7mZGyy8bmyb+3SaOv/6/ltY/zIpS8o6N\nGjUcTGjjyHZGfYxXIT1DkiuqT1vhc0I20t7d96vbR+hkjjxmkVDze9HHz4cD\nVVvZA9Y1PXWp/f1Ty8ekDjPmzk8fscXndE2BdLA1p0Qik+d6KVzq2sS6/v73\npYPjh90HvVh+PqQbk6eIc/u5g7vc7CYPz1in8fu/cSHk2iYXRwVZVPEY76hT\nJKn2a3i8yeLjvIMIxnxUykeEKV/WV4gJcbPIjxaHwySdtz+z/qi+tec9YPBk\n4eZWB2xpEyPRqGp9X5yRrXTVYZHv0FC20XeB3CAeCd4oWEYoxmtvBH2iUjPC\nukEZ\r\n=UlDn\r\n-----END PGP SIGNATURE-----\r\n',
30534 silly install resolved        signatures: [Object] },
30534 silly install resolved     _npmUser: { name: 'niklasvh', email: 'niklasvh@gmail.com' },
30534 silly install resolved     directories: {},
30534 silly install resolved     maintainers: [ [Object] ],
30534 silly install resolved     _npmOperationalInternal:
30534 silly install resolved      { host: 's3://npm-registry-packages',
30534 silly install resolved        tmp: 'tmp/base64-arraybuffer_1.0.2_1642861872910_0.7955833186412582' },
30534 silly install resolved     _hasShrinkwrap: false,
30534 silly install resolved     _shasum: '1c37589a7c4b0746e34bd1feb951da2df01c1bdc',
30534 silly install resolved     _resolved: 'https://registry.npmjs.org/base64-arraybuffer/-/base64-arraybuffer-1.0.2.tgz',
30534 silly install resolved     _from: 'base64-arraybuffer@>=1.0.2 <2.0.0',
30534 silly install resolved     readme: 'ERROR: No README data found!' } ]
30535 info install base64-arraybuffer@1.0.2 into C:\chef-master-pro\node_modules\jspdf\node_modules\html2canvas\node_modules\text-segmentation\node_modules\utrie
30536 info installOne base64-arraybuffer@1.0.2
30537 verbose installOne of base64-arraybuffer to C:\chef-master-pro\node_modules\jspdf\node_modules\html2canvas\node_modules\text-segmentation\node_modules\utrie not in flight; installing
30538 silly install resolved [ { name: 'base64-arraybuffer',
30538 silly install resolved     description: 'Encode/decode base64 data into ArrayBuffers',
30538 silly install resolved     main: 'dist/base64-arraybuffer.umd.js',
30538 silly install resolved     module: 'dist/base64-arraybuffer.es5.js',
30538 silly install resolved     typings: 'dist/types/index.d.ts',
30538 silly install resolved     version: '1.0.2',
30538 silly install resolved     homepage: 'https://github.com/niklasvh/base64-arraybuffer',
30538 silly install resolved     author:
30538 silly install resolved      { name: 'Niklas von Hertzen',
30538 silly install resolved        email: 'niklasvh@gmail.com',
30538 silly install resolved        url: 'https://hertzen.com' },
30538 silly install resolved     repository:
30538 silly install resolved      { type: 'git',
30538 silly install resolved        url: 'git+https://github.com/niklasvh/base64-arraybuffer.git' },
30538 silly install resolved     bugs: { url: 'https://github.com/niklasvh/base64-arraybuffer/issues' },
30538 silly install resolved     license: 'MIT',
30538 silly install resolved     engines: { node: '>= 0.6.0' },
30538 silly install resolved     scripts:
30538 silly install resolved      { prebuild: 'rimraf dist/',
30538 silly install resolved        build: 'tsc --module commonjs && rollup -c rollup.config.ts',
30538 silly install resolved        format: 'prettier --write "{src,test}/**/*.ts"',
30538 silly install resolved        lint: 'tslint -c tslint.json --project tsconfig.json -t codeFrame src/**/*.ts test/**/*.ts',
30538 silly install resolved        mocha: 'mocha --require ts-node/register test/*.ts',
30538 silly install resolved        test: 'npm run lint && npm run mocha',
30538 silly install resolved        release: 'standard-version' },
30538 silly install resolved     devDependencies:
30538 silly install resolved      { '@rollup/plugin-commonjs': '^19.0.0',
30538 silly install resolved        '@rollup/plugin-node-resolve': '^13.0.0',
30538 silly install resolved        '@rollup/plugin-typescript': '^8.2.1',
30538 silly install resolved        '@types/mocha': '^8.2.2',
30538 silly install resolved        '@types/node': '^16.0.0',
30538 silly install resolved        mocha: '9.0.2',
30538 silly install resolved        prettier: '^2.3.2',
30538 silly install resolved        rimraf: '3.0.2',
30538 silly install resolved        rollup: '^2.52.7',
30538 silly install resolved        'rollup-plugin-json': '^4.0.0',
30538 silly install resolved        'rollup-plugin-sourcemaps': '^0.6.3',
30538 silly install resolved        'standard-version': '^9.3.0',
30538 silly install resolved        'ts-node': '^10.0.0',
30538 silly install resolved        tslib: '^2.3.0',
30538 silly install resolved        tslint: '^6.1.3',
30538 silly install resolved        'tslint-config-prettier': '^1.18.0',
30538 silly install resolved        typescript: '^4.3.5' },
30538 silly install resolved     keywords: [],
30538 silly install resolved     gitHead: '5339d8f0abed59c893e87116a785bf52acdc17aa',
30538 silly install resolved     _id: 'base64-arraybuffer@1.0.2',
30538 silly install resolved     _nodeVersion: '14.18.3',
30538 silly install resolved     _npmVersion: '6.14.15',
30538 silly install resolved     dist:
30538 silly install resolved      { integrity: 'sha512-I3yl4r9QB5ZRY3XuJVEPfc2XhZO6YweFPI+UovAzn+8/hb3oJ6lnysaFcjVpkCPfVWFUDvoZ8kmVDP7WyRtYtQ==',
30538 silly install resolved        shasum: '1c37589a7c4b0746e34bd1feb951da2df01c1bdc',
30538 silly install resolved        tarball: 'https://registry.npmjs.org/base64-arraybuffer/-/base64-arraybuffer-1.0.2.tgz',
30538 silly install resolved        fileCount: 12,
30538 silly install resolved        unpackedSize: 24289,
30538 silly install resolved        'npm-signature': '-----BEGIN PGP SIGNATURE-----\r\nVersion: OpenPGP.js v3.0.13\r\nComment: https://openpgpjs.org\r\n\r\nwsFcBAEBCAAQBQJh7BUxCRA9TVsSAnZWagAAnUgP/A8jGf7fsXtZmueySh3S\n9HtTbPkb0kua44Gp0cjKYR7zUglt6v7HgP0efANDZm9+nB2c0yrrn/jadijG\nGzm0YV1mEIN5QAfxZobnGtlejzAwpZtYkykvHfbGwERhhh1zx1VGaz8c/ax5\nKQA8RQxqkkaYpjlRSOeQHxPUdLYGn/aRDEpqksw4lUh6KbxOG8VEahFh/CLN\nTUcmp9P3yVzIWsgK4XCXN9lRLP0hDvGF573uV1y3ADA9kVSFFbzesgRLjfDq\nwGyWm1CfC6MkGOXHPATcYusIWkCflE4UNcnvFL/yQYswpcf0+s6hAusD9ImE\nPUBdsv7KFNom8gWWTg6n09QoQcsb7mZGyy8bmyb+3SaOv/6/ltY/zIpS8o6N\nGjUcTGjjyHZGfYxXIT1DkiuqT1vhc0I20t7d96vbR+hkjjxmkVDze9HHz4cD\nVVvZA9Y1PXWp/f1Ty8ekDjPmzk8fscXndE2BdLA1p0Qik+d6KVzq2sS6/v73\npYPjh90HvVh+PqQbk6eIc/u5g7vc7CYPz1in8fu/cSHk2iYXRwVZVPEY76hT\nJKn2a3i8yeLjvIMIxnxUykeEKV/WV4gJcbPIjxaHwySdtz+z/qi+tec9YPBk\n4eZWB2xpEyPRqGp9X5yRrXTVYZHv0FC20XeB3CAeCd4oWEYoxmtvBH2iUjPC\nukEZ\r\n=UlDn\r\n-----END PGP SIGNATURE-----\r\n',
30538 silly install resolved        signatures: [Object] },
30538 silly install resolved     _npmUser: { name: 'niklasvh', email: 'niklasvh@gmail.com' },
30538 silly install resolved     directories: {},
30538 silly install resolved     maintainers: [ [Object] ],
30538 silly install resolved     _npmOperationalInternal:
30538 silly install resolved      { host: 's3://npm-registry-packages',
30538 silly install resolved        tmp: 'tmp/base64-arraybuffer_1.0.2_1642861872910_0.7955833186412582' },
30538 silly install resolved     _hasShrinkwrap: false,
30538 silly install resolved     _shasum: '1c37589a7c4b0746e34bd1feb951da2df01c1bdc',
30538 silly install resolved     _resolved: 'https://registry.npmjs.org/base64-arraybuffer/-/base64-arraybuffer-1.0.2.tgz',
30538 silly install resolved     _from: 'base64-arraybuffer@>=1.0.2 <2.0.0',
30538 silly install resolved     readme: 'ERROR: No README data found!' } ]
30539 info install base64-arraybuffer@1.0.2 into C:\chef-master-pro\node_modules\jspdf\node_modules\html2canvas\node_modules\css-line-break\node_modules\utrie
30540 info installOne base64-arraybuffer@1.0.2
30541 verbose installOne of base64-arraybuffer to C:\chef-master-pro\node_modules\jspdf\node_modules\html2canvas\node_modules\css-line-break\node_modules\utrie not in flight; installing
30542 silly gunzTarPerm extractEntry internals/reflect-metadata.js
30543 silly gunzTarPerm modified mode [ 'internals/reflect-metadata.js', 420, 438 ]
30544 silly gunzTarPerm extractEntry proposals/reflect-metadata.js
30545 silly gunzTarPerm modified mode [ 'proposals/reflect-metadata.js', 420, 438 ]
30546 verbose lock using C:\Users\Carlos García\AppData\Roaming\npm-cache\_locks\base64-arraybuffer-4a58f5f861136625.lock for C:\chef-master-pro\node_modules\jspdf\node_modules\html2canvas\node_modules\text-segmentation\node_modules\utrie\node_modules\base64-arraybuffer
30547 verbose lock using C:\Users\Carlos García\AppData\Roaming\npm-cache\_locks\base64-arraybuffer-42203adb71dd1028.lock for C:\chef-master-pro\node_modules\jspdf\node_modules\html2canvas\node_modules\css-line-break\node_modules\utrie\node_modules\base64-arraybuffer
30548 silly install write writing base64-arraybuffer 1.0.2 to C:\chef-master-pro\node_modules\jspdf\node_modules\html2canvas\node_modules\text-segmentation\node_modules\utrie\node_modules\base64-arraybuffer
30549 silly cache addNamed cb base64-arraybuffer@1.0.2
30550 verbose unbuild node_modules\jspdf\node_modules\html2canvas\node_modules\text-segmentation\node_modules\utrie\node_modules\base64-arraybuffer
30551 silly install write writing base64-arraybuffer 1.0.2 to C:\chef-master-pro\node_modules\jspdf\node_modules\html2canvas\node_modules\css-line-break\node_modules\utrie\node_modules\base64-arraybuffer
30552 silly cache addNamed cb base64-arraybuffer@1.0.2
30553 verbose unbuild node_modules\jspdf\node_modules\html2canvas\node_modules\css-line-break\node_modules\utrie\node_modules\base64-arraybuffer
30554 silly gentlyRm C:\chef-master-pro\node_modules\jspdf\node_modules\html2canvas\node_modules\text-segmentation\node_modules\utrie\node_modules\base64-arraybuffer is being purged from base C:\chef-master-pro
30555 verbose gentlyRm don't care about contents; nuking C:\chef-master-pro\node_modules\jspdf\node_modules\html2canvas\node_modules\text-segmentation\node_modules\utrie\node_modules\base64-arraybuffer
30556 silly gentlyRm C:\chef-master-pro\node_modules\jspdf\node_modules\html2canvas\node_modules\css-line-break\node_modules\utrie\node_modules\base64-arraybuffer is being purged from base C:\chef-master-pro
30557 verbose gentlyRm don't care about contents; nuking C:\chef-master-pro\node_modules\jspdf\node_modules\html2canvas\node_modules\css-line-break\node_modules\utrie\node_modules\base64-arraybuffer
30558 verbose tar unpack C:\Users\Carlos García\AppData\Roaming\npm-cache\base64-arraybuffer\1.0.2\package.tgz
30559 verbose tar unpacking to C:\chef-master-pro\node_modules\jspdf\node_modules\html2canvas\node_modules\text-segmentation\node_modules\utrie\node_modules\base64-arraybuffer
30560 silly gentlyRm C:\chef-master-pro\node_modules\jspdf\node_modules\html2canvas\node_modules\text-segmentation\node_modules\utrie\node_modules\base64-arraybuffer is being purged
30561 verbose gentlyRm don't care about contents; nuking C:\chef-master-pro\node_modules\jspdf\node_modules\html2canvas\node_modules\text-segmentation\node_modules\utrie\node_modules\base64-arraybuffer
30562 verbose tar unpack C:\Users\Carlos García\AppData\Roaming\npm-cache\base64-arraybuffer\1.0.2\package.tgz
30563 verbose tar unpacking to C:\chef-master-pro\node_modules\jspdf\node_modules\html2canvas\node_modules\css-line-break\node_modules\utrie\node_modules\base64-arraybuffer
30564 silly gentlyRm C:\chef-master-pro\node_modules\jspdf\node_modules\html2canvas\node_modules\css-line-break\node_modules\utrie\node_modules\base64-arraybuffer is being purged
30565 verbose gentlyRm don't care about contents; nuking C:\chef-master-pro\node_modules\jspdf\node_modules\html2canvas\node_modules\css-line-break\node_modules\utrie\node_modules\base64-arraybuffer
30566 silly gunzTarPerm modes [ '777', '666' ]
30567 silly gunzTarPerm modes [ '777', '666' ]
30568 silly gunzTarPerm extractEntry proposals/regexp-dotall-flag.js
30569 silly gunzTarPerm modified mode [ 'proposals/regexp-dotall-flag.js', 420, 438 ]
30570 silly gunzTarPerm extractEntry proposals/regexp-escaping.js
30571 silly gunzTarPerm modified mode [ 'proposals/regexp-escaping.js', 420, 438 ]
30572 silly gunzTarPerm extractEntry LICENSE
30573 silly gunzTarPerm modified mode [ 'LICENSE', 420, 438 ]
30574 silly gunzTarPerm extractEntry LICENSE
30575 silly gunzTarPerm modified mode [ 'LICENSE', 420, 438 ]
30576 silly gunzTarPerm extractEntry internals/regexp-exec-abstract.js
30577 silly gunzTarPerm modified mode [ 'internals/regexp-exec-abstract.js', 420, 438 ]
30578 silly gunzTarPerm extractEntry internals/regexp-exec.js
30579 silly gunzTarPerm modified mode [ 'internals/regexp-exec.js', 420, 438 ]
30580 silly gunzTarPerm extractEntry dist/base64-arraybuffer.es5.js
30581 silly gunzTarPerm modified mode [ 'dist/base64-arraybuffer.es5.js', 420, 438 ]
30582 silly gunzTarPerm extractEntry dist/base64-arraybuffer.umd.js
30583 silly gunzTarPerm modified mode [ 'dist/base64-arraybuffer.umd.js', 420, 438 ]
30584 silly gunzTarPerm extractEntry dist/base64-arraybuffer.es5.js
30585 silly gunzTarPerm modified mode [ 'dist/base64-arraybuffer.es5.js', 420, 438 ]
30586 silly gunzTarPerm extractEntry dist/base64-arraybuffer.umd.js
30587 silly gunzTarPerm modified mode [ 'dist/base64-arraybuffer.umd.js', 420, 438 ]
30588 silly gunzTarPerm extractEntry internals/regexp-flags-detection.js
30589 silly gunzTarPerm modified mode [ 'internals/regexp-flags-detection.js', 420, 438 ]
30590 silly gunzTarPerm extractEntry internals/regexp-flags.js
30591 silly gunzTarPerm modified mode [ 'internals/regexp-flags.js', 420, 438 ]
30592 silly gunzTarPerm extractEntry dist/lib/index.js
30593 silly gunzTarPerm modified mode [ 'dist/lib/index.js', 420, 438 ]
30594 silly gunzTarPerm extractEntry package.json
30595 silly gunzTarPerm modified mode [ 'package.json', 420, 438 ]
30596 silly gunzTarPerm extractEntry dist/lib/index.js
30597 silly gunzTarPerm modified mode [ 'dist/lib/index.js', 420, 438 ]
30598 silly gunzTarPerm extractEntry package.json
30599 silly gunzTarPerm modified mode [ 'package.json', 420, 438 ]
30600 silly gunzTarPerm extractEntry internals/regexp-get-flags.js
30601 silly gunzTarPerm modified mode [ 'internals/regexp-get-flags.js', 420, 438 ]
30602 silly gunzTarPerm extractEntry proposals/regexp-named-groups.js
30603 silly gunzTarPerm modified mode [ 'proposals/regexp-named-groups.js', 420, 438 ]
30604 silly gunzTarPerm extractEntry dist/base64-arraybuffer.es5.js.map
30605 silly gunzTarPerm modified mode [ 'dist/base64-arraybuffer.es5.js.map', 420, 438 ]
30606 silly gunzTarPerm extractEntry dist/base64-arraybuffer.umd.js.map
30607 silly gunzTarPerm modified mode [ 'dist/base64-arraybuffer.umd.js.map', 420, 438 ]
30608 silly gunzTarPerm extractEntry dist/lib/index.js.map
30609 silly gunzTarPerm modified mode [ 'dist/lib/index.js.map', 420, 438 ]
30610 silly gunzTarPerm extractEntry CHANGELOG.md
30611 silly gunzTarPerm modified mode [ 'CHANGELOG.md', 420, 438 ]
30612 silly gunzTarPerm extractEntry README.md
30613 silly gunzTarPerm modified mode [ 'README.md', 420, 438 ]
30614 silly gunzTarPerm extractEntry dist/types/index.d.ts
30615 silly gunzTarPerm modified mode [ 'dist/types/index.d.ts', 420, 438 ]
30616 silly gunzTarPerm extractEntry rollup.config.ts
30617 silly gunzTarPerm modified mode [ 'rollup.config.ts', 420, 438 ]
30618 silly gunzTarPerm extractEntry dist/base64-arraybuffer.es5.js.map
30619 silly gunzTarPerm modified mode [ 'dist/base64-arraybuffer.es5.js.map', 420, 438 ]
30620 silly gunzTarPerm extractEntry dist/base64-arraybuffer.umd.js.map
30621 silly gunzTarPerm modified mode [ 'dist/base64-arraybuffer.umd.js.map', 420, 438 ]
30622 silly gunzTarPerm extractEntry dist/lib/index.js.map
30623 silly gunzTarPerm modified mode [ 'dist/lib/index.js.map', 420, 438 ]
30624 silly gunzTarPerm extractEntry CHANGELOG.md
30625 silly gunzTarPerm modified mode [ 'CHANGELOG.md', 420, 438 ]
30626 silly gunzTarPerm extractEntry README.md
30627 silly gunzTarPerm modified mode [ 'README.md', 420, 438 ]
30628 silly gunzTarPerm extractEntry dist/types/index.d.ts
30629 silly gunzTarPerm modified mode [ 'dist/types/index.d.ts', 420, 438 ]
30630 silly gunzTarPerm extractEntry rollup.config.ts
30631 silly gunzTarPerm modified mode [ 'rollup.config.ts', 420, 438 ]
30632 silly gunzTarPerm extractEntry internals/regexp-sticky-helpers.js
30633 silly gunzTarPerm modified mode [ 'internals/regexp-sticky-helpers.js', 420, 438 ]
30634 silly gunzTarPerm extractEntry internals/regexp-unsupported-dot-all.js
30635 silly gunzTarPerm modified mode [ 'internals/regexp-unsupported-dot-all.js', 420, 438 ]
30636 silly gunzTarPerm extractEntry internals/regexp-unsupported-ncg.js
30637 silly gunzTarPerm modified mode [ 'internals/regexp-unsupported-ncg.js', 420, 438 ]
30638 silly gunzTarPerm extractEntry proposals/relative-indexing-method.js
30639 silly gunzTarPerm modified mode [ 'proposals/relative-indexing-method.js', 420, 438 ]
30640 silly gunzTarPerm extractEntry actual/instance/repeat.js
30641 silly gunzTarPerm modified mode [ 'actual/instance/repeat.js', 420, 438 ]
30642 silly gunzTarPerm extractEntry actual/string/repeat.js
30643 silly gunzTarPerm modified mode [ 'actual/string/repeat.js', 420, 438 ]
30644 silly gunzTarPerm extractEntry actual/string/virtual/repeat.js
30645 silly gunzTarPerm modified mode [ 'actual/string/virtual/repeat.js', 420, 438 ]
30646 silly gunzTarPerm extractEntry es/instance/repeat.js
30647 silly gunzTarPerm modified mode [ 'es/instance/repeat.js', 420, 438 ]
30648 silly gunzTarPerm extractEntry es/string/repeat.js
30649 silly gunzTarPerm modified mode [ 'es/string/repeat.js', 420, 438 ]
30650 silly gunzTarPerm extractEntry es/string/virtual/repeat.js
30651 silly gunzTarPerm modified mode [ 'es/string/virtual/repeat.js', 420, 438 ]
30652 silly gunzTarPerm extractEntry features/instance/repeat.js
30653 silly gunzTarPerm modified mode [ 'features/instance/repeat.js', 420, 438 ]
30654 silly gunzTarPerm extractEntry features/string/repeat.js
30655 silly gunzTarPerm modified mode [ 'features/string/repeat.js', 420, 438 ]
30656 silly gunzTarPerm extractEntry features/string/virtual/repeat.js
30657 silly gunzTarPerm modified mode [ 'features/string/virtual/repeat.js', 420, 438 ]
30658 silly gunzTarPerm extractEntry full/instance/repeat.js
30659 silly gunzTarPerm modified mode [ 'full/instance/repeat.js', 420, 438 ]
30660 silly gunzTarPerm extractEntry full/string/repeat.js
30661 silly gunzTarPerm modified mode [ 'full/string/repeat.js', 420, 438 ]
30662 silly gunzTarPerm extractEntry full/string/virtual/repeat.js
30663 silly gunzTarPerm modified mode [ 'full/string/virtual/repeat.js', 420, 438 ]
30664 silly gunzTarPerm extractEntry stable/instance/repeat.js
30665 silly gunzTarPerm modified mode [ 'stable/instance/repeat.js', 420, 438 ]
30666 silly gunzTarPerm extractEntry stable/string/repeat.js
30667 silly gunzTarPerm modified mode [ 'stable/string/repeat.js', 420, 438 ]
30668 silly gunzTarPerm extractEntry stable/string/virtual/repeat.js
30669 silly gunzTarPerm modified mode [ 'stable/string/virtual/repeat.js', 420, 438 ]
30670 silly gunzTarPerm extractEntry actual/instance/replace-all.js
30671 silly gunzTarPerm modified mode [ 'actual/instance/replace-all.js', 420, 438 ]
30672 silly gunzTarPerm extractEntry actual/string/replace-all.js
30673 silly gunzTarPerm modified mode [ 'actual/string/replace-all.js', 420, 438 ]
30674 silly gunzTarPerm extractEntry actual/string/virtual/replace-all.js
30675 silly gunzTarPerm modified mode [ 'actual/string/virtual/replace-all.js', 420, 438 ]
30676 silly gunzTarPerm extractEntry es/instance/replace-all.js
30677 silly gunzTarPerm modified mode [ 'es/instance/replace-all.js', 420, 438 ]
30678 silly gunzTarPerm extractEntry es/string/replace-all.js
30679 silly gunzTarPerm modified mode [ 'es/string/replace-all.js', 420, 438 ]
30680 silly gunzTarPerm extractEntry es/string/virtual/replace-all.js
30681 silly gunzTarPerm modified mode [ 'es/string/virtual/replace-all.js', 420, 438 ]
30682 silly gunzTarPerm extractEntry features/instance/replace-all.js
30683 silly gunzTarPerm modified mode [ 'features/instance/replace-all.js', 420, 438 ]
30684 silly gunzTarPerm extractEntry features/string/replace-all.js
30685 silly gunzTarPerm modified mode [ 'features/string/replace-all.js', 420, 438 ]
30686 silly gunzTarPerm extractEntry features/string/virtual/replace-all.js
30687 silly gunzTarPerm modified mode [ 'features/string/virtual/replace-all.js', 420, 438 ]
30688 silly gunzTarPerm extractEntry features/symbol/replace-all.js
30689 silly gunzTarPerm modified mode [ 'features/symbol/replace-all.js', 420, 438 ]
30690 silly gunzTarPerm extractEntry full/instance/replace-all.js
30691 silly gunzTarPerm modified mode [ 'full/instance/replace-all.js', 420, 438 ]
30692 silly gunzTarPerm extractEntry full/string/replace-all.js
30693 silly gunzTarPerm modified mode [ 'full/string/replace-all.js', 420, 438 ]
30694 silly gunzTarPerm extractEntry full/string/virtual/replace-all.js
30695 silly gunzTarPerm modified mode [ 'full/string/virtual/replace-all.js', 420, 438 ]
30696 silly gunzTarPerm extractEntry full/symbol/replace-all.js
30697 silly gunzTarPerm modified mode [ 'full/symbol/replace-all.js', 420, 438 ]
30698 silly gunzTarPerm extractEntry stable/instance/replace-all.js
30699 silly gunzTarPerm modified mode [ 'stable/instance/replace-all.js', 420, 438 ]
30700 info preinstall base64-arraybuffer@1.0.2
30701 silly install resolved []
30702 verbose about to build C:\chef-master-pro\node_modules\jspdf\node_modules\html2canvas\node_modules\css-line-break\node_modules\utrie\node_modules\base64-arraybuffer
30703 info build C:\chef-master-pro\node_modules\jspdf\node_modules\html2canvas\node_modules\css-line-break\node_modules\utrie\node_modules\base64-arraybuffer
30704 verbose linkStuff [ false,
30704 verbose linkStuff   false,
30704 verbose linkStuff   false,
30704 verbose linkStuff   'C:\\chef-master-pro\\node_modules\\jspdf\\node_modules\\html2canvas\\node_modules\\css-line-break\\node_modules\\utrie\\node_modules' ]
30705 info linkStuff base64-arraybuffer@1.0.2
30706 verbose linkBins base64-arraybuffer@1.0.2
30707 verbose linkMans base64-arraybuffer@1.0.2
30708 verbose rebuildBundles base64-arraybuffer@1.0.2
30709 info install base64-arraybuffer@1.0.2
30710 info postinstall base64-arraybuffer@1.0.2
30711 silly gunzTarPerm extractEntry stable/string/replace-all.js
30712 silly gunzTarPerm modified mode [ 'stable/string/replace-all.js', 420, 438 ]
30713 silly gunzTarPerm extractEntry stable/string/virtual/replace-all.js
30714 silly gunzTarPerm modified mode [ 'stable/string/virtual/replace-all.js', 420, 438 ]
30715 verbose unlock done using C:\Users\Carlos García\AppData\Roaming\npm-cache\_locks\base64-arraybuffer-42203adb71dd1028.lock for C:\chef-master-pro\node_modules\jspdf\node_modules\html2canvas\node_modules\css-line-break\node_modules\utrie\node_modules\base64-arraybuffer
30716 verbose about to build C:\chef-master-pro\node_modules\jspdf\node_modules\html2canvas\node_modules\css-line-break\node_modules\utrie
30717 info build C:\chef-master-pro\node_modules\jspdf\node_modules\html2canvas\node_modules\css-line-break\node_modules\utrie
30718 verbose linkStuff [ false,
30718 verbose linkStuff   false,
30718 verbose linkStuff   false,
30718 verbose linkStuff   'C:\\chef-master-pro\\node_modules\\jspdf\\node_modules\\html2canvas\\node_modules\\css-line-break\\node_modules' ]
30719 info linkStuff utrie@1.0.2
30720 verbose linkBins utrie@1.0.2
30721 verbose linkMans utrie@1.0.2
30722 verbose rebuildBundles utrie@1.0.2
30723 info preinstall base64-arraybuffer@1.0.2
30724 verbose rebuildBundles [ 'base64-arraybuffer' ]
30725 info install utrie@1.0.2
30726 info postinstall utrie@1.0.2
30727 silly install resolved []
30728 verbose about to build C:\chef-master-pro\node_modules\jspdf\node_modules\html2canvas\node_modules\text-segmentation\node_modules\utrie\node_modules\base64-arraybuffer
30729 info build C:\chef-master-pro\node_modules\jspdf\node_modules\html2canvas\node_modules\text-segmentation\node_modules\utrie\node_modules\base64-arraybuffer
30730 verbose linkStuff [ false,
30730 verbose linkStuff   false,
30730 verbose linkStuff   false,
30730 verbose linkStuff   'C:\\chef-master-pro\\node_modules\\jspdf\\node_modules\\html2canvas\\node_modules\\text-segmentation\\node_modules\\utrie\\node_modules' ]
30731 info linkStuff base64-arraybuffer@1.0.2
30732 verbose linkBins base64-arraybuffer@1.0.2
30733 verbose linkMans base64-arraybuffer@1.0.2
30734 verbose rebuildBundles base64-arraybuffer@1.0.2
30735 info install base64-arraybuffer@1.0.2
30736 verbose unlock done using C:\Users\Carlos García\AppData\Roaming\npm-cache\_locks\utrie-6bd943c25556bb97.lock for C:\chef-master-pro\node_modules\jspdf\node_modules\html2canvas\node_modules\css-line-break\node_modules\utrie
30737 verbose about to build C:\chef-master-pro\node_modules\jspdf\node_modules\html2canvas\node_modules\css-line-break
30738 info build C:\chef-master-pro\node_modules\jspdf\node_modules\html2canvas\node_modules\css-line-break
30739 verbose linkStuff [ false,
30739 verbose linkStuff   false,
30739 verbose linkStuff   false,
30739 verbose linkStuff   'C:\\chef-master-pro\\node_modules\\jspdf\\node_modules\\html2canvas\\node_modules' ]
30740 info linkStuff css-line-break@2.1.0
30741 verbose linkBins css-line-break@2.1.0
30742 verbose linkMans css-line-break@2.1.0
30743 verbose rebuildBundles css-line-break@2.1.0
30744 silly gunzTarPerm extractEntry actual/regexp/replace.js
30745 silly gunzTarPerm modified mode [ 'actual/regexp/replace.js', 420, 438 ]
30746 silly gunzTarPerm extractEntry actual/string/replace.js
30747 silly gunzTarPerm modified mode [ 'actual/string/replace.js', 420, 438 ]
30748 info postinstall base64-arraybuffer@1.0.2
30749 verbose rebuildBundles [ 'utrie' ]
30750 info install css-line-break@2.1.0
30751 info postinstall css-line-break@2.1.0
30752 verbose unlock done using C:\Users\Carlos García\AppData\Roaming\npm-cache\_locks\base64-arraybuffer-4a58f5f861136625.lock for C:\chef-master-pro\node_modules\jspdf\node_modules\html2canvas\node_modules\text-segmentation\node_modules\utrie\node_modules\base64-arraybuffer
30753 verbose about to build C:\chef-master-pro\node_modules\jspdf\node_modules\html2canvas\node_modules\text-segmentation\node_modules\utrie
30754 info build C:\chef-master-pro\node_modules\jspdf\node_modules\html2canvas\node_modules\text-segmentation\node_modules\utrie
30755 verbose linkStuff [ false,
30755 verbose linkStuff   false,
30755 verbose linkStuff   false,
30755 verbose linkStuff   'C:\\chef-master-pro\\node_modules\\jspdf\\node_modules\\html2canvas\\node_modules\\text-segmentation\\node_modules' ]
30756 info linkStuff utrie@1.0.2
30757 verbose linkBins utrie@1.0.2
30758 verbose linkMans utrie@1.0.2
30759 verbose rebuildBundles utrie@1.0.2
30760 verbose rebuildBundles [ 'base64-arraybuffer' ]
30761 info install utrie@1.0.2
30762 verbose unlock done using C:\Users\Carlos García\AppData\Roaming\npm-cache\_locks\css-line-break-11224f8a31395976.lock for C:\chef-master-pro\node_modules\jspdf\node_modules\html2canvas\node_modules\css-line-break
30763 info postinstall utrie@1.0.2
30764 silly gunzTarPerm extractEntry actual/symbol/replace.js
30765 silly gunzTarPerm modified mode [ 'actual/symbol/replace.js', 420, 438 ]
30766 silly gunzTarPerm extractEntry es/regexp/replace.js
30767 silly gunzTarPerm modified mode [ 'es/regexp/replace.js', 420, 438 ]
30768 verbose unlock done using C:\Users\Carlos García\AppData\Roaming\npm-cache\_locks\utrie-b004d8654364b771.lock for C:\chef-master-pro\node_modules\jspdf\node_modules\html2canvas\node_modules\text-segmentation\node_modules\utrie
30769 verbose about to build C:\chef-master-pro\node_modules\jspdf\node_modules\html2canvas\node_modules\text-segmentation
30770 info build C:\chef-master-pro\node_modules\jspdf\node_modules\html2canvas\node_modules\text-segmentation
30771 verbose linkStuff [ false,
30771 verbose linkStuff   false,
30771 verbose linkStuff   false,
30771 verbose linkStuff   'C:\\chef-master-pro\\node_modules\\jspdf\\node_modules\\html2canvas\\node_modules' ]
30772 info linkStuff text-segmentation@1.0.3
30773 verbose linkBins text-segmentation@1.0.3
30774 verbose linkMans text-segmentation@1.0.3
30775 verbose rebuildBundles text-segmentation@1.0.3
30776 verbose rebuildBundles [ 'utrie' ]
30777 info install text-segmentation@1.0.3
30778 info postinstall text-segmentation@1.0.3
30779 silly gunzTarPerm extractEntry es/string/replace.js
30780 silly gunzTarPerm modified mode [ 'es/string/replace.js', 420, 438 ]
30781 silly gunzTarPerm extractEntry es/symbol/replace.js
30782 silly gunzTarPerm modified mode [ 'es/symbol/replace.js', 420, 438 ]
30783 verbose unlock done using C:\Users\Carlos García\AppData\Roaming\npm-cache\_locks\text-segmentation-a66ec91002b6c7de.lock for C:\chef-master-pro\node_modules\jspdf\node_modules\html2canvas\node_modules\text-segmentation
30784 verbose about to build C:\chef-master-pro\node_modules\jspdf\node_modules\html2canvas
30785 info build C:\chef-master-pro\node_modules\jspdf\node_modules\html2canvas
30786 verbose linkStuff [ false,
30786 verbose linkStuff   false,
30786 verbose linkStuff   false,
30786 verbose linkStuff   'C:\\chef-master-pro\\node_modules\\jspdf\\node_modules' ]
30787 info linkStuff html2canvas@1.4.1
30788 verbose linkBins html2canvas@1.4.1
30789 verbose linkMans html2canvas@1.4.1
30790 verbose rebuildBundles html2canvas@1.4.1
30791 verbose rebuildBundles [ 'css-line-break', 'text-segmentation' ]
30792 info install html2canvas@1.4.1
30793 info postinstall html2canvas@1.4.1
30794 silly gunzTarPerm extractEntry features/regexp/replace.js
30795 silly gunzTarPerm modified mode [ 'features/regexp/replace.js', 420, 438 ]
30796 silly gunzTarPerm extractEntry features/string/replace.js
30797 silly gunzTarPerm modified mode [ 'features/string/replace.js', 420, 438 ]
30798 verbose unlock done using C:\Users\Carlos García\AppData\Roaming\npm-cache\_locks\html2canvas-7ef3cbf977e4fba1.lock for C:\chef-master-pro\node_modules\jspdf\node_modules\html2canvas
30799 silly gunzTarPerm extractEntry features/symbol/replace.js
30800 silly gunzTarPerm modified mode [ 'features/symbol/replace.js', 420, 438 ]
30801 silly gunzTarPerm extractEntry full/regexp/replace.js
30802 silly gunzTarPerm modified mode [ 'full/regexp/replace.js', 420, 438 ]
30803 silly gunzTarPerm extractEntry full/string/replace.js
30804 silly gunzTarPerm modified mode [ 'full/string/replace.js', 420, 438 ]
30805 silly gunzTarPerm extractEntry full/symbol/replace.js
30806 silly gunzTarPerm modified mode [ 'full/symbol/replace.js', 420, 438 ]
30807 silly gunzTarPerm extractEntry stable/regexp/replace.js
30808 silly gunzTarPerm modified mode [ 'stable/regexp/replace.js', 420, 438 ]
30809 silly gunzTarPerm extractEntry stable/string/replace.js
30810 silly gunzTarPerm modified mode [ 'stable/string/replace.js', 420, 438 ]
30811 silly gunzTarPerm extractEntry stable/symbol/replace.js
30812 silly gunzTarPerm modified mode [ 'stable/symbol/replace.js', 420, 438 ]
30813 silly gunzTarPerm extractEntry internals/require-object-coercible.js
30814 silly gunzTarPerm modified mode [ 'internals/require-object-coercible.js', 420, 438 ]
30815 silly gunzTarPerm extractEntry actual/array/reverse.js
30816 silly gunzTarPerm modified mode [ 'actual/array/reverse.js', 420, 438 ]
30817 silly gunzTarPerm extractEntry actual/array/virtual/reverse.js
30818 silly gunzTarPerm modified mode [ 'actual/array/virtual/reverse.js', 420, 438 ]
30819 silly gunzTarPerm extractEntry actual/instance/reverse.js
30820 silly gunzTarPerm modified mode [ 'actual/instance/reverse.js', 420, 438 ]
30821 silly gunzTarPerm extractEntry actual/typed-array/reverse.js
30822 silly gunzTarPerm modified mode [ 'actual/typed-array/reverse.js', 420, 438 ]
30823 silly gunzTarPerm extractEntry es/array/reverse.js
30824 silly gunzTarPerm modified mode [ 'es/array/reverse.js', 420, 438 ]
30825 silly gunzTarPerm extractEntry es/array/virtual/reverse.js
30826 silly gunzTarPerm modified mode [ 'es/array/virtual/reverse.js', 420, 438 ]
30827 silly gunzTarPerm extractEntry es/instance/reverse.js
30828 silly gunzTarPerm modified mode [ 'es/instance/reverse.js', 420, 438 ]
30829 silly gunzTarPerm extractEntry es/typed-array/reverse.js
30830 silly gunzTarPerm modified mode [ 'es/typed-array/reverse.js', 420, 438 ]
30831 silly gunzTarPerm extractEntry features/array/reverse.js
30832 silly gunzTarPerm modified mode [ 'features/array/reverse.js', 420, 438 ]
30833 silly gunzTarPerm extractEntry features/array/virtual/reverse.js
30834 silly gunzTarPerm modified mode [ 'features/array/virtual/reverse.js', 420, 438 ]
30835 silly gunzTarPerm extractEntry features/instance/reverse.js
30836 silly gunzTarPerm modified mode [ 'features/instance/reverse.js', 420, 438 ]
30837 silly gunzTarPerm extractEntry features/typed-array/reverse.js
30838 silly gunzTarPerm modified mode [ 'features/typed-array/reverse.js', 420, 438 ]
30839 silly gunzTarPerm extractEntry full/array/reverse.js
30840 silly gunzTarPerm modified mode [ 'full/array/reverse.js', 420, 438 ]
30841 silly gunzTarPerm extractEntry full/array/virtual/reverse.js
30842 silly gunzTarPerm modified mode [ 'full/array/virtual/reverse.js', 420, 438 ]
30843 silly gunzTarPerm extractEntry full/instance/reverse.js
30844 silly gunzTarPerm modified mode [ 'full/instance/reverse.js', 420, 438 ]
30845 silly gunzTarPerm extractEntry full/typed-array/reverse.js
30846 silly gunzTarPerm modified mode [ 'full/typed-array/reverse.js', 420, 438 ]
30847 silly gunzTarPerm extractEntry stable/array/reverse.js
30848 silly gunzTarPerm modified mode [ 'stable/array/reverse.js', 420, 438 ]
30849 silly gunzTarPerm extractEntry stable/array/virtual/reverse.js
30850 silly gunzTarPerm modified mode [ 'stable/array/virtual/reverse.js', 420, 438 ]
30851 silly gunzTarPerm extractEntry stable/instance/reverse.js
30852 silly gunzTarPerm modified mode [ 'stable/instance/reverse.js', 420, 438 ]
30853 silly gunzTarPerm extractEntry stable/typed-array/reverse.js
30854 silly gunzTarPerm modified mode [ 'stable/typed-array/reverse.js', 420, 438 ]
30855 silly gunzTarPerm extractEntry internals/safe-get-built-in.js
30856 silly gunzTarPerm modified mode [ 'internals/safe-get-built-in.js', 420, 438 ]
30857 silly gunzTarPerm extractEntry internals/same-value-zero.js
30858 silly gunzTarPerm modified mode [ 'internals/same-value-zero.js', 420, 438 ]
30859 silly gunzTarPerm extractEntry internals/same-value.js
30860 silly gunzTarPerm modified mode [ 'internals/same-value.js', 420, 438 ]
30861 silly gunzTarPerm extractEntry features/math/scale.js
30862 silly gunzTarPerm modified mode [ 'features/math/scale.js', 420, 438 ]
30863 silly gunzTarPerm extractEntry full/math/scale.js
30864 silly gunzTarPerm modified mode [ 'full/math/scale.js', 420, 438 ]
30865 silly gunzTarPerm extractEntry internals/schedulers-fix.js
30866 silly gunzTarPerm modified mode [ 'internals/schedulers-fix.js', 420, 438 ]
30867 silly gunzTarPerm extractEntry actual/object/seal.js
30868 silly gunzTarPerm modified mode [ 'actual/object/seal.js', 420, 438 ]
30869 silly gunzTarPerm extractEntry es/object/seal.js
30870 silly gunzTarPerm modified mode [ 'es/object/seal.js', 420, 438 ]
30871 silly gunzTarPerm extractEntry features/object/seal.js
30872 silly gunzTarPerm modified mode [ 'features/object/seal.js', 420, 438 ]
30873 silly gunzTarPerm extractEntry full/object/seal.js
30874 silly gunzTarPerm modified mode [ 'full/object/seal.js', 420, 438 ]
30875 silly gunzTarPerm extractEntry stable/object/seal.js
30876 silly gunzTarPerm modified mode [ 'stable/object/seal.js', 420, 438 ]
30877 silly gunzTarPerm extractEntry actual/regexp/search.js
30878 silly gunzTarPerm modified mode [ 'actual/regexp/search.js', 420, 438 ]
30879 silly gunzTarPerm extractEntry actual/string/search.js
30880 silly gunzTarPerm modified mode [ 'actual/string/search.js', 420, 438 ]
30881 silly gunzTarPerm extractEntry actual/symbol/search.js
30882 silly gunzTarPerm modified mode [ 'actual/symbol/search.js', 420, 438 ]
30883 silly gunzTarPerm extractEntry es/regexp/search.js
30884 silly gunzTarPerm modified mode [ 'es/regexp/search.js', 420, 438 ]
30885 silly gunzTarPerm extractEntry es/string/search.js
30886 silly gunzTarPerm modified mode [ 'es/string/search.js', 420, 438 ]
30887 silly gunzTarPerm extractEntry es/symbol/search.js
30888 silly gunzTarPerm modified mode [ 'es/symbol/search.js', 420, 438 ]
30889 silly gunzTarPerm extractEntry features/regexp/search.js
30890 silly gunzTarPerm modified mode [ 'features/regexp/search.js', 420, 438 ]
30891 silly gunzTarPerm extractEntry features/string/search.js
30892 silly gunzTarPerm modified mode [ 'features/string/search.js', 420, 438 ]
30893 silly gunzTarPerm extractEntry features/symbol/search.js
30894 silly gunzTarPerm modified mode [ 'features/symbol/search.js', 420, 438 ]
30895 silly gunzTarPerm extractEntry full/regexp/search.js
30896 silly gunzTarPerm modified mode [ 'full/regexp/search.js', 420, 438 ]
30897 silly gunzTarPerm extractEntry full/string/search.js
30898 silly gunzTarPerm modified mode [ 'full/string/search.js', 420, 438 ]
30899 silly gunzTarPerm extractEntry full/symbol/search.js
30900 silly gunzTarPerm modified mode [ 'full/symbol/search.js', 420, 438 ]
30901 silly gunzTarPerm extractEntry stable/regexp/search.js
30902 silly gunzTarPerm modified mode [ 'stable/regexp/search.js', 420, 438 ]
30903 silly gunzTarPerm extractEntry stable/string/search.js
30904 silly gunzTarPerm modified mode [ 'stable/string/search.js', 420, 438 ]
30905 silly gunzTarPerm extractEntry stable/symbol/search.js
30906 silly gunzTarPerm modified mode [ 'stable/symbol/search.js', 420, 438 ]
30907 silly gunzTarPerm extractEntry features/math/seeded-prng.js
30908 silly gunzTarPerm modified mode [ 'features/math/seeded-prng.js', 420, 438 ]
30909 silly gunzTarPerm extractEntry full/math/seeded-prng.js
30910 silly gunzTarPerm modified mode [ 'full/math/seeded-prng.js', 420, 438 ]
30911 silly gunzTarPerm extractEntry proposals/seeded-random.js
30912 silly gunzTarPerm modified mode [ 'proposals/seeded-random.js', 420, 438 ]
30913 silly gunzTarPerm extractEntry actual/self.js
30914 silly gunzTarPerm modified mode [ 'actual/self.js', 420, 438 ]
30915 silly gunzTarPerm extractEntry features/self.js
30916 silly gunzTarPerm modified mode [ 'features/self.js', 420, 438 ]
30917 silly gunzTarPerm extractEntry full/self.js
30918 silly gunzTarPerm modified mode [ 'full/self.js', 420, 438 ]
30919 silly gunzTarPerm extractEntry stable/self.js
30920 silly gunzTarPerm modified mode [ 'stable/self.js', 420, 438 ]
30921 silly gunzTarPerm extractEntry internals/set-clone.js
30922 silly gunzTarPerm modified mode [ 'internals/set-clone.js', 420, 438 ]
30923 silly gunzTarPerm extractEntry internals/set-difference.js
30924 silly gunzTarPerm modified mode [ 'internals/set-difference.js', 420, 438 ]
30925 silly gunzTarPerm extractEntry actual/data-view/set-float16.js
30926 silly gunzTarPerm modified mode [ 'actual/data-view/set-float16.js', 420, 438 ]
30927 silly gunzTarPerm extractEntry es/data-view/set-float16.js
30928 silly gunzTarPerm modified mode [ 'es/data-view/set-float16.js', 420, 438 ]
30929 silly gunzTarPerm extractEntry features/data-view/set-float16.js
30930 silly gunzTarPerm modified mode [ 'features/data-view/set-float16.js', 420, 438 ]
30931 silly gunzTarPerm extractEntry full/data-view/set-float16.js
30932 silly gunzTarPerm modified mode [ 'full/data-view/set-float16.js', 420, 438 ]
30933 silly gunzTarPerm extractEntry stable/data-view/set-float16.js
30934 silly gunzTarPerm modified mode [ 'stable/data-view/set-float16.js', 420, 438 ]
30935 silly gunzTarPerm extractEntry actual/typed-array/set-from-base64.js
30936 silly gunzTarPerm modified mode [ 'actual/typed-array/set-from-base64.js', 420, 438 ]
30937 silly gunzTarPerm extractEntry es/typed-array/set-from-base64.js
30938 silly gunzTarPerm modified mode [ 'es/typed-array/set-from-base64.js', 420, 438 ]
30939 silly gunzTarPerm extractEntry features/typed-array/set-from-base64.js
30940 silly gunzTarPerm modified mode [ 'features/typed-array/set-from-base64.js', 420, 438 ]
30941 silly gunzTarPerm extractEntry full/typed-array/set-from-base64.js
30942 silly gunzTarPerm modified mode [ 'full/typed-array/set-from-base64.js', 420, 438 ]
30943 silly gunzTarPerm extractEntry stable/typed-array/set-from-base64.js
30944 silly gunzTarPerm modified mode [ 'stable/typed-array/set-from-base64.js', 420, 438 ]
30945 silly gunzTarPerm extractEntry actual/typed-array/set-from-hex.js
30946 silly gunzTarPerm modified mode [ 'actual/typed-array/set-from-hex.js', 420, 438 ]
30947 silly gunzTarPerm extractEntry es/typed-array/set-from-hex.js
30948 silly gunzTarPerm modified mode [ 'es/typed-array/set-from-hex.js', 420, 438 ]
30949 silly gunzTarPerm extractEntry features/typed-array/set-from-hex.js
30950 silly gunzTarPerm modified mode [ 'features/typed-array/set-from-hex.js', 420, 438 ]
30951 silly gunzTarPerm extractEntry full/typed-array/set-from-hex.js
30952 silly gunzTarPerm modified mode [ 'full/typed-array/set-from-hex.js', 420, 438 ]
30953 silly gunzTarPerm extractEntry stable/typed-array/set-from-hex.js
30954 silly gunzTarPerm modified mode [ 'stable/typed-array/set-from-hex.js', 420, 438 ]
30955 silly gunzTarPerm extractEntry internals/set-helpers.js
30956 silly gunzTarPerm modified mode [ 'internals/set-helpers.js', 420, 438 ]
30957 silly gunzTarPerm extractEntry actual/set-immediate.js
30958 silly gunzTarPerm modified mode [ 'actual/set-immediate.js', 420, 438 ]
30959 silly gunzTarPerm extractEntry features/set-immediate.js
30960 silly gunzTarPerm modified mode [ 'features/set-immediate.js', 420, 438 ]
30961 silly gunzTarPerm extractEntry full/set-immediate.js
30962 silly gunzTarPerm modified mode [ 'full/set-immediate.js', 420, 438 ]
30963 silly gunzTarPerm extractEntry stable/set-immediate.js
30964 silly gunzTarPerm modified mode [ 'stable/set-immediate.js', 420, 438 ]
30965 silly gunzTarPerm extractEntry internals/set-intersection.js
30966 silly gunzTarPerm modified mode [ 'internals/set-intersection.js', 420, 438 ]
30967 silly gunzTarPerm extractEntry actual/set-interval.js
30968 silly gunzTarPerm modified mode [ 'actual/set-interval.js', 420, 438 ]
30969 silly gunzTarPerm extractEntry features/set-interval.js
30970 silly gunzTarPerm modified mode [ 'features/set-interval.js', 420, 438 ]
30971 silly gunzTarPerm extractEntry full/set-interval.js
30972 silly gunzTarPerm modified mode [ 'full/set-interval.js', 420, 438 ]
30973 silly gunzTarPerm extractEntry stable/set-interval.js
30974 silly gunzTarPerm modified mode [ 'stable/set-interval.js', 420, 438 ]
30975 silly gunzTarPerm extractEntry internals/set-is-disjoint-from.js
30976 silly gunzTarPerm modified mode [ 'internals/set-is-disjoint-from.js', 420, 438 ]
30977 silly gunzTarPerm extractEntry internals/set-is-subset-of.js
30978 silly gunzTarPerm modified mode [ 'internals/set-is-subset-of.js', 420, 438 ]
30979 silly gunzTarPerm extractEntry internals/set-is-superset-of.js
30980 silly gunzTarPerm modified mode [ 'internals/set-is-superset-of.js', 420, 438 ]
30981 silly gunzTarPerm extractEntry internals/set-iterate.js
30982 silly gunzTarPerm modified mode [ 'internals/set-iterate.js', 420, 438 ]
30983 silly gunzTarPerm extractEntry internals/set-method-accept-set-like.js
30984 silly gunzTarPerm modified mode [ 'internals/set-method-accept-set-like.js', 420, 438 ]
30985 silly gunzTarPerm extractEntry internals/set-method-get-keys-before-cloning-detection.js
30986 silly gunzTarPerm modified mode [ 'internals/set-method-get-keys-before-cloning-detection.js',
30986 silly gunzTarPerm   420,
30986 silly gunzTarPerm   438 ]
30987 silly gunzTarPerm extractEntry proposals/set-methods-v2.js
30988 silly gunzTarPerm modified mode [ 'proposals/set-methods-v2.js', 420, 438 ]
30989 silly gunzTarPerm extractEntry proposals/set-methods.js
30990 silly gunzTarPerm modified mode [ 'proposals/set-methods.js', 420, 438 ]
30991 silly gunzTarPerm extractEntry actual/object/set-prototype-of.js
30992 silly gunzTarPerm modified mode [ 'actual/object/set-prototype-of.js', 420, 438 ]
30993 silly gunzTarPerm extractEntry actual/reflect/set-prototype-of.js
30994 silly gunzTarPerm modified mode [ 'actual/reflect/set-prototype-of.js', 420, 438 ]
30995 silly gunzTarPerm extractEntry es/object/set-prototype-of.js
30996 silly gunzTarPerm modified mode [ 'es/object/set-prototype-of.js', 420, 438 ]
30997 silly gunzTarPerm extractEntry es/reflect/set-prototype-of.js
30998 silly gunzTarPerm modified mode [ 'es/reflect/set-prototype-of.js', 420, 438 ]
30999 silly gunzTarPerm extractEntry features/object/set-prototype-of.js
31000 silly gunzTarPerm modified mode [ 'features/object/set-prototype-of.js', 420, 438 ]
31001 silly gunzTarPerm extractEntry features/reflect/set-prototype-of.js
31002 silly gunzTarPerm modified mode [ 'features/reflect/set-prototype-of.js', 420, 438 ]
31003 silly gunzTarPerm extractEntry full/object/set-prototype-of.js
31004 silly gunzTarPerm modified mode [ 'full/object/set-prototype-of.js', 420, 438 ]
31005 silly gunzTarPerm extractEntry full/reflect/set-prototype-of.js
31006 silly gunzTarPerm modified mode [ 'full/reflect/set-prototype-of.js', 420, 438 ]
31007 silly gunzTarPerm extractEntry stable/object/set-prototype-of.js
31008 silly gunzTarPerm modified mode [ 'stable/object/set-prototype-of.js', 420, 438 ]
31009 silly gunzTarPerm extractEntry stable/reflect/set-prototype-of.js
31010 silly gunzTarPerm modified mode [ 'stable/reflect/set-prototype-of.js', 420, 438 ]
31011 silly gunzTarPerm extractEntry internals/set-size.js
31012 silly gunzTarPerm modified mode [ 'internals/set-size.js', 420, 438 ]
31013 silly gunzTarPerm extractEntry internals/set-species.js
31014 silly gunzTarPerm modified mode [ 'internals/set-species.js', 420, 438 ]
31015 silly gunzTarPerm extractEntry internals/set-symmetric-difference.js
31016 silly gunzTarPerm modified mode [ 'internals/set-symmetric-difference.js', 420, 438 ]
31017 silly gunzTarPerm extractEntry actual/set-timeout.js
31018 silly gunzTarPerm modified mode [ 'actual/set-timeout.js', 420, 438 ]
31019 silly gunzTarPerm extractEntry features/set-timeout.js
31020 silly gunzTarPerm modified mode [ 'features/set-timeout.js', 420, 438 ]
31021 silly gunzTarPerm extractEntry full/set-timeout.js
31022 silly gunzTarPerm modified mode [ 'full/set-timeout.js', 420, 438 ]
31023 silly gunzTarPerm extractEntry stable/set-timeout.js
31024 silly gunzTarPerm modified mode [ 'stable/set-timeout.js', 420, 438 ]
31025 silly gunzTarPerm extractEntry internals/set-to-string-tag.js
31026 silly gunzTarPerm modified mode [ 'internals/set-to-string-tag.js', 420, 438 ]
31027 silly gunzTarPerm extractEntry features/data-view/set-uint8-clamped.js
31028 silly gunzTarPerm modified mode [ 'features/data-view/set-uint8-clamped.js', 420, 438 ]
31029 silly gunzTarPerm extractEntry full/data-view/set-uint8-clamped.js
31030 silly gunzTarPerm modified mode [ 'full/data-view/set-uint8-clamped.js', 420, 438 ]
31031 silly gunzTarPerm extractEntry internals/set-union.js
31032 silly gunzTarPerm modified mode [ 'internals/set-union.js', 420, 438 ]
31033 silly gunzTarPerm extractEntry actual/date/set-year.js
31034 silly gunzTarPerm modified mode [ 'actual/date/set-year.js', 420, 438 ]
31035 silly gunzTarPerm extractEntry es/date/set-year.js
31036 silly gunzTarPerm modified mode [ 'es/date/set-year.js', 420, 438 ]
31037 silly gunzTarPerm extractEntry features/date/set-year.js
31038 silly gunzTarPerm modified mode [ 'features/date/set-year.js', 420, 438 ]
31039 silly gunzTarPerm extractEntry full/date/set-year.js
31040 silly gunzTarPerm modified mode [ 'full/date/set-year.js', 420, 438 ]
31041 silly gunzTarPerm extractEntry stable/date/set-year.js
31042 silly gunzTarPerm modified mode [ 'stable/date/set-year.js', 420, 438 ]
31043 silly gunzTarPerm extractEntry actual/reflect/set.js
31044 silly gunzTarPerm modified mode [ 'actual/reflect/set.js', 420, 438 ]
31045 silly gunzTarPerm extractEntry actual/typed-array/set.js
31046 silly gunzTarPerm modified mode [ 'actual/typed-array/set.js', 420, 438 ]
31047 silly gunzTarPerm extractEntry es/reflect/set.js
31048 silly gunzTarPerm modified mode [ 'es/reflect/set.js', 420, 438 ]
31049 silly gunzTarPerm extractEntry es/typed-array/set.js
31050 silly gunzTarPerm modified mode [ 'es/typed-array/set.js', 420, 438 ]
31051 silly gunzTarPerm extractEntry features/reflect/set.js
31052 silly gunzTarPerm modified mode [ 'features/reflect/set.js', 420, 438 ]
31053 silly gunzTarPerm extractEntry features/typed-array/set.js
31054 silly gunzTarPerm modified mode [ 'features/typed-array/set.js', 420, 438 ]
31055 silly gunzTarPerm extractEntry full/reflect/set.js
31056 silly gunzTarPerm modified mode [ 'full/reflect/set.js', 420, 438 ]
31057 silly gunzTarPerm extractEntry full/typed-array/set.js
31058 silly gunzTarPerm modified mode [ 'full/typed-array/set.js', 420, 438 ]
31059 silly gunzTarPerm extractEntry stable/reflect/set.js
31060 silly gunzTarPerm modified mode [ 'stable/reflect/set.js', 420, 438 ]
31061 silly gunzTarPerm extractEntry stable/typed-array/set.js
31062 silly gunzTarPerm modified mode [ 'stable/typed-array/set.js', 420, 438 ]
31063 silly gunzTarPerm extractEntry internals/shared-key.js
31064 silly gunzTarPerm modified mode [ 'internals/shared-key.js', 420, 438 ]
31065 silly gunzTarPerm extractEntry internals/shared-store.js
31066 silly gunzTarPerm modified mode [ 'internals/shared-store.js', 420, 438 ]
31067 silly gunzTarPerm extractEntry internals/shared.js
31068 silly gunzTarPerm modified mode [ 'internals/shared.js', 420, 438 ]
31069 silly gunzTarPerm extractEntry actual/math/sign.js
31070 silly gunzTarPerm modified mode [ 'actual/math/sign.js', 420, 438 ]
31071 silly gunzTarPerm extractEntry es/math/sign.js
31072 silly gunzTarPerm modified mode [ 'es/math/sign.js', 420, 438 ]
31073 silly gunzTarPerm extractEntry features/math/sign.js
31074 silly gunzTarPerm modified mode [ 'features/math/sign.js', 420, 438 ]
31075 silly gunzTarPerm extractEntry full/math/sign.js
31076 silly gunzTarPerm modified mode [ 'full/math/sign.js', 420, 438 ]
31077 silly gunzTarPerm extractEntry stable/math/sign.js
31078 silly gunzTarPerm modified mode [ 'stable/math/sign.js', 420, 438 ]
31079 silly gunzTarPerm extractEntry features/math/signbit.js
31080 silly gunzTarPerm modified mode [ 'features/math/signbit.js', 420, 438 ]
31081 silly gunzTarPerm extractEntry full/math/signbit.js
31082 silly gunzTarPerm modified mode [ 'full/math/signbit.js', 420, 438 ]
31083 silly gunzTarPerm extractEntry actual/math/sinh.js
31084 silly gunzTarPerm modified mode [ 'actual/math/sinh.js', 420, 438 ]
31085 silly gunzTarPerm extractEntry es/math/sinh.js
31086 silly gunzTarPerm modified mode [ 'es/math/sinh.js', 420, 438 ]
31087 silly gunzTarPerm extractEntry features/math/sinh.js
31088 silly gunzTarPerm modified mode [ 'features/math/sinh.js', 420, 438 ]
31089 silly gunzTarPerm extractEntry full/math/sinh.js
31090 silly gunzTarPerm modified mode [ 'full/math/sinh.js', 420, 438 ]
31091 silly gunzTarPerm extractEntry stable/math/sinh.js
31092 silly gunzTarPerm modified mode [ 'stable/math/sinh.js', 420, 438 ]
31093 silly gunzTarPerm extractEntry actual/array-buffer/slice.js
31094 silly gunzTarPerm modified mode [ 'actual/array-buffer/slice.js', 420, 438 ]
31095 silly gunzTarPerm extractEntry actual/array/slice.js
31096 silly gunzTarPerm modified mode [ 'actual/array/slice.js', 420, 438 ]
31097 silly gunzTarPerm extractEntry actual/array/virtual/slice.js
31098 silly gunzTarPerm modified mode [ 'actual/array/virtual/slice.js', 420, 438 ]
31099 silly gunzTarPerm extractEntry actual/instance/slice.js
31100 silly gunzTarPerm modified mode [ 'actual/instance/slice.js', 420, 438 ]
31101 silly gunzTarPerm extractEntry actual/typed-array/slice.js
31102 silly gunzTarPerm modified mode [ 'actual/typed-array/slice.js', 420, 438 ]
31103 silly gunzTarPerm extractEntry es/array-buffer/slice.js
31104 silly gunzTarPerm modified mode [ 'es/array-buffer/slice.js', 420, 438 ]
31105 silly gunzTarPerm extractEntry es/array/slice.js
31106 silly gunzTarPerm modified mode [ 'es/array/slice.js', 420, 438 ]
31107 silly gunzTarPerm extractEntry es/array/virtual/slice.js
31108 silly gunzTarPerm modified mode [ 'es/array/virtual/slice.js', 420, 438 ]
31109 silly gunzTarPerm extractEntry es/instance/slice.js
31110 silly gunzTarPerm modified mode [ 'es/instance/slice.js', 420, 438 ]
31111 silly gunzTarPerm extractEntry es/typed-array/slice.js
31112 silly gunzTarPerm modified mode [ 'es/typed-array/slice.js', 420, 438 ]
31113 silly gunzTarPerm extractEntry features/array-buffer/slice.js
31114 silly gunzTarPerm modified mode [ 'features/array-buffer/slice.js', 420, 438 ]
31115 silly gunzTarPerm extractEntry features/array/slice.js
31116 silly gunzTarPerm modified mode [ 'features/array/slice.js', 420, 438 ]
31117 silly gunzTarPerm extractEntry features/array/virtual/slice.js
31118 silly gunzTarPerm modified mode [ 'features/array/virtual/slice.js', 420, 438 ]
31119 silly gunzTarPerm extractEntry features/instance/slice.js
31120 silly gunzTarPerm modified mode [ 'features/instance/slice.js', 420, 438 ]
31121 silly gunzTarPerm extractEntry features/typed-array/slice.js
31122 silly gunzTarPerm modified mode [ 'features/typed-array/slice.js', 420, 438 ]
31123 silly gunzTarPerm extractEntry full/array-buffer/slice.js
31124 silly gunzTarPerm modified mode [ 'full/array-buffer/slice.js', 420, 438 ]
31125 silly gunzTarPerm extractEntry full/array/slice.js
31126 silly gunzTarPerm modified mode [ 'full/array/slice.js', 420, 438 ]
31127 silly gunzTarPerm extractEntry full/array/virtual/slice.js
31128 silly gunzTarPerm modified mode [ 'full/array/virtual/slice.js', 420, 438 ]
31129 silly gunzTarPerm extractEntry full/instance/slice.js
31130 silly gunzTarPerm modified mode [ 'full/instance/slice.js', 420, 438 ]
31131 silly gunzTarPerm extractEntry full/typed-array/slice.js
31132 silly gunzTarPerm modified mode [ 'full/typed-array/slice.js', 420, 438 ]
31133 silly gunzTarPerm extractEntry stable/array-buffer/slice.js
31134 silly gunzTarPerm modified mode [ 'stable/array-buffer/slice.js', 420, 438 ]
31135 silly gunzTarPerm extractEntry stable/array/slice.js
31136 silly gunzTarPerm modified mode [ 'stable/array/slice.js', 420, 438 ]
31137 silly gunzTarPerm extractEntry stable/array/virtual/slice.js
31138 silly gunzTarPerm modified mode [ 'stable/array/virtual/slice.js', 420, 438 ]
31139 silly gunzTarPerm extractEntry stable/instance/slice.js
31140 silly gunzTarPerm modified mode [ 'stable/instance/slice.js', 420, 438 ]
31141 silly gunzTarPerm extractEntry stable/typed-array/slice.js
31142 silly gunzTarPerm modified mode [ 'stable/typed-array/slice.js', 420, 438 ]
31143 silly gunzTarPerm extractEntry features/iterator/sliding.js
31144 silly gunzTarPerm modified mode [ 'features/iterator/sliding.js', 420, 438 ]
31145 silly gunzTarPerm extractEntry full/iterator/sliding.js
31146 silly gunzTarPerm modified mode [ 'full/iterator/sliding.js', 420, 438 ]
31147 silly gunzTarPerm extractEntry actual/string/small.js
31148 silly gunzTarPerm modified mode [ 'actual/string/small.js', 420, 438 ]
31149 silly gunzTarPerm extractEntry actual/string/virtual/small.js
31150 silly gunzTarPerm modified mode [ 'actual/string/virtual/small.js', 420, 438 ]
31151 silly gunzTarPerm extractEntry es/string/small.js
31152 silly gunzTarPerm modified mode [ 'es/string/small.js', 420, 438 ]
31153 silly gunzTarPerm extractEntry es/string/virtual/small.js
31154 silly gunzTarPerm modified mode [ 'es/string/virtual/small.js', 420, 438 ]
31155 silly gunzTarPerm extractEntry features/string/small.js
31156 silly gunzTarPerm modified mode [ 'features/string/small.js', 420, 438 ]
31157 silly gunzTarPerm extractEntry features/string/virtual/small.js
31158 silly gunzTarPerm modified mode [ 'features/string/virtual/small.js', 420, 438 ]
31159 silly gunzTarPerm extractEntry full/string/small.js
31160 silly gunzTarPerm modified mode [ 'full/string/small.js', 420, 438 ]
31161 silly gunzTarPerm extractEntry full/string/virtual/small.js
31162 silly gunzTarPerm modified mode [ 'full/string/virtual/small.js', 420, 438 ]
31163 silly gunzTarPerm extractEntry stable/string/small.js
31164 silly gunzTarPerm modified mode [ 'stable/string/small.js', 420, 438 ]
31165 silly gunzTarPerm extractEntry stable/string/virtual/small.js
31166 silly gunzTarPerm modified mode [ 'stable/string/virtual/small.js', 420, 438 ]
31167 silly gunzTarPerm extractEntry actual/array/some.js
31168 silly gunzTarPerm modified mode [ 'actual/array/some.js', 420, 438 ]
31169 silly gunzTarPerm extractEntry actual/array/virtual/some.js
31170 silly gunzTarPerm modified mode [ 'actual/array/virtual/some.js', 420, 438 ]
31171 silly gunzTarPerm extractEntry actual/async-iterator/some.js
31172 silly gunzTarPerm modified mode [ 'actual/async-iterator/some.js', 420, 438 ]
31173 silly gunzTarPerm extractEntry actual/instance/some.js
31174 silly gunzTarPerm modified mode [ 'actual/instance/some.js', 420, 438 ]
31175 silly gunzTarPerm extractEntry actual/iterator/some.js
31176 silly gunzTarPerm modified mode [ 'actual/iterator/some.js', 420, 438 ]
31177 silly gunzTarPerm extractEntry actual/typed-array/some.js
31178 silly gunzTarPerm modified mode [ 'actual/typed-array/some.js', 420, 438 ]
31179 silly gunzTarPerm extractEntry es/array/some.js
31180 silly gunzTarPerm modified mode [ 'es/array/some.js', 420, 438 ]
31181 silly gunzTarPerm extractEntry es/array/virtual/some.js
31182 silly gunzTarPerm modified mode [ 'es/array/virtual/some.js', 420, 438 ]
31183 silly gunzTarPerm extractEntry es/instance/some.js
31184 silly gunzTarPerm modified mode [ 'es/instance/some.js', 420, 438 ]
31185 silly gunzTarPerm extractEntry es/iterator/some.js
31186 silly gunzTarPerm modified mode [ 'es/iterator/some.js', 420, 438 ]
31187 silly gunzTarPerm extractEntry es/typed-array/some.js
31188 silly gunzTarPerm modified mode [ 'es/typed-array/some.js', 420, 438 ]
31189 silly gunzTarPerm extractEntry features/array/some.js
31190 silly gunzTarPerm modified mode [ 'features/array/some.js', 420, 438 ]
31191 silly gunzTarPerm extractEntry features/array/virtual/some.js
31192 silly gunzTarPerm modified mode [ 'features/array/virtual/some.js', 420, 438 ]
31193 silly gunzTarPerm extractEntry features/async-iterator/some.js
31194 silly gunzTarPerm modified mode [ 'features/async-iterator/some.js', 420, 438 ]
31195 silly gunzTarPerm extractEntry features/instance/some.js
31196 silly gunzTarPerm modified mode [ 'features/instance/some.js', 420, 438 ]
31197 silly gunzTarPerm extractEntry features/iterator/some.js
31198 silly gunzTarPerm modified mode [ 'features/iterator/some.js', 420, 438 ]
31199 silly gunzTarPerm extractEntry features/map/some.js
31200 silly gunzTarPerm modified mode [ 'features/map/some.js', 420, 438 ]
31201 silly gunzTarPerm extractEntry features/set/some.js
31202 silly gunzTarPerm modified mode [ 'features/set/some.js', 420, 438 ]
31203 silly gunzTarPerm extractEntry features/typed-array/some.js
31204 silly gunzTarPerm modified mode [ 'features/typed-array/some.js', 420, 438 ]
31205 silly gunzTarPerm extractEntry full/array/some.js
31206 silly gunzTarPerm modified mode [ 'full/array/some.js', 420, 438 ]
31207 silly gunzTarPerm extractEntry full/array/virtual/some.js
31208 silly gunzTarPerm modified mode [ 'full/array/virtual/some.js', 420, 438 ]
31209 silly gunzTarPerm extractEntry full/async-iterator/some.js
31210 silly gunzTarPerm modified mode [ 'full/async-iterator/some.js', 420, 438 ]
31211 silly gunzTarPerm extractEntry full/instance/some.js
31212 silly gunzTarPerm modified mode [ 'full/instance/some.js', 420, 438 ]
31213 silly gunzTarPerm extractEntry full/iterator/some.js
31214 silly gunzTarPerm modified mode [ 'full/iterator/some.js', 420, 438 ]
31215 silly gunzTarPerm extractEntry full/map/some.js
31216 silly gunzTarPerm modified mode [ 'full/map/some.js', 420, 438 ]
31217 silly gunzTarPerm extractEntry full/set/some.js
31218 silly gunzTarPerm modified mode [ 'full/set/some.js', 420, 438 ]
31219 silly gunzTarPerm extractEntry full/typed-array/some.js
31220 silly gunzTarPerm modified mode [ 'full/typed-array/some.js', 420, 438 ]
31221 silly gunzTarPerm extractEntry stable/array/some.js
31222 silly gunzTarPerm modified mode [ 'stable/array/some.js', 420, 438 ]
31223 silly gunzTarPerm extractEntry stable/array/virtual/some.js
31224 silly gunzTarPerm modified mode [ 'stable/array/virtual/some.js', 420, 438 ]
31225 silly gunzTarPerm extractEntry stable/instance/some.js
31226 silly gunzTarPerm modified mode [ 'stable/instance/some.js', 420, 438 ]
31227 silly gunzTarPerm extractEntry stable/iterator/some.js
31228 silly gunzTarPerm modified mode [ 'stable/iterator/some.js', 420, 438 ]
31229 silly gunzTarPerm extractEntry stable/typed-array/some.js
31230 silly gunzTarPerm modified mode [ 'stable/typed-array/some.js', 420, 438 ]
31231 silly gunzTarPerm extractEntry actual/array/sort.js
31232 silly gunzTarPerm modified mode [ 'actual/array/sort.js', 420, 438 ]
31233 silly gunzTarPerm extractEntry actual/array/virtual/sort.js
31234 silly gunzTarPerm modified mode [ 'actual/array/virtual/sort.js', 420, 438 ]
31235 silly gunzTarPerm extractEntry actual/instance/sort.js
31236 silly gunzTarPerm modified mode [ 'actual/instance/sort.js', 420, 438 ]
31237 silly gunzTarPerm extractEntry actual/typed-array/sort.js
31238 silly gunzTarPerm modified mode [ 'actual/typed-array/sort.js', 420, 438 ]
31239 silly gunzTarPerm extractEntry es/array/sort.js
31240 silly gunzTarPerm modified mode [ 'es/array/sort.js', 420, 438 ]
31241 silly gunzTarPerm extractEntry es/array/virtual/sort.js
31242 silly gunzTarPerm modified mode [ 'es/array/virtual/sort.js', 420, 438 ]
31243 silly gunzTarPerm extractEntry es/instance/sort.js
31244 silly gunzTarPerm modified mode [ 'es/instance/sort.js', 420, 438 ]
31245 silly gunzTarPerm extractEntry es/typed-array/sort.js
31246 silly gunzTarPerm modified mode [ 'es/typed-array/sort.js', 420, 438 ]
31247 silly gunzTarPerm extractEntry features/array/sort.js
31248 silly gunzTarPerm modified mode [ 'features/array/sort.js', 420, 438 ]
31249 silly gunzTarPerm extractEntry features/array/virtual/sort.js
31250 silly gunzTarPerm modified mode [ 'features/array/virtual/sort.js', 420, 438 ]
31251 silly gunzTarPerm extractEntry features/instance/sort.js
31252 silly gunzTarPerm modified mode [ 'features/instance/sort.js', 420, 438 ]
31253 silly gunzTarPerm extractEntry features/typed-array/sort.js
31254 silly gunzTarPerm modified mode [ 'features/typed-array/sort.js', 420, 438 ]
31255 silly gunzTarPerm extractEntry full/array/sort.js
31256 silly gunzTarPerm modified mode [ 'full/array/sort.js', 420, 438 ]
31257 silly gunzTarPerm extractEntry full/array/virtual/sort.js
31258 silly gunzTarPerm modified mode [ 'full/array/virtual/sort.js', 420, 438 ]
31259 silly gunzTarPerm extractEntry full/instance/sort.js
31260 silly gunzTarPerm modified mode [ 'full/instance/sort.js', 420, 438 ]
31261 silly gunzTarPerm extractEntry full/typed-array/sort.js
31262 silly gunzTarPerm modified mode [ 'full/typed-array/sort.js', 420, 438 ]
31263 silly gunzTarPerm extractEntry stable/array/sort.js
31264 silly gunzTarPerm modified mode [ 'stable/array/sort.js', 420, 438 ]
31265 silly gunzTarPerm extractEntry stable/array/virtual/sort.js
31266 silly gunzTarPerm modified mode [ 'stable/array/virtual/sort.js', 420, 438 ]
31267 silly gunzTarPerm extractEntry stable/instance/sort.js
31268 silly gunzTarPerm modified mode [ 'stable/instance/sort.js', 420, 438 ]
31269 silly gunzTarPerm extractEntry stable/typed-array/sort.js
31270 silly gunzTarPerm modified mode [ 'stable/typed-array/sort.js', 420, 438 ]
31271 silly gunzTarPerm extractEntry internals/species-constructor.js
31272 silly gunzTarPerm modified mode [ 'internals/species-constructor.js', 420, 438 ]
31273 silly gunzTarPerm extractEntry actual/symbol/species.js
31274 silly gunzTarPerm modified mode [ 'actual/symbol/species.js', 420, 438 ]
31275 silly gunzTarPerm extractEntry es/symbol/species.js
31276 silly gunzTarPerm modified mode [ 'es/symbol/species.js', 420, 438 ]
31277 silly gunzTarPerm extractEntry features/symbol/species.js
31278 silly gunzTarPerm modified mode [ 'features/symbol/species.js', 420, 438 ]
31279 silly gunzTarPerm extractEntry full/symbol/species.js
31280 silly gunzTarPerm modified mode [ 'full/symbol/species.js', 420, 438 ]
31281 silly gunzTarPerm extractEntry stable/symbol/species.js
31282 silly gunzTarPerm modified mode [ 'stable/symbol/species.js', 420, 438 ]
31283 silly gunzTarPerm extractEntry actual/array/splice.js
31284 silly gunzTarPerm modified mode [ 'actual/array/splice.js', 420, 438 ]
31285 silly gunzTarPerm extractEntry actual/array/virtual/splice.js
31286 silly gunzTarPerm modified mode [ 'actual/array/virtual/splice.js', 420, 438 ]
31287 silly gunzTarPerm extractEntry actual/instance/splice.js
31288 silly gunzTarPerm modified mode [ 'actual/instance/splice.js', 420, 438 ]
31289 silly gunzTarPerm extractEntry es/array/splice.js
31290 silly gunzTarPerm modified mode [ 'es/array/splice.js', 420, 438 ]
31291 silly gunzTarPerm extractEntry es/array/virtual/splice.js
31292 silly gunzTarPerm modified mode [ 'es/array/virtual/splice.js', 420, 438 ]
31293 silly gunzTarPerm extractEntry es/instance/splice.js
31294 silly gunzTarPerm modified mode [ 'es/instance/splice.js', 420, 438 ]
31295 silly gunzTarPerm extractEntry features/array/splice.js
31296 silly gunzTarPerm modified mode [ 'features/array/splice.js', 420, 438 ]
31297 silly gunzTarPerm extractEntry features/array/virtual/splice.js
31298 silly gunzTarPerm modified mode [ 'features/array/virtual/splice.js', 420, 438 ]
31299 silly gunzTarPerm extractEntry features/instance/splice.js
31300 silly gunzTarPerm modified mode [ 'features/instance/splice.js', 420, 438 ]
31301 silly gunzTarPerm extractEntry full/array/splice.js
31302 silly gunzTarPerm modified mode [ 'full/array/splice.js', 420, 438 ]
31303 silly gunzTarPerm extractEntry full/array/virtual/splice.js
31304 silly gunzTarPerm modified mode [ 'full/array/virtual/splice.js', 420, 438 ]
31305 silly gunzTarPerm extractEntry full/instance/splice.js
31306 silly gunzTarPerm modified mode [ 'full/instance/splice.js', 420, 438 ]
31307 silly gunzTarPerm extractEntry stable/array/splice.js
31308 silly gunzTarPerm modified mode [ 'stable/array/splice.js', 420, 438 ]
31309 silly gunzTarPerm extractEntry stable/array/virtual/splice.js
31310 silly gunzTarPerm modified mode [ 'stable/array/virtual/splice.js', 420, 438 ]
31311 silly gunzTarPerm extractEntry stable/instance/splice.js
31312 silly gunzTarPerm modified mode [ 'stable/instance/splice.js', 420, 438 ]
31313 silly gunzTarPerm extractEntry actual/regexp/split.js
31314 silly gunzTarPerm modified mode [ 'actual/regexp/split.js', 420, 438 ]
31315 silly gunzTarPerm extractEntry actual/string/split.js
31316 silly gunzTarPerm modified mode [ 'actual/string/split.js', 420, 438 ]
31317 silly gunzTarPerm extractEntry actual/symbol/split.js
31318 silly gunzTarPerm modified mode [ 'actual/symbol/split.js', 420, 438 ]
31319 silly gunzTarPerm extractEntry es/regexp/split.js
31320 silly gunzTarPerm modified mode [ 'es/regexp/split.js', 420, 438 ]
31321 silly gunzTarPerm extractEntry es/string/split.js
31322 silly gunzTarPerm modified mode [ 'es/string/split.js', 420, 438 ]
31323 silly gunzTarPerm extractEntry es/symbol/split.js
31324 silly gunzTarPerm modified mode [ 'es/symbol/split.js', 420, 438 ]
31325 silly gunzTarPerm extractEntry features/regexp/split.js
31326 silly gunzTarPerm modified mode [ 'features/regexp/split.js', 420, 438 ]
31327 silly gunzTarPerm extractEntry features/string/split.js
31328 silly gunzTarPerm modified mode [ 'features/string/split.js', 420, 438 ]
31329 silly gunzTarPerm extractEntry features/symbol/split.js
31330 silly gunzTarPerm modified mode [ 'features/symbol/split.js', 420, 438 ]
31331 silly gunzTarPerm extractEntry full/regexp/split.js
31332 silly gunzTarPerm modified mode [ 'full/regexp/split.js', 420, 438 ]
31333 silly gunzTarPerm extractEntry full/string/split.js
31334 silly gunzTarPerm modified mode [ 'full/string/split.js', 420, 438 ]
31335 silly gunzTarPerm extractEntry full/symbol/split.js
31336 silly gunzTarPerm modified mode [ 'full/symbol/split.js', 420, 438 ]
31337 silly gunzTarPerm extractEntry stable/regexp/split.js
31338 silly gunzTarPerm modified mode [ 'stable/regexp/split.js', 420, 438 ]
31339 silly gunzTarPerm extractEntry stable/string/split.js
31340 silly gunzTarPerm modified mode [ 'stable/string/split.js', 420, 438 ]
31341 silly gunzTarPerm extractEntry stable/symbol/split.js
31342 silly gunzTarPerm modified mode [ 'stable/symbol/split.js', 420, 438 ]
31343 silly gunzTarPerm extractEntry actual/instance/starts-with.js
31344 silly gunzTarPerm modified mode [ 'actual/instance/starts-with.js', 420, 438 ]
31345 silly gunzTarPerm extractEntry actual/string/starts-with.js
31346 silly gunzTarPerm modified mode [ 'actual/string/starts-with.js', 420, 438 ]
31347 silly gunzTarPerm extractEntry actual/string/virtual/starts-with.js
31348 silly gunzTarPerm modified mode [ 'actual/string/virtual/starts-with.js', 420, 438 ]
31349 silly gunzTarPerm extractEntry es/instance/starts-with.js
31350 silly gunzTarPerm modified mode [ 'es/instance/starts-with.js', 420, 438 ]
31351 silly gunzTarPerm extractEntry es/string/starts-with.js
31352 silly gunzTarPerm modified mode [ 'es/string/starts-with.js', 420, 438 ]
31353 silly gunzTarPerm extractEntry es/string/virtual/starts-with.js
31354 silly gunzTarPerm modified mode [ 'es/string/virtual/starts-with.js', 420, 438 ]
31355 silly gunzTarPerm extractEntry features/instance/starts-with.js
31356 silly gunzTarPerm modified mode [ 'features/instance/starts-with.js', 420, 438 ]
31357 silly gunzTarPerm extractEntry features/string/starts-with.js
31358 silly gunzTarPerm modified mode [ 'features/string/starts-with.js', 420, 438 ]
31359 silly gunzTarPerm extractEntry features/string/virtual/starts-with.js
31360 silly gunzTarPerm modified mode [ 'features/string/virtual/starts-with.js', 420, 438 ]
31361 silly gunzTarPerm extractEntry full/instance/starts-with.js
31362 silly gunzTarPerm modified mode [ 'full/instance/starts-with.js', 420, 438 ]
31363 silly gunzTarPerm extractEntry full/string/starts-with.js
31364 silly gunzTarPerm modified mode [ 'full/string/starts-with.js', 420, 438 ]
31365 silly gunzTarPerm extractEntry full/string/virtual/starts-with.js
31366 silly gunzTarPerm modified mode [ 'full/string/virtual/starts-with.js', 420, 438 ]
31367 silly gunzTarPerm extractEntry stable/instance/starts-with.js
31368 silly gunzTarPerm modified mode [ 'stable/instance/starts-with.js', 420, 438 ]
31369 silly gunzTarPerm extractEntry stable/string/starts-with.js
31370 silly gunzTarPerm modified mode [ 'stable/string/starts-with.js', 420, 438 ]
31371 silly gunzTarPerm extractEntry stable/string/virtual/starts-with.js
31372 silly gunzTarPerm modified mode [ 'stable/string/virtual/starts-with.js', 420, 438 ]
31373 silly gunzTarPerm extractEntry actual/regexp/sticky.js
31374 silly gunzTarPerm modified mode [ 'actual/regexp/sticky.js', 420, 438 ]
31375 silly gunzTarPerm extractEntry es/regexp/sticky.js
31376 silly gunzTarPerm modified mode [ 'es/regexp/sticky.js', 420, 438 ]
31377 silly gunzTarPerm extractEntry features/regexp/sticky.js
31378 silly gunzTarPerm modified mode [ 'features/regexp/sticky.js', 420, 438 ]
31379 silly gunzTarPerm extractEntry full/regexp/sticky.js
31380 silly gunzTarPerm modified mode [ 'full/regexp/sticky.js', 420, 438 ]
31381 silly gunzTarPerm extractEntry stable/regexp/sticky.js
31382 silly gunzTarPerm modified mode [ 'stable/regexp/sticky.js', 420, 438 ]
31383 silly gunzTarPerm extractEntry actual/string/strike.js
31384 silly gunzTarPerm modified mode [ 'actual/string/strike.js', 420, 438 ]
31385 silly gunzTarPerm extractEntry actual/string/virtual/strike.js
31386 silly gunzTarPerm modified mode [ 'actual/string/virtual/strike.js', 420, 438 ]
31387 silly gunzTarPerm extractEntry es/string/strike.js
31388 silly gunzTarPerm modified mode [ 'es/string/strike.js', 420, 438 ]
31389 silly gunzTarPerm extractEntry es/string/virtual/strike.js
31390 silly gunzTarPerm modified mode [ 'es/string/virtual/strike.js', 420, 438 ]
31391 silly gunzTarPerm extractEntry features/string/strike.js
31392 silly gunzTarPerm modified mode [ 'features/string/strike.js', 420, 438 ]
31393 silly gunzTarPerm extractEntry features/string/virtual/strike.js
31394 silly gunzTarPerm modified mode [ 'features/string/virtual/strike.js', 420, 438 ]
31395 silly gunzTarPerm extractEntry full/string/strike.js
31396 silly gunzTarPerm modified mode [ 'full/string/strike.js', 420, 438 ]
31397 silly gunzTarPerm extractEntry full/string/virtual/strike.js
31398 silly gunzTarPerm modified mode [ 'full/string/virtual/strike.js', 420, 438 ]
31399 silly gunzTarPerm extractEntry stable/string/strike.js
31400 silly gunzTarPerm modified mode [ 'stable/string/strike.js', 420, 438 ]
31401 silly gunzTarPerm extractEntry stable/string/virtual/strike.js
31402 silly gunzTarPerm modified mode [ 'stable/string/virtual/strike.js', 420, 438 ]
31403 silly gunzTarPerm extractEntry proposals/string-at.js
31404 silly gunzTarPerm modified mode [ 'proposals/string-at.js', 420, 438 ]
31405 silly gunzTarPerm extractEntry proposals/string-code-points.js
31406 silly gunzTarPerm modified mode [ 'proposals/string-code-points.js', 420, 438 ]
31407 silly gunzTarPerm extractEntry internals/string-cooked.js
31408 silly gunzTarPerm modified mode [ 'internals/string-cooked.js', 420, 438 ]
31409 silly gunzTarPerm extractEntry proposals/string-cooked.js
31410 silly gunzTarPerm modified mode [ 'proposals/string-cooked.js', 420, 438 ]
31411 silly gunzTarPerm extractEntry proposals/string-dedent.js
31412 silly gunzTarPerm modified mode [ 'proposals/string-dedent.js', 420, 438 ]
31413 silly gunzTarPerm extractEntry internals/string-html-forced.js
31414 silly gunzTarPerm modified mode [ 'internals/string-html-forced.js', 420, 438 ]
31415 silly gunzTarPerm extractEntry proposals/string-left-right-trim.js
31416 silly gunzTarPerm modified mode [ 'proposals/string-left-right-trim.js', 420, 438 ]
31417 silly gunzTarPerm extractEntry proposals/string-match-all.js
31418 silly gunzTarPerm modified mode [ 'proposals/string-match-all.js', 420, 438 ]
31419 silly gunzTarPerm extractEntry internals/string-multibyte.js
31420 silly gunzTarPerm modified mode [ 'internals/string-multibyte.js', 420, 438 ]
31421 silly gunzTarPerm extractEntry internals/string-pad-webkit-bug.js
31422 silly gunzTarPerm modified mode [ 'internals/string-pad-webkit-bug.js', 420, 438 ]
31423 silly gunzTarPerm extractEntry internals/string-pad.js
31424 silly gunzTarPerm modified mode [ 'internals/string-pad.js', 420, 438 ]
31425 silly gunzTarPerm extractEntry proposals/string-padding.js
31426 silly gunzTarPerm modified mode [ 'proposals/string-padding.js', 420, 438 ]
31427 silly gunzTarPerm extractEntry internals/string-parse.js
31428 silly gunzTarPerm modified mode [ 'internals/string-parse.js', 420, 438 ]
31429 silly gunzTarPerm extractEntry internals/string-punycode-to-ascii.js
31430 silly gunzTarPerm modified mode [ 'internals/string-punycode-to-ascii.js', 420, 438 ]
31431 silly gunzTarPerm extractEntry internals/string-repeat.js
31432 silly gunzTarPerm modified mode [ 'internals/string-repeat.js', 420, 438 ]
31433 silly gunzTarPerm extractEntry proposals/string-replace-all-stage-4.js
31434 silly gunzTarPerm modified mode [ 'proposals/string-replace-all-stage-4.js', 420, 438 ]
31435 silly gunzTarPerm extractEntry proposals/string-replace-all.js
31436 silly gunzTarPerm modified mode [ 'proposals/string-replace-all.js', 420, 438 ]
31437 silly gunzTarPerm extractEntry internals/string-trim-end.js
31438 silly gunzTarPerm modified mode [ 'internals/string-trim-end.js', 420, 438 ]
31439 silly gunzTarPerm extractEntry internals/string-trim-forced.js
31440 silly gunzTarPerm modified mode [ 'internals/string-trim-forced.js', 420, 438 ]
31441 silly gunzTarPerm extractEntry internals/string-trim-start.js
31442 silly gunzTarPerm modified mode [ 'internals/string-trim-start.js', 420, 438 ]
31443 silly gunzTarPerm extractEntry internals/string-trim.js
31444 silly gunzTarPerm modified mode [ 'internals/string-trim.js', 420, 438 ]
31445 silly gunzTarPerm extractEntry actual/json/stringify.js
31446 silly gunzTarPerm modified mode [ 'actual/json/stringify.js', 420, 438 ]
31447 silly gunzTarPerm extractEntry es/json/stringify.js
31448 silly gunzTarPerm modified mode [ 'es/json/stringify.js', 420, 438 ]
31449 silly gunzTarPerm extractEntry features/json/stringify.js
31450 silly gunzTarPerm modified mode [ 'features/json/stringify.js', 420, 438 ]
31451 silly gunzTarPerm extractEntry full/json/stringify.js
31452 silly gunzTarPerm modified mode [ 'full/json/stringify.js', 420, 438 ]
31453 silly gunzTarPerm extractEntry stable/json/stringify.js
31454 silly gunzTarPerm modified mode [ 'stable/json/stringify.js', 420, 438 ]
31455 silly gunzTarPerm extractEntry internals/structured-clone-proper-transfer.js
31456 silly gunzTarPerm modified mode [ 'internals/structured-clone-proper-transfer.js', 420, 438 ]
31457 silly gunzTarPerm extractEntry actual/structured-clone.js
31458 silly gunzTarPerm modified mode [ 'actual/structured-clone.js', 420, 438 ]
31459 silly gunzTarPerm extractEntry features/structured-clone.js
31460 silly gunzTarPerm modified mode [ 'features/structured-clone.js', 420, 438 ]
31461 silly gunzTarPerm extractEntry full/structured-clone.js
31462 silly gunzTarPerm modified mode [ 'full/structured-clone.js', 420, 438 ]
31463 silly gunzTarPerm extractEntry stable/structured-clone.js
31464 silly gunzTarPerm modified mode [ 'stable/structured-clone.js', 420, 438 ]
31465 silly gunzTarPerm extractEntry web/structured-clone.js
31466 silly gunzTarPerm modified mode [ 'web/structured-clone.js', 420, 438 ]
31467 silly gunzTarPerm extractEntry actual/string/sub.js
31468 silly gunzTarPerm modified mode [ 'actual/string/sub.js', 420, 438 ]
31469 silly gunzTarPerm extractEntry actual/string/virtual/sub.js
31470 silly gunzTarPerm modified mode [ 'actual/string/virtual/sub.js', 420, 438 ]
31471 silly gunzTarPerm extractEntry es/string/sub.js
31472 silly gunzTarPerm modified mode [ 'es/string/sub.js', 420, 438 ]
31473 silly gunzTarPerm extractEntry es/string/virtual/sub.js
31474 silly gunzTarPerm modified mode [ 'es/string/virtual/sub.js', 420, 438 ]
31475 silly gunzTarPerm extractEntry features/string/sub.js
31476 silly gunzTarPerm modified mode [ 'features/string/sub.js', 420, 438 ]
31477 silly gunzTarPerm extractEntry features/string/virtual/sub.js
31478 silly gunzTarPerm modified mode [ 'features/string/virtual/sub.js', 420, 438 ]
31479 silly gunzTarPerm extractEntry full/string/sub.js
31480 silly gunzTarPerm modified mode [ 'full/string/sub.js', 420, 438 ]
31481 silly gunzTarPerm extractEntry full/string/virtual/sub.js
31482 silly gunzTarPerm modified mode [ 'full/string/virtual/sub.js', 420, 438 ]
31483 silly gunzTarPerm extractEntry stable/string/sub.js
31484 silly gunzTarPerm modified mode [ 'stable/string/sub.js', 420, 438 ]
31485 silly gunzTarPerm extractEntry stable/string/virtual/sub.js
31486 silly gunzTarPerm modified mode [ 'stable/string/virtual/sub.js', 420, 438 ]
31487 silly gunzTarPerm extractEntry actual/typed-array/subarray.js
31488 silly gunzTarPerm modified mode [ 'actual/typed-array/subarray.js', 420, 438 ]
31489 silly gunzTarPerm extractEntry es/typed-array/subarray.js
31490 silly gunzTarPerm modified mode [ 'es/typed-array/subarray.js', 420, 438 ]
31491 silly gunzTarPerm extractEntry features/typed-array/subarray.js
31492 silly gunzTarPerm modified mode [ 'features/typed-array/subarray.js', 420, 438 ]
31493 silly gunzTarPerm extractEntry full/typed-array/subarray.js
31494 silly gunzTarPerm modified mode [ 'full/typed-array/subarray.js', 420, 438 ]
31495 silly gunzTarPerm extractEntry stable/typed-array/subarray.js
31496 silly gunzTarPerm modified mode [ 'stable/typed-array/subarray.js', 420, 438 ]
31497 silly gunzTarPerm extractEntry actual/string/substr.js
31498 silly gunzTarPerm modified mode [ 'actual/string/substr.js', 420, 438 ]
31499 silly gunzTarPerm extractEntry actual/string/virtual/substr.js
31500 silly gunzTarPerm modified mode [ 'actual/string/virtual/substr.js', 420, 438 ]
31501 silly gunzTarPerm extractEntry es/string/substr.js
31502 silly gunzTarPerm modified mode [ 'es/string/substr.js', 420, 438 ]
31503 silly gunzTarPerm extractEntry es/string/virtual/substr.js
31504 silly gunzTarPerm modified mode [ 'es/string/virtual/substr.js', 420, 438 ]
31505 silly gunzTarPerm extractEntry features/string/substr.js
31506 silly gunzTarPerm modified mode [ 'features/string/substr.js', 420, 438 ]
31507 silly gunzTarPerm extractEntry features/string/virtual/substr.js
31508 silly gunzTarPerm modified mode [ 'features/string/virtual/substr.js', 420, 438 ]
31509 silly gunzTarPerm extractEntry full/string/substr.js
31510 silly gunzTarPerm modified mode [ 'full/string/substr.js', 420, 438 ]
31511 silly gunzTarPerm extractEntry full/string/virtual/substr.js
31512 silly gunzTarPerm modified mode [ 'full/string/virtual/substr.js', 420, 438 ]
31513 silly gunzTarPerm extractEntry stable/string/substr.js
31514 silly gunzTarPerm modified mode [ 'stable/string/substr.js', 420, 438 ]
31515 silly gunzTarPerm extractEntry stable/string/virtual/substr.js
31516 silly gunzTarPerm modified mode [ 'stable/string/virtual/substr.js', 420, 438 ]
31517 silly gunzTarPerm extractEntry actual/math/sum-precise.js
31518 silly gunzTarPerm modified mode [ 'actual/math/sum-precise.js', 420, 438 ]
31519 silly gunzTarPerm extractEntry es/math/sum-precise.js
31520 silly gunzTarPerm modified mode [ 'es/math/sum-precise.js', 420, 438 ]
31521 silly gunzTarPerm extractEntry features/math/sum-precise.js
31522 silly gunzTarPerm modified mode [ 'features/math/sum-precise.js', 420, 438 ]
31523 silly gunzTarPerm extractEntry full/math/sum-precise.js
31524 silly gunzTarPerm modified mode [ 'full/math/sum-precise.js', 420, 438 ]
31525 silly gunzTarPerm extractEntry stable/math/sum-precise.js
31526 silly gunzTarPerm modified mode [ 'stable/math/sum-precise.js', 420, 438 ]
31527 silly gunzTarPerm extractEntry actual/string/sup.js
31528 silly gunzTarPerm modified mode [ 'actual/string/sup.js', 420, 438 ]
31529 silly gunzTarPerm extractEntry actual/string/virtual/sup.js
31530 silly gunzTarPerm modified mode [ 'actual/string/virtual/sup.js', 420, 438 ]
31531 silly gunzTarPerm extractEntry es/string/sup.js
31532 silly gunzTarPerm modified mode [ 'es/string/sup.js', 420, 438 ]
31533 silly gunzTarPerm extractEntry es/string/virtual/sup.js
31534 silly gunzTarPerm modified mode [ 'es/string/virtual/sup.js', 420, 438 ]
31535 silly gunzTarPerm extractEntry features/string/sup.js
31536 silly gunzTarPerm modified mode [ 'features/string/sup.js', 420, 438 ]
31537 silly gunzTarPerm extractEntry features/string/virtual/sup.js
31538 silly gunzTarPerm modified mode [ 'features/string/virtual/sup.js', 420, 438 ]
31539 silly gunzTarPerm extractEntry full/string/sup.js
31540 silly gunzTarPerm modified mode [ 'full/string/sup.js', 420, 438 ]
31541 silly gunzTarPerm extractEntry full/string/virtual/sup.js
31542 silly gunzTarPerm modified mode [ 'full/string/virtual/sup.js', 420, 438 ]
31543 silly gunzTarPerm extractEntry stable/string/sup.js
31544 silly gunzTarPerm modified mode [ 'stable/string/sup.js', 420, 438 ]
31545 silly gunzTarPerm extractEntry stable/string/virtual/sup.js
31546 silly gunzTarPerm modified mode [ 'stable/string/virtual/sup.js', 420, 438 ]
31547 silly gunzTarPerm extractEntry actual/suppressed-error.js
31548 silly gunzTarPerm modified mode [ 'actual/suppressed-error.js', 420, 438 ]
31549 silly gunzTarPerm extractEntry es/suppressed-error.js
31550 silly gunzTarPerm modified mode [ 'es/suppressed-error.js', 420, 438 ]
31551 silly gunzTarPerm extractEntry features/suppressed-error.js
31552 silly gunzTarPerm modified mode [ 'features/suppressed-error.js', 420, 438 ]
31553 silly gunzTarPerm extractEntry full/suppressed-error.js
31554 silly gunzTarPerm modified mode [ 'full/suppressed-error.js', 420, 438 ]
31555 silly gunzTarPerm extractEntry stable/suppressed-error.js
31556 silly gunzTarPerm modified mode [ 'stable/suppressed-error.js', 420, 438 ]
31557 silly gunzTarPerm extractEntry internals/symbol-constructor-detection.js
31558 silly gunzTarPerm modified mode [ 'internals/symbol-constructor-detection.js', 420, 438 ]
31559 silly gunzTarPerm extractEntry internals/symbol-define-to-primitive.js
31560 silly gunzTarPerm modified mode [ 'internals/symbol-define-to-primitive.js', 420, 438 ]
31561 silly gunzTarPerm extractEntry proposals/symbol-description.js
31562 silly gunzTarPerm modified mode [ 'proposals/symbol-description.js', 420, 438 ]
31563 silly gunzTarPerm extractEntry internals/symbol-is-registered.js
31564 silly gunzTarPerm modified mode [ 'internals/symbol-is-registered.js', 420, 438 ]
31565 silly gunzTarPerm extractEntry internals/symbol-is-well-known.js
31566 silly gunzTarPerm modified mode [ 'internals/symbol-is-well-known.js', 420, 438 ]
31567 silly gunzTarPerm extractEntry proposals/symbol-predicates-v2.js
31568 silly gunzTarPerm modified mode [ 'proposals/symbol-predicates-v2.js', 420, 438 ]
31569 silly gunzTarPerm extractEntry proposals/symbol-predicates.js
31570 silly gunzTarPerm modified mode [ 'proposals/symbol-predicates.js', 420, 438 ]
31571 silly gunzTarPerm extractEntry internals/symbol-registry-detection.js
31572 silly gunzTarPerm modified mode [ 'internals/symbol-registry-detection.js', 420, 438 ]
31573 silly gunzTarPerm extractEntry actual/set/symmetric-difference.js
31574 silly gunzTarPerm modified mode [ 'actual/set/symmetric-difference.js', 420, 438 ]
31575 silly gunzTarPerm extractEntry es/set/symmetric-difference.js
31576 silly gunzTarPerm modified mode [ 'es/set/symmetric-difference.js', 420, 438 ]
31577 silly gunzTarPerm extractEntry features/set/symmetric-difference.js
31578 silly gunzTarPerm modified mode [ 'features/set/symmetric-difference.js', 420, 438 ]
31579 silly gunzTarPerm extractEntry full/set/symmetric-difference.js
31580 silly gunzTarPerm modified mode [ 'full/set/symmetric-difference.js', 420, 438 ]
31581 silly gunzTarPerm extractEntry stable/set/symmetric-difference.js
31582 silly gunzTarPerm modified mode [ 'stable/set/symmetric-difference.js', 420, 438 ]
31583 silly gunzTarPerm extractEntry actual/async-iterator/take.js
31584 silly gunzTarPerm modified mode [ 'actual/async-iterator/take.js', 420, 438 ]
31585 silly gunzTarPerm extractEntry actual/iterator/take.js
31586 silly gunzTarPerm modified mode [ 'actual/iterator/take.js', 420, 438 ]
31587 silly gunzTarPerm extractEntry es/iterator/take.js
31588 silly gunzTarPerm modified mode [ 'es/iterator/take.js', 420, 438 ]
31589 silly gunzTarPerm extractEntry features/async-iterator/take.js
31590 silly gunzTarPerm modified mode [ 'features/async-iterator/take.js', 420, 438 ]
31591 silly gunzTarPerm extractEntry features/iterator/take.js
31592 silly gunzTarPerm modified mode [ 'features/iterator/take.js', 420, 438 ]
31593 silly gunzTarPerm extractEntry full/async-iterator/take.js
31594 silly gunzTarPerm modified mode [ 'full/async-iterator/take.js', 420, 438 ]
31595 silly gunzTarPerm extractEntry full/iterator/take.js
31596 silly gunzTarPerm modified mode [ 'full/iterator/take.js', 420, 438 ]
31597 silly gunzTarPerm extractEntry stable/iterator/take.js
31598 silly gunzTarPerm modified mode [ 'stable/iterator/take.js', 420, 438 ]
31599 silly gunzTarPerm extractEntry actual/math/tanh.js
31600 silly gunzTarPerm modified mode [ 'actual/math/tanh.js', 420, 438 ]
31601 silly gunzTarPerm extractEntry es/math/tanh.js
31602 silly gunzTarPerm modified mode [ 'es/math/tanh.js', 420, 438 ]
31603 silly gunzTarPerm extractEntry features/math/tanh.js
31604 silly gunzTarPerm modified mode [ 'features/math/tanh.js', 420, 438 ]
31605 silly gunzTarPerm extractEntry full/math/tanh.js
31606 silly gunzTarPerm modified mode [ 'full/math/tanh.js', 420, 438 ]
31607 silly gunzTarPerm extractEntry stable/math/tanh.js
31608 silly gunzTarPerm modified mode [ 'stable/math/tanh.js', 420, 438 ]
31609 silly gunzTarPerm extractEntry internals/task.js
31610 silly gunzTarPerm modified mode [ 'internals/task.js', 420, 438 ]
31611 silly gunzTarPerm extractEntry actual/regexp/test.js
31612 silly gunzTarPerm modified mode [ 'actual/regexp/test.js', 420, 438 ]
31613 silly gunzTarPerm extractEntry es/regexp/test.js
31614 silly gunzTarPerm modified mode [ 'es/regexp/test.js', 420, 438 ]
31615 silly gunzTarPerm extractEntry features/regexp/test.js
31616 silly gunzTarPerm modified mode [ 'features/regexp/test.js', 420, 438 ]
31617 silly gunzTarPerm extractEntry full/regexp/test.js
31618 silly gunzTarPerm modified mode [ 'full/regexp/test.js', 420, 438 ]
31619 silly gunzTarPerm extractEntry stable/regexp/test.js
31620 silly gunzTarPerm modified mode [ 'stable/regexp/test.js', 420, 438 ]
31621 silly gunzTarPerm extractEntry internals/this-number-value.js
31622 silly gunzTarPerm modified mode [ 'internals/this-number-value.js', 420, 438 ]
31623 silly gunzTarPerm extractEntry web/timers.js
31624 silly gunzTarPerm modified mode [ 'web/timers.js', 420, 438 ]
31625 silly gunzTarPerm extractEntry internals/to-absolute-index.js
31626 silly gunzTarPerm modified mode [ 'internals/to-absolute-index.js', 420, 438 ]
31627 silly gunzTarPerm extractEntry actual/async-iterator/to-array.js
31628 silly gunzTarPerm modified mode [ 'actual/async-iterator/to-array.js', 420, 438 ]
31629 silly gunzTarPerm extractEntry actual/iterator/to-array.js
31630 silly gunzTarPerm modified mode [ 'actual/iterator/to-array.js', 420, 438 ]
31631 silly gunzTarPerm extractEntry es/iterator/to-array.js
31632 silly gunzTarPerm modified mode [ 'es/iterator/to-array.js', 420, 438 ]
31633 silly gunzTarPerm extractEntry features/async-iterator/to-array.js
31634 silly gunzTarPerm modified mode [ 'features/async-iterator/to-array.js', 420, 438 ]
31635 silly gunzTarPerm extractEntry features/iterator/to-array.js
31636 silly gunzTarPerm modified mode [ 'features/iterator/to-array.js', 420, 438 ]
31637 silly gunzTarPerm extractEntry full/async-iterator/to-array.js
31638 silly gunzTarPerm modified mode [ 'full/async-iterator/to-array.js', 420, 438 ]
31639 silly gunzTarPerm extractEntry full/iterator/to-array.js
31640 silly gunzTarPerm modified mode [ 'full/iterator/to-array.js', 420, 438 ]
31641 silly gunzTarPerm extractEntry stable/iterator/to-array.js
31642 silly gunzTarPerm modified mode [ 'stable/iterator/to-array.js', 420, 438 ]
31643 silly gunzTarPerm extractEntry actual/iterator/to-async.js
31644 silly gunzTarPerm modified mode [ 'actual/iterator/to-async.js', 420, 438 ]
31645 silly gunzTarPerm extractEntry features/iterator/to-async.js
31646 silly gunzTarPerm modified mode [ 'features/iterator/to-async.js', 420, 438 ]
31647 silly gunzTarPerm extractEntry full/iterator/to-async.js
31648 silly gunzTarPerm modified mode [ 'full/iterator/to-async.js', 420, 438 ]
31649 silly gunzTarPerm extractEntry actual/typed-array/to-base64.js
31650 silly gunzTarPerm modified mode [ 'actual/typed-array/to-base64.js', 420, 438 ]
31651 silly gunzTarPerm extractEntry es/typed-array/to-base64.js
31652 silly gunzTarPerm modified mode [ 'es/typed-array/to-base64.js', 420, 438 ]
31653 silly gunzTarPerm extractEntry features/typed-array/to-base64.js
31654 silly gunzTarPerm modified mode [ 'features/typed-array/to-base64.js', 420, 438 ]
31655 silly gunzTarPerm extractEntry full/typed-array/to-base64.js
31656 silly gunzTarPerm modified mode [ 'full/typed-array/to-base64.js', 420, 438 ]
31657 silly gunzTarPerm extractEntry stable/typed-array/to-base64.js
31658 silly gunzTarPerm modified mode [ 'stable/typed-array/to-base64.js', 420, 438 ]
31659 silly gunzTarPerm extractEntry internals/to-big-int.js
31660 silly gunzTarPerm modified mode [ 'internals/to-big-int.js', 420, 438 ]
31661 silly gunzTarPerm extractEntry actual/number/to-exponential.js
31662 silly gunzTarPerm modified mode [ 'actual/number/to-exponential.js', 420, 438 ]
31663 silly gunzTarPerm extractEntry actual/number/virtual/to-exponential.js
31664 silly gunzTarPerm modified mode [ 'actual/number/virtual/to-exponential.js', 420, 438 ]
31665 silly gunzTarPerm extractEntry es/number/to-exponential.js
31666 silly gunzTarPerm modified mode [ 'es/number/to-exponential.js', 420, 438 ]
31667 silly gunzTarPerm extractEntry es/number/virtual/to-exponential.js
31668 silly gunzTarPerm modified mode [ 'es/number/virtual/to-exponential.js', 420, 438 ]
31669 silly gunzTarPerm extractEntry features/number/to-exponential.js
31670 silly gunzTarPerm modified mode [ 'features/number/to-exponential.js', 420, 438 ]
31671 silly gunzTarPerm extractEntry features/number/virtual/to-exponential.js
31672 silly gunzTarPerm modified mode [ 'features/number/virtual/to-exponential.js', 420, 438 ]
31673 silly gunzTarPerm extractEntry full/number/to-exponential.js
31674 silly gunzTarPerm modified mode [ 'full/number/to-exponential.js', 420, 438 ]
31675 silly gunzTarPerm extractEntry full/number/virtual/to-exponential.js
31676 silly gunzTarPerm modified mode [ 'full/number/virtual/to-exponential.js', 420, 438 ]
31677 silly gunzTarPerm extractEntry stable/number/to-exponential.js
31678 silly gunzTarPerm modified mode [ 'stable/number/to-exponential.js', 420, 438 ]
31679 silly gunzTarPerm extractEntry stable/number/virtual/to-exponential.js
31680 silly gunzTarPerm modified mode [ 'stable/number/virtual/to-exponential.js', 420, 438 ]
31681 silly gunzTarPerm extractEntry actual/number/to-fixed.js
31682 silly gunzTarPerm modified mode [ 'actual/number/to-fixed.js', 420, 438 ]
31683 silly gunzTarPerm extractEntry actual/number/virtual/to-fixed.js
31684 silly gunzTarPerm modified mode [ 'actual/number/virtual/to-fixed.js', 420, 438 ]
31685 silly gunzTarPerm extractEntry es/number/to-fixed.js
31686 silly gunzTarPerm modified mode [ 'es/number/to-fixed.js', 420, 438 ]
31687 silly gunzTarPerm extractEntry es/number/virtual/to-fixed.js
31688 silly gunzTarPerm modified mode [ 'es/number/virtual/to-fixed.js', 420, 438 ]
31689 silly gunzTarPerm extractEntry features/number/to-fixed.js
31690 silly gunzTarPerm modified mode [ 'features/number/to-fixed.js', 420, 438 ]
31691 silly gunzTarPerm extractEntry features/number/virtual/to-fixed.js
31692 silly gunzTarPerm modified mode [ 'features/number/virtual/to-fixed.js', 420, 438 ]
31693 silly gunzTarPerm extractEntry full/number/to-fixed.js
31694 silly gunzTarPerm modified mode [ 'full/number/to-fixed.js', 420, 438 ]
31695 silly gunzTarPerm extractEntry full/number/virtual/to-fixed.js
31696 silly gunzTarPerm modified mode [ 'full/number/virtual/to-fixed.js', 420, 438 ]
31697 silly gunzTarPerm extractEntry stable/number/to-fixed.js
31698 silly gunzTarPerm modified mode [ 'stable/number/to-fixed.js', 420, 438 ]
31699 silly gunzTarPerm extractEntry stable/number/virtual/to-fixed.js
31700 silly gunzTarPerm modified mode [ 'stable/number/virtual/to-fixed.js', 420, 438 ]
31701 silly gunzTarPerm extractEntry actual/date/to-gmt-string.js
31702 silly gunzTarPerm modified mode [ 'actual/date/to-gmt-string.js', 420, 438 ]
31703 silly gunzTarPerm extractEntry es/date/to-gmt-string.js
31704 silly gunzTarPerm modified mode [ 'es/date/to-gmt-string.js', 420, 438 ]
31705 silly gunzTarPerm extractEntry features/date/to-gmt-string.js
31706 silly gunzTarPerm modified mode [ 'features/date/to-gmt-string.js', 420, 438 ]
31707 silly gunzTarPerm extractEntry full/date/to-gmt-string.js
31708 silly gunzTarPerm modified mode [ 'full/date/to-gmt-string.js', 420, 438 ]
31709 silly gunzTarPerm extractEntry stable/date/to-gmt-string.js
31710 silly gunzTarPerm modified mode [ 'stable/date/to-gmt-string.js', 420, 438 ]
31711 silly gunzTarPerm extractEntry actual/typed-array/to-hex.js
31712 silly gunzTarPerm modified mode [ 'actual/typed-array/to-hex.js', 420, 438 ]
31713 silly gunzTarPerm extractEntry es/typed-array/to-hex.js
31714 silly gunzTarPerm modified mode [ 'es/typed-array/to-hex.js', 420, 438 ]
31715 silly gunzTarPerm extractEntry features/typed-array/to-hex.js
31716 silly gunzTarPerm modified mode [ 'features/typed-array/to-hex.js', 420, 438 ]
31717 silly gunzTarPerm extractEntry full/typed-array/to-hex.js
31718 silly gunzTarPerm modified mode [ 'full/typed-array/to-hex.js', 420, 438 ]
31719 silly gunzTarPerm extractEntry stable/typed-array/to-hex.js
31720 silly gunzTarPerm modified mode [ 'stable/typed-array/to-hex.js', 420, 438 ]
31721 silly gunzTarPerm extractEntry internals/to-index.js
31722 silly gunzTarPerm modified mode [ 'internals/to-index.js', 420, 438 ]
31723 silly gunzTarPerm extractEntry internals/to-indexed-object.js
31724 silly gunzTarPerm modified mode [ 'internals/to-indexed-object.js', 420, 438 ]
31725 silly gunzTarPerm extractEntry internals/to-integer-or-infinity.js
31726 silly gunzTarPerm modified mode [ 'internals/to-integer-or-infinity.js', 420, 438 ]
31727 silly gunzTarPerm extractEntry actual/date/to-iso-string.js
31728 silly gunzTarPerm modified mode [ 'actual/date/to-iso-string.js', 420, 438 ]
31729 silly gunzTarPerm extractEntry es/date/to-iso-string.js
31730 silly gunzTarPerm modified mode [ 'es/date/to-iso-string.js', 420, 438 ]
31731 silly gunzTarPerm extractEntry features/date/to-iso-string.js
31732 silly gunzTarPerm modified mode [ 'features/date/to-iso-string.js', 420, 438 ]
31733 silly gunzTarPerm extractEntry full/date/to-iso-string.js
31734 silly gunzTarPerm modified mode [ 'full/date/to-iso-string.js', 420, 438 ]
31735 silly gunzTarPerm extractEntry stable/date/to-iso-string.js
31736 silly gunzTarPerm modified mode [ 'stable/date/to-iso-string.js', 420, 438 ]
31737 silly gunzTarPerm extractEntry actual/date/to-json.js
31738 silly gunzTarPerm modified mode [ 'actual/date/to-json.js', 420, 438 ]
31739 silly gunzTarPerm extractEntry actual/url/to-json.js
31740 silly gunzTarPerm modified mode [ 'actual/url/to-json.js', 420, 438 ]
31741 silly gunzTarPerm extractEntry es/date/to-json.js
31742 silly gunzTarPerm modified mode [ 'es/date/to-json.js', 420, 438 ]
31743 silly gunzTarPerm extractEntry features/date/to-json.js
31744 silly gunzTarPerm modified mode [ 'features/date/to-json.js', 420, 438 ]
31745 silly gunzTarPerm extractEntry features/url/to-json.js
31746 silly gunzTarPerm modified mode [ 'features/url/to-json.js', 420, 438 ]
31747 silly gunzTarPerm extractEntry full/date/to-json.js
31748 silly gunzTarPerm modified mode [ 'full/date/to-json.js', 420, 438 ]
31749 silly gunzTarPerm extractEntry full/url/to-json.js
31750 silly gunzTarPerm modified mode [ 'full/url/to-json.js', 420, 438 ]
31751 silly gunzTarPerm extractEntry stable/date/to-json.js
31752 silly gunzTarPerm modified mode [ 'stable/date/to-json.js', 420, 438 ]
31753 silly gunzTarPerm extractEntry stable/url/to-json.js
31754 silly gunzTarPerm modified mode [ 'stable/url/to-json.js', 420, 438 ]
31755 silly gunzTarPerm extractEntry internals/to-length.js
31756 silly gunzTarPerm modified mode [ 'internals/to-length.js', 420, 438 ]
31757 silly gunzTarPerm extractEntry actual/typed-array/to-locale-string.js
31758 silly gunzTarPerm modified mode [ 'actual/typed-array/to-locale-string.js', 420, 438 ]
31759 silly gunzTarPerm extractEntry es/typed-array/to-locale-string.js
31760 silly gunzTarPerm modified mode [ 'es/typed-array/to-locale-string.js', 420, 438 ]
31761 silly gunzTarPerm extractEntry features/typed-array/to-locale-string.js
31762 silly gunzTarPerm modified mode [ 'features/typed-array/to-locale-string.js', 420, 438 ]
31763 silly gunzTarPerm extractEntry full/typed-array/to-locale-string.js
31764 silly gunzTarPerm modified mode [ 'full/typed-array/to-locale-string.js', 420, 438 ]
31765 silly gunzTarPerm extractEntry stable/typed-array/to-locale-string.js
31766 silly gunzTarPerm modified mode [ 'stable/typed-array/to-locale-string.js', 420, 438 ]
31767 silly gunzTarPerm extractEntry internals/to-object.js
31768 silly gunzTarPerm modified mode [ 'internals/to-object.js', 420, 438 ]
31769 silly gunzTarPerm extractEntry internals/to-offset.js
31770 silly gunzTarPerm modified mode [ 'internals/to-offset.js', 420, 438 ]
31771 silly gunzTarPerm extractEntry internals/to-positive-integer.js
31772 silly gunzTarPerm modified mode [ 'internals/to-positive-integer.js', 420, 438 ]
31773 silly gunzTarPerm extractEntry actual/number/to-precision.js
31774 silly gunzTarPerm modified mode [ 'actual/number/to-precision.js', 420, 438 ]
31775 silly gunzTarPerm extractEntry actual/number/virtual/to-precision.js
31776 silly gunzTarPerm modified mode [ 'actual/number/virtual/to-precision.js', 420, 438 ]
31777 silly gunzTarPerm extractEntry es/number/to-precision.js
31778 silly gunzTarPerm modified mode [ 'es/number/to-precision.js', 420, 438 ]
31779 silly gunzTarPerm extractEntry es/number/virtual/to-precision.js
31780 silly gunzTarPerm modified mode [ 'es/number/virtual/to-precision.js', 420, 438 ]
31781 silly gunzTarPerm extractEntry features/number/to-precision.js
31782 silly gunzTarPerm modified mode [ 'features/number/to-precision.js', 420, 438 ]
31783 silly gunzTarPerm extractEntry features/number/virtual/to-precision.js
31784 silly gunzTarPerm modified mode [ 'features/number/virtual/to-precision.js', 420, 438 ]
31785 silly gunzTarPerm extractEntry full/number/to-precision.js
31786 silly gunzTarPerm modified mode [ 'full/number/to-precision.js', 420, 438 ]
31787 silly gunzTarPerm extractEntry full/number/virtual/to-precision.js
31788 silly gunzTarPerm modified mode [ 'full/number/virtual/to-precision.js', 420, 438 ]
31789 silly gunzTarPerm extractEntry stable/number/to-precision.js
31790 silly gunzTarPerm modified mode [ 'stable/number/to-precision.js', 420, 438 ]
31791 silly gunzTarPerm extractEntry stable/number/virtual/to-precision.js
31792 silly gunzTarPerm modified mode [ 'stable/number/virtual/to-precision.js', 420, 438 ]
31793 silly gunzTarPerm extractEntry actual/date/to-primitive.js
31794 silly gunzTarPerm modified mode [ 'actual/date/to-primitive.js', 420, 438 ]
31795 silly gunzTarPerm extractEntry actual/symbol/to-primitive.js
31796 silly gunzTarPerm modified mode [ 'actual/symbol/to-primitive.js', 420, 438 ]
31797 silly gunzTarPerm extractEntry es/date/to-primitive.js
31798 silly gunzTarPerm modified mode [ 'es/date/to-primitive.js', 420, 438 ]
31799 silly gunzTarPerm extractEntry es/symbol/to-primitive.js
31800 silly gunzTarPerm modified mode [ 'es/symbol/to-primitive.js', 420, 438 ]
31801 silly gunzTarPerm extractEntry features/date/to-primitive.js
31802 silly gunzTarPerm modified mode [ 'features/date/to-primitive.js', 420, 438 ]
31803 silly gunzTarPerm extractEntry features/symbol/to-primitive.js
31804 silly gunzTarPerm modified mode [ 'features/symbol/to-primitive.js', 420, 438 ]
31805 silly gunzTarPerm extractEntry full/date/to-primitive.js
31806 silly gunzTarPerm modified mode [ 'full/date/to-primitive.js', 420, 438 ]
31807 silly gunzTarPerm extractEntry full/symbol/to-primitive.js
31808 silly gunzTarPerm modified mode [ 'full/symbol/to-primitive.js', 420, 438 ]
31809 silly gunzTarPerm extractEntry internals/to-primitive.js
31810 silly gunzTarPerm modified mode [ 'internals/to-primitive.js', 420, 438 ]
31811 silly gunzTarPerm extractEntry stable/date/to-primitive.js
31812 silly gunzTarPerm modified mode [ 'stable/date/to-primitive.js', 420, 438 ]
31813 silly gunzTarPerm extractEntry stable/symbol/to-primitive.js
31814 silly gunzTarPerm modified mode [ 'stable/symbol/to-primitive.js', 420, 438 ]
31815 silly gunzTarPerm extractEntry internals/to-property-key.js
31816 silly gunzTarPerm modified mode [ 'internals/to-property-key.js', 420, 438 ]
31817 silly gunzTarPerm extractEntry actual/array/to-reversed.js
31818 silly gunzTarPerm modified mode [ 'actual/array/to-reversed.js', 420, 438 ]
31819 silly gunzTarPerm extractEntry actual/array/virtual/to-reversed.js
31820 silly gunzTarPerm modified mode [ 'actual/array/virtual/to-reversed.js', 420, 438 ]
31821 silly gunzTarPerm extractEntry actual/instance/to-reversed.js
31822 silly gunzTarPerm modified mode [ 'actual/instance/to-reversed.js', 420, 438 ]
31823 silly gunzTarPerm extractEntry actual/typed-array/to-reversed.js
31824 silly gunzTarPerm modified mode [ 'actual/typed-array/to-reversed.js', 420, 438 ]
31825 silly gunzTarPerm extractEntry es/array/to-reversed.js
31826 silly gunzTarPerm modified mode [ 'es/array/to-reversed.js', 420, 438 ]
31827 silly gunzTarPerm extractEntry es/array/virtual/to-reversed.js
31828 silly gunzTarPerm modified mode [ 'es/array/virtual/to-reversed.js', 420, 438 ]
31829 silly gunzTarPerm extractEntry es/instance/to-reversed.js
31830 silly gunzTarPerm modified mode [ 'es/instance/to-reversed.js', 420, 438 ]
31831 silly gunzTarPerm extractEntry es/typed-array/to-reversed.js
31832 silly gunzTarPerm modified mode [ 'es/typed-array/to-reversed.js', 420, 438 ]
31833 silly gunzTarPerm extractEntry features/array/to-reversed.js
31834 silly gunzTarPerm modified mode [ 'features/array/to-reversed.js', 420, 438 ]
31835 silly gunzTarPerm extractEntry features/array/virtual/to-reversed.js
31836 silly gunzTarPerm modified mode [ 'features/array/virtual/to-reversed.js', 420, 438 ]
31837 silly gunzTarPerm extractEntry features/instance/to-reversed.js
31838 silly gunzTarPerm modified mode [ 'features/instance/to-reversed.js', 420, 438 ]
31839 silly gunzTarPerm extractEntry features/typed-array/to-reversed.js
31840 silly gunzTarPerm modified mode [ 'features/typed-array/to-reversed.js', 420, 438 ]
31841 silly gunzTarPerm extractEntry full/array/to-reversed.js
31842 silly gunzTarPerm modified mode [ 'full/array/to-reversed.js', 420, 438 ]
31843 silly gunzTarPerm extractEntry full/array/virtual/to-reversed.js
31844 silly gunzTarPerm modified mode [ 'full/array/virtual/to-reversed.js', 420, 438 ]
31845 silly gunzTarPerm extractEntry full/instance/to-reversed.js
31846 silly gunzTarPerm modified mode [ 'full/instance/to-reversed.js', 420, 438 ]
31847 silly gunzTarPerm extractEntry full/typed-array/to-reversed.js
31848 silly gunzTarPerm modified mode [ 'full/typed-array/to-reversed.js', 420, 438 ]
31849 silly gunzTarPerm extractEntry stable/array/to-reversed.js
31850 silly gunzTarPerm modified mode [ 'stable/array/to-reversed.js', 420, 438 ]
31851 silly gunzTarPerm extractEntry stable/array/virtual/to-reversed.js
31852 silly gunzTarPerm modified mode [ 'stable/array/virtual/to-reversed.js', 420, 438 ]
31853 silly gunzTarPerm extractEntry stable/instance/to-reversed.js
31854 silly gunzTarPerm modified mode [ 'stable/instance/to-reversed.js', 420, 438 ]
31855 silly gunzTarPerm extractEntry stable/typed-array/to-reversed.js
31856 silly gunzTarPerm modified mode [ 'stable/typed-array/to-reversed.js', 420, 438 ]
31857 silly gunzTarPerm extractEntry internals/to-set-like.js
31858 silly gunzTarPerm modified mode [ 'internals/to-set-like.js', 420, 438 ]
31859 silly gunzTarPerm extractEntry actual/array/to-sorted.js
31860 silly gunzTarPerm modified mode [ 'actual/array/to-sorted.js', 420, 438 ]
31861 silly gunzTarPerm extractEntry actual/array/virtual/to-sorted.js
31862 silly gunzTarPerm modified mode [ 'actual/array/virtual/to-sorted.js', 420, 438 ]
31863 silly gunzTarPerm extractEntry actual/instance/to-sorted.js
31864 silly gunzTarPerm modified mode [ 'actual/instance/to-sorted.js', 420, 438 ]
31865 silly gunzTarPerm extractEntry actual/typed-array/to-sorted.js
31866 silly gunzTarPerm modified mode [ 'actual/typed-array/to-sorted.js', 420, 438 ]
31867 silly gunzTarPerm extractEntry es/array/to-sorted.js
31868 silly gunzTarPerm modified mode [ 'es/array/to-sorted.js', 420, 438 ]
31869 silly gunzTarPerm extractEntry es/array/virtual/to-sorted.js
31870 silly gunzTarPerm modified mode [ 'es/array/virtual/to-sorted.js', 420, 438 ]
31871 silly gunzTarPerm extractEntry es/instance/to-sorted.js
31872 silly gunzTarPerm modified mode [ 'es/instance/to-sorted.js', 420, 438 ]
31873 silly gunzTarPerm extractEntry es/typed-array/to-sorted.js
31874 silly gunzTarPerm modified mode [ 'es/typed-array/to-sorted.js', 420, 438 ]
31875 silly gunzTarPerm extractEntry features/array/to-sorted.js
31876 silly gunzTarPerm modified mode [ 'features/array/to-sorted.js', 420, 438 ]
31877 silly gunzTarPerm extractEntry features/array/virtual/to-sorted.js
31878 silly gunzTarPerm modified mode [ 'features/array/virtual/to-sorted.js', 420, 438 ]
31879 silly gunzTarPerm extractEntry features/instance/to-sorted.js
31880 silly gunzTarPerm modified mode [ 'features/instance/to-sorted.js', 420, 438 ]
31881 silly gunzTarPerm extractEntry features/typed-array/to-sorted.js
31882 silly gunzTarPerm modified mode [ 'features/typed-array/to-sorted.js', 420, 438 ]
31883 silly gunzTarPerm extractEntry full/array/to-sorted.js
31884 silly gunzTarPerm modified mode [ 'full/array/to-sorted.js', 420, 438 ]
31885 silly gunzTarPerm extractEntry full/array/virtual/to-sorted.js
31886 silly gunzTarPerm modified mode [ 'full/array/virtual/to-sorted.js', 420, 438 ]
31887 silly gunzTarPerm extractEntry full/instance/to-sorted.js
31888 silly gunzTarPerm modified mode [ 'full/instance/to-sorted.js', 420, 438 ]
31889 silly gunzTarPerm extractEntry full/typed-array/to-sorted.js
31890 silly gunzTarPerm modified mode [ 'full/typed-array/to-sorted.js', 420, 438 ]
31891 silly gunzTarPerm extractEntry stable/array/to-sorted.js
31892 silly gunzTarPerm modified mode [ 'stable/array/to-sorted.js', 420, 438 ]
31893 silly gunzTarPerm extractEntry stable/array/virtual/to-sorted.js
31894 silly gunzTarPerm modified mode [ 'stable/array/virtual/to-sorted.js', 420, 438 ]
31895 silly gunzTarPerm extractEntry stable/instance/to-sorted.js
31896 silly gunzTarPerm modified mode [ 'stable/instance/to-sorted.js', 420, 438 ]
31897 silly gunzTarPerm extractEntry stable/typed-array/to-sorted.js
31898 silly gunzTarPerm modified mode [ 'stable/typed-array/to-sorted.js', 420, 438 ]
31899 silly gunzTarPerm extractEntry actual/array/to-spliced.js
31900 silly gunzTarPerm modified mode [ 'actual/array/to-spliced.js', 420, 438 ]
31901 silly gunzTarPerm extractEntry actual/array/virtual/to-spliced.js
31902 silly gunzTarPerm modified mode [ 'actual/array/virtual/to-spliced.js', 420, 438 ]
31903 silly gunzTarPerm extractEntry actual/instance/to-spliced.js
31904 silly gunzTarPerm modified mode [ 'actual/instance/to-spliced.js', 420, 438 ]
31905 silly gunzTarPerm extractEntry actual/typed-array/to-spliced.js
31906 silly gunzTarPerm modified mode [ 'actual/typed-array/to-spliced.js', 420, 438 ]
31907 silly gunzTarPerm extractEntry es/array/to-spliced.js
31908 silly gunzTarPerm modified mode [ 'es/array/to-spliced.js', 420, 438 ]
31909 silly gunzTarPerm extractEntry es/array/virtual/to-spliced.js
31910 silly gunzTarPerm modified mode [ 'es/array/virtual/to-spliced.js', 420, 438 ]
31911 silly gunzTarPerm extractEntry es/instance/to-spliced.js
31912 silly gunzTarPerm modified mode [ 'es/instance/to-spliced.js', 420, 438 ]
31913 silly gunzTarPerm extractEntry features/array/to-spliced.js
31914 silly gunzTarPerm modified mode [ 'features/array/to-spliced.js', 420, 438 ]
31915 silly gunzTarPerm extractEntry features/array/virtual/to-spliced.js
31916 silly gunzTarPerm modified mode [ 'features/array/virtual/to-spliced.js', 420, 438 ]
31917 silly gunzTarPerm extractEntry features/instance/to-spliced.js
31918 silly gunzTarPerm modified mode [ 'features/instance/to-spliced.js', 420, 438 ]
31919 silly gunzTarPerm extractEntry features/typed-array/to-spliced.js
31920 silly gunzTarPerm modified mode [ 'features/typed-array/to-spliced.js', 420, 438 ]
31921 silly gunzTarPerm extractEntry full/array/to-spliced.js
31922 silly gunzTarPerm modified mode [ 'full/array/to-spliced.js', 420, 438 ]
31923 silly gunzTarPerm extractEntry full/array/virtual/to-spliced.js
31924 silly gunzTarPerm modified mode [ 'full/array/virtual/to-spliced.js', 420, 438 ]
31925 silly gunzTarPerm extractEntry full/instance/to-spliced.js
31926 silly gunzTarPerm modified mode [ 'full/instance/to-spliced.js', 420, 438 ]
31927 silly gunzTarPerm extractEntry full/typed-array/to-spliced.js
31928 silly gunzTarPerm modified mode [ 'full/typed-array/to-spliced.js', 420, 438 ]
31929 silly gunzTarPerm extractEntry stable/array/to-spliced.js
31930 silly gunzTarPerm modified mode [ 'stable/array/to-spliced.js', 420, 438 ]
31931 silly gunzTarPerm extractEntry stable/array/virtual/to-spliced.js
31932 silly gunzTarPerm modified mode [ 'stable/array/virtual/to-spliced.js', 420, 438 ]
31933 silly gunzTarPerm extractEntry stable/instance/to-spliced.js
31934 silly gunzTarPerm modified mode [ 'stable/instance/to-spliced.js', 420, 438 ]
31935 silly gunzTarPerm extractEntry internals/to-string-tag-support.js
31936 silly gunzTarPerm modified mode [ 'internals/to-string-tag-support.js', 420, 438 ]
31937 silly gunzTarPerm extractEntry actual/dom-exception/to-string-tag.js
31938 silly gunzTarPerm modified mode [ 'actual/dom-exception/to-string-tag.js', 420, 438 ]
31939 silly gunzTarPerm extractEntry actual/json/to-string-tag.js
31940 silly gunzTarPerm modified mode [ 'actual/json/to-string-tag.js', 420, 438 ]
31941 silly gunzTarPerm extractEntry actual/math/to-string-tag.js
31942 silly gunzTarPerm modified mode [ 'actual/math/to-string-tag.js', 420, 438 ]
31943 silly gunzTarPerm extractEntry actual/reflect/to-string-tag.js
31944 silly gunzTarPerm modified mode [ 'actual/reflect/to-string-tag.js', 420, 438 ]
31945 silly gunzTarPerm extractEntry actual/symbol/to-string-tag.js
31946 silly gunzTarPerm modified mode [ 'actual/symbol/to-string-tag.js', 420, 438 ]
31947 silly gunzTarPerm extractEntry es/json/to-string-tag.js
31948 silly gunzTarPerm modified mode [ 'es/json/to-string-tag.js', 420, 438 ]
31949 silly gunzTarPerm extractEntry es/math/to-string-tag.js
31950 silly gunzTarPerm modified mode [ 'es/math/to-string-tag.js', 420, 438 ]
31951 silly gunzTarPerm extractEntry es/reflect/to-string-tag.js
31952 silly gunzTarPerm modified mode [ 'es/reflect/to-string-tag.js', 420, 438 ]
31953 silly gunzTarPerm extractEntry es/symbol/to-string-tag.js
31954 silly gunzTarPerm modified mode [ 'es/symbol/to-string-tag.js', 420, 438 ]
31955 silly gunzTarPerm extractEntry features/dom-exception/to-string-tag.js
31956 silly gunzTarPerm modified mode [ 'features/dom-exception/to-string-tag.js', 420, 438 ]
31957 silly gunzTarPerm extractEntry features/json/to-string-tag.js
31958 silly gunzTarPerm modified mode [ 'features/json/to-string-tag.js', 420, 438 ]
31959 silly gunzTarPerm extractEntry features/math/to-string-tag.js
31960 silly gunzTarPerm modified mode [ 'features/math/to-string-tag.js', 420, 438 ]
31961 silly gunzTarPerm extractEntry features/reflect/to-string-tag.js
31962 silly gunzTarPerm modified mode [ 'features/reflect/to-string-tag.js', 420, 438 ]
31963 silly gunzTarPerm extractEntry features/symbol/to-string-tag.js
31964 silly gunzTarPerm modified mode [ 'features/symbol/to-string-tag.js', 420, 438 ]
31965 silly gunzTarPerm extractEntry full/dom-exception/to-string-tag.js
31966 silly gunzTarPerm modified mode [ 'full/dom-exception/to-string-tag.js', 420, 438 ]
31967 silly gunzTarPerm extractEntry full/json/to-string-tag.js
31968 silly gunzTarPerm modified mode [ 'full/json/to-string-tag.js', 420, 438 ]
31969 silly gunzTarPerm extractEntry full/math/to-string-tag.js
31970 silly gunzTarPerm modified mode [ 'full/math/to-string-tag.js', 420, 438 ]
31971 silly gunzTarPerm extractEntry full/reflect/to-string-tag.js
31972 silly gunzTarPerm modified mode [ 'full/reflect/to-string-tag.js', 420, 438 ]
31973 silly gunzTarPerm extractEntry full/symbol/to-string-tag.js
31974 silly gunzTarPerm modified mode [ 'full/symbol/to-string-tag.js', 420, 438 ]
31975 silly gunzTarPerm extractEntry stable/dom-exception/to-string-tag.js
31976 silly gunzTarPerm modified mode [ 'stable/dom-exception/to-string-tag.js', 420, 438 ]
31977 silly gunzTarPerm extractEntry stable/json/to-string-tag.js
31978 silly gunzTarPerm modified mode [ 'stable/json/to-string-tag.js', 420, 438 ]
31979 silly gunzTarPerm extractEntry stable/math/to-string-tag.js
31980 silly gunzTarPerm modified mode [ 'stable/math/to-string-tag.js', 420, 438 ]
31981 silly gunzTarPerm extractEntry stable/reflect/to-string-tag.js
31982 silly gunzTarPerm modified mode [ 'stable/reflect/to-string-tag.js', 420, 438 ]
31983 silly gunzTarPerm extractEntry stable/symbol/to-string-tag.js
31984 silly gunzTarPerm modified mode [ 'stable/symbol/to-string-tag.js', 420, 438 ]
31985 silly gunzTarPerm extractEntry actual/date/to-string.js
31986 silly gunzTarPerm modified mode [ 'actual/date/to-string.js', 420, 438 ]
31987 silly gunzTarPerm extractEntry actual/error/to-string.js
31988 silly gunzTarPerm modified mode [ 'actual/error/to-string.js', 420, 438 ]
31989 silly gunzTarPerm extractEntry actual/object/to-string.js
31990 silly gunzTarPerm modified mode [ 'actual/object/to-string.js', 420, 438 ]
31991 silly gunzTarPerm extractEntry actual/regexp/to-string.js
31992 silly gunzTarPerm modified mode [ 'actual/regexp/to-string.js', 420, 438 ]
31993 silly gunzTarPerm extractEntry actual/typed-array/to-string.js
31994 silly gunzTarPerm modified mode [ 'actual/typed-array/to-string.js', 420, 438 ]
31995 silly gunzTarPerm extractEntry es/date/to-string.js
31996 silly gunzTarPerm modified mode [ 'es/date/to-string.js', 420, 438 ]
31997 silly gunzTarPerm extractEntry es/error/to-string.js
31998 silly gunzTarPerm modified mode [ 'es/error/to-string.js', 420, 438 ]
31999 silly gunzTarPerm extractEntry es/object/to-string.js
32000 silly gunzTarPerm modified mode [ 'es/object/to-string.js', 420, 438 ]
32001 silly gunzTarPerm extractEntry es/regexp/to-string.js
32002 silly gunzTarPerm modified mode [ 'es/regexp/to-string.js', 420, 438 ]
32003 silly gunzTarPerm extractEntry es/typed-array/to-string.js
32004 silly gunzTarPerm modified mode [ 'es/typed-array/to-string.js', 420, 438 ]
32005 silly gunzTarPerm extractEntry features/date/to-string.js
32006 silly gunzTarPerm modified mode [ 'features/date/to-string.js', 420, 438 ]
32007 silly gunzTarPerm extractEntry features/error/to-string.js
32008 silly gunzTarPerm modified mode [ 'features/error/to-string.js', 420, 438 ]
32009 silly gunzTarPerm extractEntry features/object/to-string.js
32010 silly gunzTarPerm modified mode [ 'features/object/to-string.js', 420, 438 ]
32011 silly gunzTarPerm extractEntry features/regexp/to-string.js
32012 silly gunzTarPerm modified mode [ 'features/regexp/to-string.js', 420, 438 ]
32013 silly gunzTarPerm extractEntry features/typed-array/to-string.js
32014 silly gunzTarPerm modified mode [ 'features/typed-array/to-string.js', 420, 438 ]
32015 silly gunzTarPerm extractEntry full/date/to-string.js
32016 silly gunzTarPerm modified mode [ 'full/date/to-string.js', 420, 438 ]
32017 silly gunzTarPerm extractEntry full/error/to-string.js
32018 silly gunzTarPerm modified mode [ 'full/error/to-string.js', 420, 438 ]
32019 silly gunzTarPerm extractEntry full/object/to-string.js
32020 silly gunzTarPerm modified mode [ 'full/object/to-string.js', 420, 438 ]
32021 silly gunzTarPerm extractEntry full/regexp/to-string.js
32022 silly gunzTarPerm modified mode [ 'full/regexp/to-string.js', 420, 438 ]
32023 silly gunzTarPerm extractEntry full/typed-array/to-string.js
32024 silly gunzTarPerm modified mode [ 'full/typed-array/to-string.js', 420, 438 ]
32025 silly gunzTarPerm extractEntry internals/to-string.js
32026 silly gunzTarPerm modified mode [ 'internals/to-string.js', 420, 438 ]
32027 silly gunzTarPerm extractEntry stable/date/to-string.js
32028 silly gunzTarPerm modified mode [ 'stable/date/to-string.js', 420, 438 ]
32029 silly gunzTarPerm extractEntry stable/error/to-string.js
32030 silly gunzTarPerm modified mode [ 'stable/error/to-string.js', 420, 438 ]
32031 silly gunzTarPerm extractEntry stable/object/to-string.js
32032 silly gunzTarPerm modified mode [ 'stable/object/to-string.js', 420, 438 ]
32033 silly gunzTarPerm extractEntry stable/regexp/to-string.js
32034 silly gunzTarPerm modified mode [ 'stable/regexp/to-string.js', 420, 438 ]
32035 silly gunzTarPerm extractEntry stable/typed-array/to-string.js
32036 silly gunzTarPerm modified mode [ 'stable/typed-array/to-string.js', 420, 438 ]
32037 silly gunzTarPerm extractEntry internals/to-uint8-clamped.js
32038 silly gunzTarPerm modified mode [ 'internals/to-uint8-clamped.js', 420, 438 ]
32039 silly gunzTarPerm extractEntry actual/instance/to-well-formed.js
32040 silly gunzTarPerm modified mode [ 'actual/instance/to-well-formed.js', 420, 438 ]
32041 silly gunzTarPerm extractEntry actual/string/to-well-formed.js
32042 silly gunzTarPerm modified mode [ 'actual/string/to-well-formed.js', 420, 438 ]
32043 silly gunzTarPerm extractEntry actual/string/virtual/to-well-formed.js
32044 silly gunzTarPerm modified mode [ 'actual/string/virtual/to-well-formed.js', 420, 438 ]
32045 silly gunzTarPerm extractEntry es/instance/to-well-formed.js
32046 silly gunzTarPerm modified mode [ 'es/instance/to-well-formed.js', 420, 438 ]
32047 silly gunzTarPerm extractEntry es/string/to-well-formed.js
32048 silly gunzTarPerm modified mode [ 'es/string/to-well-formed.js', 420, 438 ]
32049 silly gunzTarPerm extractEntry es/string/virtual/to-well-formed.js
32050 silly gunzTarPerm modified mode [ 'es/string/virtual/to-well-formed.js', 420, 438 ]
32051 silly gunzTarPerm extractEntry features/instance/to-well-formed.js
32052 silly gunzTarPerm modified mode [ 'features/instance/to-well-formed.js', 420, 438 ]
32053 silly gunzTarPerm extractEntry features/string/to-well-formed.js
32054 silly gunzTarPerm modified mode [ 'features/string/to-well-formed.js', 420, 438 ]
32055 silly gunzTarPerm extractEntry features/string/virtual/to-well-formed.js
32056 silly gunzTarPerm modified mode [ 'features/string/virtual/to-well-formed.js', 420, 438 ]
32057 silly gunzTarPerm extractEntry full/instance/to-well-formed.js
32058 silly gunzTarPerm modified mode [ 'full/instance/to-well-formed.js', 420, 438 ]
32059 silly gunzTarPerm extractEntry full/string/to-well-formed.js
32060 silly gunzTarPerm modified mode [ 'full/string/to-well-formed.js', 420, 438 ]
32061 silly gunzTarPerm extractEntry full/string/virtual/to-well-formed.js
32062 silly gunzTarPerm modified mode [ 'full/string/virtual/to-well-formed.js', 420, 438 ]
32063 silly gunzTarPerm extractEntry stable/instance/to-well-formed.js
32064 silly gunzTarPerm modified mode [ 'stable/instance/to-well-formed.js', 420, 438 ]
32065 silly gunzTarPerm extractEntry stable/string/to-well-formed.js
32066 silly gunzTarPerm modified mode [ 'stable/string/to-well-formed.js', 420, 438 ]
32067 silly gunzTarPerm extractEntry stable/string/virtual/to-well-formed.js
32068 silly gunzTarPerm modified mode [ 'stable/string/virtual/to-well-formed.js', 420, 438 ]
32069 silly gunzTarPerm extractEntry actual/array-buffer/transfer-to-fixed-length.js
32070 silly gunzTarPerm modified mode [ 'actual/array-buffer/transfer-to-fixed-length.js', 420, 438 ]
32071 silly gunzTarPerm extractEntry es/array-buffer/transfer-to-fixed-length.js
32072 silly gunzTarPerm modified mode [ 'es/array-buffer/transfer-to-fixed-length.js', 420, 438 ]
32073 silly gunzTarPerm extractEntry features/array-buffer/transfer-to-fixed-length.js
32074 silly gunzTarPerm modified mode [ 'features/array-buffer/transfer-to-fixed-length.js', 420, 438 ]
32075 silly gunzTarPerm extractEntry full/array-buffer/transfer-to-fixed-length.js
32076 silly gunzTarPerm modified mode [ 'full/array-buffer/transfer-to-fixed-length.js', 420, 438 ]
32077 silly gunzTarPerm extractEntry stable/array-buffer/transfer-to-fixed-length.js
32078 silly gunzTarPerm modified mode [ 'stable/array-buffer/transfer-to-fixed-length.js', 420, 438 ]
32079 silly gunzTarPerm extractEntry actual/array-buffer/transfer.js
32080 silly gunzTarPerm modified mode [ 'actual/array-buffer/transfer.js', 420, 438 ]
32081 silly gunzTarPerm extractEntry es/array-buffer/transfer.js
32082 silly gunzTarPerm modified mode [ 'es/array-buffer/transfer.js', 420, 438 ]
32083 silly gunzTarPerm extractEntry features/array-buffer/transfer.js
32084 silly gunzTarPerm modified mode [ 'features/array-buffer/transfer.js', 420, 438 ]
32085 silly gunzTarPerm extractEntry full/array-buffer/transfer.js
32086 silly gunzTarPerm modified mode [ 'full/array-buffer/transfer.js', 420, 438 ]
32087 silly gunzTarPerm extractEntry stable/array-buffer/transfer.js
32088 silly gunzTarPerm modified mode [ 'stable/array-buffer/transfer.js', 420, 438 ]
32089 silly gunzTarPerm extractEntry actual/instance/trim-end.js
32090 silly gunzTarPerm modified mode [ 'actual/instance/trim-end.js', 420, 438 ]
32091 silly gunzTarPerm extractEntry actual/string/trim-end.js
32092 silly gunzTarPerm modified mode [ 'actual/string/trim-end.js', 420, 438 ]
32093 silly gunzTarPerm extractEntry actual/string/virtual/trim-end.js
32094 silly gunzTarPerm modified mode [ 'actual/string/virtual/trim-end.js', 420, 438 ]
32095 silly gunzTarPerm extractEntry es/instance/trim-end.js
32096 silly gunzTarPerm modified mode [ 'es/instance/trim-end.js', 420, 438 ]
32097 silly gunzTarPerm extractEntry es/string/trim-end.js
32098 silly gunzTarPerm modified mode [ 'es/string/trim-end.js', 420, 438 ]
32099 silly gunzTarPerm extractEntry es/string/virtual/trim-end.js
32100 silly gunzTarPerm modified mode [ 'es/string/virtual/trim-end.js', 420, 438 ]
32101 silly gunzTarPerm extractEntry features/instance/trim-end.js
32102 silly gunzTarPerm modified mode [ 'features/instance/trim-end.js', 420, 438 ]
32103 silly gunzTarPerm extractEntry features/string/trim-end.js
32104 silly gunzTarPerm modified mode [ 'features/string/trim-end.js', 420, 438 ]
32105 silly gunzTarPerm extractEntry features/string/virtual/trim-end.js
32106 silly gunzTarPerm modified mode [ 'features/string/virtual/trim-end.js', 420, 438 ]
32107 silly gunzTarPerm extractEntry full/instance/trim-end.js
32108 silly gunzTarPerm modified mode [ 'full/instance/trim-end.js', 420, 438 ]
32109 silly gunzTarPerm extractEntry full/string/trim-end.js
32110 silly gunzTarPerm modified mode [ 'full/string/trim-end.js', 420, 438 ]
32111 silly gunzTarPerm extractEntry full/string/virtual/trim-end.js
32112 silly gunzTarPerm modified mode [ 'full/string/virtual/trim-end.js', 420, 438 ]
32113 silly gunzTarPerm extractEntry stable/instance/trim-end.js
32114 silly gunzTarPerm modified mode [ 'stable/instance/trim-end.js', 420, 438 ]
32115 silly gunzTarPerm extractEntry stable/string/trim-end.js
32116 silly gunzTarPerm modified mode [ 'stable/string/trim-end.js', 420, 438 ]
32117 silly gunzTarPerm extractEntry stable/string/virtual/trim-end.js
32118 silly gunzTarPerm modified mode [ 'stable/string/virtual/trim-end.js', 420, 438 ]
32119 silly gunzTarPerm extractEntry actual/instance/trim-left.js
32120 silly gunzTarPerm modified mode [ 'actual/instance/trim-left.js', 420, 438 ]
32121 silly gunzTarPerm extractEntry actual/string/trim-left.js
32122 silly gunzTarPerm modified mode [ 'actual/string/trim-left.js', 420, 438 ]
32123 silly gunzTarPerm extractEntry actual/string/virtual/trim-left.js
32124 silly gunzTarPerm modified mode [ 'actual/string/virtual/trim-left.js', 420, 438 ]
32125 silly gunzTarPerm extractEntry es/instance/trim-left.js
32126 silly gunzTarPerm modified mode [ 'es/instance/trim-left.js', 420, 438 ]
32127 silly gunzTarPerm extractEntry es/string/trim-left.js
32128 silly gunzTarPerm modified mode [ 'es/string/trim-left.js', 420, 438 ]
32129 silly gunzTarPerm extractEntry es/string/virtual/trim-left.js
32130 silly gunzTarPerm modified mode [ 'es/string/virtual/trim-left.js', 420, 438 ]
32131 silly gunzTarPerm extractEntry features/instance/trim-left.js
32132 silly gunzTarPerm modified mode [ 'features/instance/trim-left.js', 420, 438 ]
32133 silly gunzTarPerm extractEntry features/string/trim-left.js
32134 silly gunzTarPerm modified mode [ 'features/string/trim-left.js', 420, 438 ]
32135 silly gunzTarPerm extractEntry features/string/virtual/trim-left.js
32136 silly gunzTarPerm modified mode [ 'features/string/virtual/trim-left.js', 420, 438 ]
32137 silly gunzTarPerm extractEntry full/instance/trim-left.js
32138 silly gunzTarPerm modified mode [ 'full/instance/trim-left.js', 420, 438 ]
32139 silly gunzTarPerm extractEntry full/string/trim-left.js
32140 silly gunzTarPerm modified mode [ 'full/string/trim-left.js', 420, 438 ]
32141 silly gunzTarPerm extractEntry full/string/virtual/trim-left.js
32142 silly gunzTarPerm modified mode [ 'full/string/virtual/trim-left.js', 420, 438 ]
32143 silly gunzTarPerm extractEntry stable/instance/trim-left.js
32144 silly gunzTarPerm modified mode [ 'stable/instance/trim-left.js', 420, 438 ]
32145 silly gunzTarPerm extractEntry stable/string/trim-left.js
32146 silly gunzTarPerm modified mode [ 'stable/string/trim-left.js', 420, 438 ]
32147 silly gunzTarPerm extractEntry stable/string/virtual/trim-left.js
32148 silly gunzTarPerm modified mode [ 'stable/string/virtual/trim-left.js', 420, 438 ]
32149 silly gunzTarPerm extractEntry actual/instance/trim-right.js
32150 silly gunzTarPerm modified mode [ 'actual/instance/trim-right.js', 420, 438 ]
32151 silly gunzTarPerm extractEntry actual/string/trim-right.js
32152 silly gunzTarPerm modified mode [ 'actual/string/trim-right.js', 420, 438 ]
32153 silly gunzTarPerm extractEntry actual/string/virtual/trim-right.js
32154 silly gunzTarPerm modified mode [ 'actual/string/virtual/trim-right.js', 420, 438 ]
32155 silly gunzTarPerm extractEntry es/instance/trim-right.js
32156 silly gunzTarPerm modified mode [ 'es/instance/trim-right.js', 420, 438 ]
32157 silly gunzTarPerm extractEntry es/string/trim-right.js
32158 silly gunzTarPerm modified mode [ 'es/string/trim-right.js', 420, 438 ]
32159 silly gunzTarPerm extractEntry es/string/virtual/trim-right.js
32160 silly gunzTarPerm modified mode [ 'es/string/virtual/trim-right.js', 420, 438 ]
32161 silly gunzTarPerm extractEntry features/instance/trim-right.js
32162 silly gunzTarPerm modified mode [ 'features/instance/trim-right.js', 420, 438 ]
32163 silly gunzTarPerm extractEntry features/string/trim-right.js
32164 silly gunzTarPerm modified mode [ 'features/string/trim-right.js', 420, 438 ]
32165 silly gunzTarPerm extractEntry features/string/virtual/trim-right.js
32166 silly gunzTarPerm modified mode [ 'features/string/virtual/trim-right.js', 420, 438 ]
32167 silly gunzTarPerm extractEntry full/instance/trim-right.js
32168 silly gunzTarPerm modified mode [ 'full/instance/trim-right.js', 420, 438 ]
32169 silly gunzTarPerm extractEntry full/string/trim-right.js
32170 silly gunzTarPerm modified mode [ 'full/string/trim-right.js', 420, 438 ]
32171 silly gunzTarPerm extractEntry full/string/virtual/trim-right.js
32172 silly gunzTarPerm modified mode [ 'full/string/virtual/trim-right.js', 420, 438 ]
32173 silly gunzTarPerm extractEntry stable/instance/trim-right.js
32174 silly gunzTarPerm modified mode [ 'stable/instance/trim-right.js', 420, 438 ]
32175 silly gunzTarPerm extractEntry stable/string/trim-right.js
32176 silly gunzTarPerm modified mode [ 'stable/string/trim-right.js', 420, 438 ]
32177 silly gunzTarPerm extractEntry stable/string/virtual/trim-right.js
32178 silly gunzTarPerm modified mode [ 'stable/string/virtual/trim-right.js', 420, 438 ]
32179 silly gunzTarPerm extractEntry actual/instance/trim-start.js
32180 silly gunzTarPerm modified mode [ 'actual/instance/trim-start.js', 420, 438 ]
32181 silly gunzTarPerm extractEntry actual/string/trim-start.js
32182 silly gunzTarPerm modified mode [ 'actual/string/trim-start.js', 420, 438 ]
32183 silly gunzTarPerm extractEntry actual/string/virtual/trim-start.js
32184 silly gunzTarPerm modified mode [ 'actual/string/virtual/trim-start.js', 420, 438 ]
32185 silly gunzTarPerm extractEntry es/instance/trim-start.js
32186 silly gunzTarPerm modified mode [ 'es/instance/trim-start.js', 420, 438 ]
32187 silly gunzTarPerm extractEntry es/string/trim-start.js
32188 silly gunzTarPerm modified mode [ 'es/string/trim-start.js', 420, 438 ]
32189 silly gunzTarPerm extractEntry es/string/virtual/trim-start.js
32190 silly gunzTarPerm modified mode [ 'es/string/virtual/trim-start.js', 420, 438 ]
32191 silly gunzTarPerm extractEntry features/instance/trim-start.js
32192 silly gunzTarPerm modified mode [ 'features/instance/trim-start.js', 420, 438 ]
32193 silly gunzTarPerm extractEntry features/string/trim-start.js
32194 silly gunzTarPerm modified mode [ 'features/string/trim-start.js', 420, 438 ]
32195 silly gunzTarPerm extractEntry features/string/virtual/trim-start.js
32196 silly gunzTarPerm modified mode [ 'features/string/virtual/trim-start.js', 420, 438 ]
32197 silly gunzTarPerm extractEntry full/instance/trim-start.js
32198 silly gunzTarPerm modified mode [ 'full/instance/trim-start.js', 420, 438 ]
32199 silly gunzTarPerm extractEntry full/string/trim-start.js
32200 silly gunzTarPerm modified mode [ 'full/string/trim-start.js', 420, 438 ]
32201 silly gunzTarPerm extractEntry full/string/virtual/trim-start.js
32202 silly gunzTarPerm modified mode [ 'full/string/virtual/trim-start.js', 420, 438 ]
32203 silly gunzTarPerm extractEntry stable/instance/trim-start.js
32204 silly gunzTarPerm modified mode [ 'stable/instance/trim-start.js', 420, 438 ]
32205 silly gunzTarPerm extractEntry stable/string/trim-start.js
32206 silly gunzTarPerm modified mode [ 'stable/string/trim-start.js', 420, 438 ]
32207 silly gunzTarPerm extractEntry stable/string/virtual/trim-start.js
32208 silly gunzTarPerm modified mode [ 'stable/string/virtual/trim-start.js', 420, 438 ]
32209 silly gunzTarPerm extractEntry actual/instance/trim.js
32210 silly gunzTarPerm modified mode [ 'actual/instance/trim.js', 420, 438 ]
32211 silly gunzTarPerm extractEntry actual/string/trim.js
32212 silly gunzTarPerm modified mode [ 'actual/string/trim.js', 420, 438 ]
32213 silly gunzTarPerm extractEntry actual/string/virtual/trim.js
32214 silly gunzTarPerm modified mode [ 'actual/string/virtual/trim.js', 420, 438 ]
32215 silly gunzTarPerm extractEntry es/instance/trim.js
32216 silly gunzTarPerm modified mode [ 'es/instance/trim.js', 420, 438 ]
32217 silly gunzTarPerm extractEntry es/string/trim.js
32218 silly gunzTarPerm modified mode [ 'es/string/trim.js', 420, 438 ]
32219 silly gunzTarPerm extractEntry es/string/virtual/trim.js
32220 silly gunzTarPerm modified mode [ 'es/string/virtual/trim.js', 420, 438 ]
32221 silly gunzTarPerm extractEntry features/instance/trim.js
32222 silly gunzTarPerm modified mode [ 'features/instance/trim.js', 420, 438 ]
32223 silly gunzTarPerm extractEntry features/string/trim.js
32224 silly gunzTarPerm modified mode [ 'features/string/trim.js', 420, 438 ]
32225 silly gunzTarPerm extractEntry features/string/virtual/trim.js
32226 silly gunzTarPerm modified mode [ 'features/string/virtual/trim.js', 420, 438 ]
32227 silly gunzTarPerm extractEntry full/instance/trim.js
32228 silly gunzTarPerm modified mode [ 'full/instance/trim.js', 420, 438 ]
32229 silly gunzTarPerm extractEntry full/string/trim.js
32230 silly gunzTarPerm modified mode [ 'full/string/trim.js', 420, 438 ]
32231 silly gunzTarPerm extractEntry full/string/virtual/trim.js
32232 silly gunzTarPerm modified mode [ 'full/string/virtual/trim.js', 420, 438 ]
32233 silly gunzTarPerm extractEntry stable/instance/trim.js
32234 silly gunzTarPerm modified mode [ 'stable/instance/trim.js', 420, 438 ]
32235 silly gunzTarPerm extractEntry stable/string/trim.js
32236 silly gunzTarPerm modified mode [ 'stable/string/trim.js', 420, 438 ]
32237 silly gunzTarPerm extractEntry stable/string/virtual/trim.js
32238 silly gunzTarPerm modified mode [ 'stable/string/virtual/trim.js', 420, 438 ]
32239 silly gunzTarPerm extractEntry actual/math/trunc.js
32240 silly gunzTarPerm modified mode [ 'actual/math/trunc.js', 420, 438 ]
32241 silly gunzTarPerm extractEntry es/math/trunc.js
32242 silly gunzTarPerm modified mode [ 'es/math/trunc.js', 420, 438 ]
32243 silly gunzTarPerm extractEntry features/math/trunc.js
32244 silly gunzTarPerm modified mode [ 'features/math/trunc.js', 420, 438 ]
32245 silly gunzTarPerm extractEntry full/math/trunc.js
32246 silly gunzTarPerm modified mode [ 'full/math/trunc.js', 420, 438 ]
32247 silly gunzTarPerm extractEntry stable/math/trunc.js
32248 silly gunzTarPerm modified mode [ 'stable/math/trunc.js', 420, 438 ]
32249 silly gunzTarPerm extractEntry internals/try-to-string.js
32250 silly gunzTarPerm modified mode [ 'internals/try-to-string.js', 420, 438 ]
32251 silly gunzTarPerm extractEntry actual/promise/try.js
32252 silly gunzTarPerm modified mode [ 'actual/promise/try.js', 420, 438 ]
32253 silly gunzTarPerm extractEntry es/promise/try.js
32254 silly gunzTarPerm modified mode [ 'es/promise/try.js', 420, 438 ]
32255 silly gunzTarPerm extractEntry features/promise/try.js
32256 silly gunzTarPerm modified mode [ 'features/promise/try.js', 420, 438 ]
32257 silly gunzTarPerm extractEntry full/promise/try.js
32258 silly gunzTarPerm modified mode [ 'full/promise/try.js', 420, 438 ]
32259 silly gunzTarPerm extractEntry stable/promise/try.js
32260 silly gunzTarPerm modified mode [ 'stable/promise/try.js', 420, 438 ]
32261 silly gunzTarPerm extractEntry internals/typed-array-constructor.js
32262 silly gunzTarPerm modified mode [ 'internals/typed-array-constructor.js', 420, 438 ]
32263 silly gunzTarPerm extractEntry internals/typed-array-constructors-require-wrappers.js
32264 silly gunzTarPerm modified mode [ 'internals/typed-array-constructors-require-wrappers.js',
32264 silly gunzTarPerm   420,
32264 silly gunzTarPerm   438 ]
32265 silly gunzTarPerm extractEntry internals/typed-array-from-same-type-and-list.js
32266 silly gunzTarPerm modified mode [ 'internals/typed-array-from-same-type-and-list.js', 420, 438 ]
32267 silly gunzTarPerm extractEntry internals/typed-array-from.js
32268 silly gunzTarPerm modified mode [ 'internals/typed-array-from.js', 420, 438 ]
32269 silly gunzTarPerm extractEntry internals/uid.js
32270 silly gunzTarPerm modified mode [ 'internals/uid.js', 420, 438 ]
32271 silly gunzTarPerm extractEntry actual/typed-array/uint16-array.js
32272 silly gunzTarPerm modified mode [ 'actual/typed-array/uint16-array.js', 420, 438 ]
32273 silly gunzTarPerm extractEntry es/typed-array/uint16-array.js
32274 silly gunzTarPerm modified mode [ 'es/typed-array/uint16-array.js', 420, 438 ]
32275 silly gunzTarPerm extractEntry features/typed-array/uint16-array.js
32276 silly gunzTarPerm modified mode [ 'features/typed-array/uint16-array.js', 420, 438 ]
32277 silly gunzTarPerm extractEntry full/typed-array/uint16-array.js
32278 silly gunzTarPerm modified mode [ 'full/typed-array/uint16-array.js', 420, 438 ]
32279 silly gunzTarPerm extractEntry stable/typed-array/uint16-array.js
32280 silly gunzTarPerm modified mode [ 'stable/typed-array/uint16-array.js', 420, 438 ]
32281 silly gunzTarPerm extractEntry actual/typed-array/uint32-array.js
32282 silly gunzTarPerm modified mode [ 'actual/typed-array/uint32-array.js', 420, 438 ]
32283 silly gunzTarPerm extractEntry es/typed-array/uint32-array.js
32284 silly gunzTarPerm modified mode [ 'es/typed-array/uint32-array.js', 420, 438 ]
32285 silly gunzTarPerm extractEntry features/typed-array/uint32-array.js
32286 silly gunzTarPerm modified mode [ 'features/typed-array/uint32-array.js', 420, 438 ]
32287 silly gunzTarPerm extractEntry full/typed-array/uint32-array.js
32288 silly gunzTarPerm modified mode [ 'full/typed-array/uint32-array.js', 420, 438 ]
32289 silly gunzTarPerm extractEntry stable/typed-array/uint32-array.js
32290 silly gunzTarPerm modified mode [ 'stable/typed-array/uint32-array.js', 420, 438 ]
32291 silly gunzTarPerm extractEntry actual/typed-array/uint8-array.js
32292 silly gunzTarPerm modified mode [ 'actual/typed-array/uint8-array.js', 420, 438 ]
32293 silly gunzTarPerm extractEntry es/typed-array/uint8-array.js
32294 silly gunzTarPerm modified mode [ 'es/typed-array/uint8-array.js', 420, 438 ]
32295 silly gunzTarPerm extractEntry features/typed-array/uint8-array.js
32296 silly gunzTarPerm modified mode [ 'features/typed-array/uint8-array.js', 420, 438 ]
32297 silly gunzTarPerm extractEntry full/typed-array/uint8-array.js
32298 silly gunzTarPerm modified mode [ 'full/typed-array/uint8-array.js', 420, 438 ]
32299 silly gunzTarPerm extractEntry stable/typed-array/uint8-array.js
32300 silly gunzTarPerm modified mode [ 'stable/typed-array/uint8-array.js', 420, 438 ]
32301 silly gunzTarPerm extractEntry actual/typed-array/uint8-clamped-array.js
32302 silly gunzTarPerm modified mode [ 'actual/typed-array/uint8-clamped-array.js', 420, 438 ]
32303 silly gunzTarPerm extractEntry es/typed-array/uint8-clamped-array.js
32304 silly gunzTarPerm modified mode [ 'es/typed-array/uint8-clamped-array.js', 420, 438 ]
32305 silly gunzTarPerm extractEntry features/typed-array/uint8-clamped-array.js
32306 silly gunzTarPerm modified mode [ 'features/typed-array/uint8-clamped-array.js', 420, 438 ]
32307 silly gunzTarPerm extractEntry full/typed-array/uint8-clamped-array.js
32308 silly gunzTarPerm modified mode [ 'full/typed-array/uint8-clamped-array.js', 420, 438 ]
32309 silly gunzTarPerm extractEntry stable/typed-array/uint8-clamped-array.js
32310 silly gunzTarPerm modified mode [ 'stable/typed-array/uint8-clamped-array.js', 420, 438 ]
32311 silly gunzTarPerm extractEntry internals/uint8-from-base64.js
32312 silly gunzTarPerm modified mode [ 'internals/uint8-from-base64.js', 420, 438 ]
32313 silly gunzTarPerm extractEntry internals/uint8-from-hex.js
32314 silly gunzTarPerm modified mode [ 'internals/uint8-from-hex.js', 420, 438 ]
32315 silly gunzTarPerm extractEntry features/math/umulh.js
32316 silly gunzTarPerm modified mode [ 'features/math/umulh.js', 420, 438 ]
32317 silly gunzTarPerm extractEntry full/math/umulh.js
32318 silly gunzTarPerm modified mode [ 'full/math/umulh.js', 420, 438 ]
32319 silly gunzTarPerm extractEntry features/function/un-this.js
32320 silly gunzTarPerm modified mode [ 'features/function/un-this.js', 420, 438 ]
32321 silly gunzTarPerm extractEntry features/function/virtual/un-this.js
32322 silly gunzTarPerm modified mode [ 'features/function/virtual/un-this.js', 420, 438 ]
32323 silly gunzTarPerm extractEntry features/instance/un-this.js
32324 silly gunzTarPerm modified mode [ 'features/instance/un-this.js', 420, 438 ]
32325 silly gunzTarPerm extractEntry full/function/un-this.js
32326 silly gunzTarPerm modified mode [ 'full/function/un-this.js', 420, 438 ]
32327 silly gunzTarPerm extractEntry full/function/virtual/un-this.js
32328 silly gunzTarPerm modified mode [ 'full/function/virtual/un-this.js', 420, 438 ]
32329 silly gunzTarPerm extractEntry full/instance/un-this.js
32330 silly gunzTarPerm modified mode [ 'full/instance/un-this.js', 420, 438 ]
32331 silly gunzTarPerm extractEntry actual/unescape.js
32332 silly gunzTarPerm modified mode [ 'actual/unescape.js', 420, 438 ]
32333 silly gunzTarPerm extractEntry es/unescape.js
32334 silly gunzTarPerm modified mode [ 'es/unescape.js', 420, 438 ]
32335 silly gunzTarPerm extractEntry features/unescape.js
32336 silly gunzTarPerm modified mode [ 'features/unescape.js', 420, 438 ]
32337 silly gunzTarPerm extractEntry full/unescape.js
32338 silly gunzTarPerm modified mode [ 'full/unescape.js', 420, 438 ]
32339 silly gunzTarPerm extractEntry stable/unescape.js
32340 silly gunzTarPerm modified mode [ 'stable/unescape.js', 420, 438 ]
32341 silly gunzTarPerm extractEntry actual/set/union.js
32342 silly gunzTarPerm modified mode [ 'actual/set/union.js', 420, 438 ]
32343 silly gunzTarPerm extractEntry es/set/union.js
32344 silly gunzTarPerm modified mode [ 'es/set/union.js', 420, 438 ]
32345 silly gunzTarPerm extractEntry features/set/union.js
32346 silly gunzTarPerm modified mode [ 'features/set/union.js', 420, 438 ]
32347 silly gunzTarPerm extractEntry full/set/union.js
32348 silly gunzTarPerm modified mode [ 'full/set/union.js', 420, 438 ]
32349 silly gunzTarPerm extractEntry stable/set/union.js
32350 silly gunzTarPerm modified mode [ 'stable/set/union.js', 420, 438 ]
32351 silly gunzTarPerm extractEntry features/array/unique-by.js
32352 silly gunzTarPerm modified mode [ 'features/array/unique-by.js', 420, 438 ]
32353 silly gunzTarPerm extractEntry features/array/virtual/unique-by.js
32354 silly gunzTarPerm modified mode [ 'features/array/virtual/unique-by.js', 420, 438 ]
32355 silly gunzTarPerm extractEntry features/instance/unique-by.js
32356 silly gunzTarPerm modified mode [ 'features/instance/unique-by.js', 420, 438 ]
32357 silly gunzTarPerm extractEntry features/typed-array/unique-by.js
32358 silly gunzTarPerm modified mode [ 'features/typed-array/unique-by.js', 420, 438 ]
32359 silly gunzTarPerm extractEntry full/array/unique-by.js
32360 silly gunzTarPerm modified mode [ 'full/array/unique-by.js', 420, 438 ]
32361 silly gunzTarPerm extractEntry full/array/virtual/unique-by.js
32362 silly gunzTarPerm modified mode [ 'full/array/virtual/unique-by.js', 420, 438 ]
32363 silly gunzTarPerm extractEntry full/instance/unique-by.js
32364 silly gunzTarPerm modified mode [ 'full/instance/unique-by.js', 420, 438 ]
32365 silly gunzTarPerm extractEntry full/typed-array/unique-by.js
32366 silly gunzTarPerm modified mode [ 'full/typed-array/unique-by.js', 420, 438 ]
32367 silly gunzTarPerm extractEntry actual/symbol/unscopables.js
32368 silly gunzTarPerm modified mode [ 'actual/symbol/unscopables.js', 420, 438 ]
32369 silly gunzTarPerm extractEntry es/symbol/unscopables.js
32370 silly gunzTarPerm modified mode [ 'es/symbol/unscopables.js', 420, 438 ]
32371 silly gunzTarPerm extractEntry features/symbol/unscopables.js
32372 silly gunzTarPerm modified mode [ 'features/symbol/unscopables.js', 420, 438 ]
32373 silly gunzTarPerm extractEntry full/symbol/unscopables.js
32374 silly gunzTarPerm modified mode [ 'full/symbol/unscopables.js', 420, 438 ]
32375 silly gunzTarPerm extractEntry stable/symbol/unscopables.js
32376 silly gunzTarPerm modified mode [ 'stable/symbol/unscopables.js', 420, 438 ]
32377 silly gunzTarPerm extractEntry actual/array/unshift.js
32378 silly gunzTarPerm modified mode [ 'actual/array/unshift.js', 420, 438 ]
32379 silly gunzTarPerm extractEntry actual/array/virtual/unshift.js
32380 silly gunzTarPerm modified mode [ 'actual/array/virtual/unshift.js', 420, 438 ]
32381 silly gunzTarPerm extractEntry actual/instance/unshift.js
32382 silly gunzTarPerm modified mode [ 'actual/instance/unshift.js', 420, 438 ]
32383 silly gunzTarPerm extractEntry es/array/unshift.js
32384 silly gunzTarPerm modified mode [ 'es/array/unshift.js', 420, 438 ]
32385 silly gunzTarPerm extractEntry es/array/virtual/unshift.js
32386 silly gunzTarPerm modified mode [ 'es/array/virtual/unshift.js', 420, 438 ]
32387 silly gunzTarPerm extractEntry es/instance/unshift.js
32388 silly gunzTarPerm modified mode [ 'es/instance/unshift.js', 420, 438 ]
32389 silly gunzTarPerm extractEntry features/array/unshift.js
32390 silly gunzTarPerm modified mode [ 'features/array/unshift.js', 420, 438 ]
32391 silly gunzTarPerm extractEntry features/array/virtual/unshift.js
32392 silly gunzTarPerm modified mode [ 'features/array/virtual/unshift.js', 420, 438 ]
32393 silly gunzTarPerm extractEntry features/instance/unshift.js
32394 silly gunzTarPerm modified mode [ 'features/instance/unshift.js', 420, 438 ]
32395 silly gunzTarPerm extractEntry full/array/unshift.js
32396 silly gunzTarPerm modified mode [ 'full/array/unshift.js', 420, 438 ]
32397 silly gunzTarPerm extractEntry full/array/virtual/unshift.js
32398 silly gunzTarPerm modified mode [ 'full/array/virtual/unshift.js', 420, 438 ]
32399 silly gunzTarPerm extractEntry full/instance/unshift.js
32400 silly gunzTarPerm modified mode [ 'full/instance/unshift.js', 420, 438 ]
32401 silly gunzTarPerm extractEntry stable/array/unshift.js
32402 silly gunzTarPerm modified mode [ 'stable/array/unshift.js', 420, 438 ]
32403 silly gunzTarPerm extractEntry stable/array/virtual/unshift.js
32404 silly gunzTarPerm modified mode [ 'stable/array/virtual/unshift.js', 420, 438 ]
32405 silly gunzTarPerm extractEntry stable/instance/unshift.js
32406 silly gunzTarPerm modified mode [ 'stable/instance/unshift.js', 420, 438 ]
32407 silly gunzTarPerm extractEntry features/map/update-or-insert.js
32408 silly gunzTarPerm modified mode [ 'features/map/update-or-insert.js', 420, 438 ]
32409 silly gunzTarPerm extractEntry full/map/update-or-insert.js
32410 silly gunzTarPerm modified mode [ 'full/map/update-or-insert.js', 420, 438 ]
32411 silly gunzTarPerm extractEntry features/map/update.js
32412 silly gunzTarPerm modified mode [ 'features/map/update.js', 420, 438 ]
32413 silly gunzTarPerm extractEntry full/map/update.js
32414 silly gunzTarPerm modified mode [ 'full/map/update.js', 420, 438 ]
32415 silly gunzTarPerm extractEntry features/map/upsert.js
32416 silly gunzTarPerm modified mode [ 'features/map/upsert.js', 420, 438 ]
32417 silly gunzTarPerm extractEntry features/weak-map/upsert.js
32418 silly gunzTarPerm modified mode [ 'features/weak-map/upsert.js', 420, 438 ]
32419 silly gunzTarPerm extractEntry full/map/upsert.js
32420 silly gunzTarPerm modified mode [ 'full/map/upsert.js', 420, 438 ]
32421 silly gunzTarPerm extractEntry full/weak-map/upsert.js
32422 silly gunzTarPerm modified mode [ 'full/weak-map/upsert.js', 420, 438 ]
32423 silly gunzTarPerm extractEntry internals/url-constructor-detection.js
32424 silly gunzTarPerm modified mode [ 'internals/url-constructor-detection.js', 420, 438 ]
32425 silly gunzTarPerm extractEntry web/url-search-params.js
32426 silly gunzTarPerm modified mode [ 'web/url-search-params.js', 420, 438 ]
32427 silly gunzTarPerm extractEntry proposals/url.js
32428 silly gunzTarPerm modified mode [ 'proposals/url.js', 420, 438 ]
32429 silly gunzTarPerm extractEntry web/url.js
32430 silly gunzTarPerm modified mode [ 'web/url.js', 420, 438 ]
32431 silly gunzTarPerm extractEntry internals/use-symbol-as-uid.js
32432 silly gunzTarPerm modified mode [ 'internals/use-symbol-as-uid.js', 420, 438 ]
32433 silly gunzTarPerm extractEntry proposals/using-statement.js
32434 silly gunzTarPerm modified mode [ 'proposals/using-statement.js', 420, 438 ]
32435 silly gunzTarPerm extractEntry internals/v8-prototype-define-bug.js
32436 silly gunzTarPerm modified mode [ 'internals/v8-prototype-define-bug.js', 420, 438 ]
32437 silly gunzTarPerm extractEntry internals/validate-arguments-length.js
32438 silly gunzTarPerm modified mode [ 'internals/validate-arguments-length.js', 420, 438 ]
32439 silly gunzTarPerm extractEntry actual/array/values.js
32440 silly gunzTarPerm modified mode [ 'actual/array/values.js', 420, 438 ]
32441 silly gunzTarPerm extractEntry actual/array/virtual/values.js
32442 silly gunzTarPerm modified mode [ 'actual/array/virtual/values.js', 420, 438 ]
32443 silly gunzTarPerm extractEntry actual/instance/values.js
32444 silly gunzTarPerm modified mode [ 'actual/instance/values.js', 420, 438 ]
32445 silly gunzTarPerm extractEntry actual/object/values.js
32446 silly gunzTarPerm modified mode [ 'actual/object/values.js', 420, 438 ]
32447 silly gunzTarPerm extractEntry actual/typed-array/values.js
32448 silly gunzTarPerm modified mode [ 'actual/typed-array/values.js', 420, 438 ]
32449 silly gunzTarPerm extractEntry es/array/values.js
32450 silly gunzTarPerm modified mode [ 'es/array/values.js', 420, 438 ]
32451 silly gunzTarPerm extractEntry es/array/virtual/values.js
32452 silly gunzTarPerm modified mode [ 'es/array/virtual/values.js', 420, 438 ]
32453 silly gunzTarPerm extractEntry es/instance/values.js
32454 silly gunzTarPerm modified mode [ 'es/instance/values.js', 420, 438 ]
32455 silly gunzTarPerm extractEntry es/object/values.js
32456 silly gunzTarPerm modified mode [ 'es/object/values.js', 420, 438 ]
32457 silly gunzTarPerm extractEntry es/typed-array/values.js
32458 silly gunzTarPerm modified mode [ 'es/typed-array/values.js', 420, 438 ]
32459 silly gunzTarPerm extractEntry features/array/values.js
32460 silly gunzTarPerm modified mode [ 'features/array/values.js', 420, 438 ]
32461 silly gunzTarPerm extractEntry features/array/virtual/values.js
32462 silly gunzTarPerm modified mode [ 'features/array/virtual/values.js', 420, 438 ]
32463 silly gunzTarPerm extractEntry features/instance/values.js
32464 silly gunzTarPerm modified mode [ 'features/instance/values.js', 420, 438 ]
32465 silly gunzTarPerm extractEntry features/object/values.js
32466 silly gunzTarPerm modified mode [ 'features/object/values.js', 420, 438 ]
32467 silly gunzTarPerm extractEntry features/typed-array/values.js
32468 silly gunzTarPerm modified mode [ 'features/typed-array/values.js', 420, 438 ]
32469 silly gunzTarPerm extractEntry full/array/values.js
32470 silly gunzTarPerm modified mode [ 'full/array/values.js', 420, 438 ]
32471 silly gunzTarPerm extractEntry full/array/virtual/values.js
32472 silly gunzTarPerm modified mode [ 'full/array/virtual/values.js', 420, 438 ]
32473 silly gunzTarPerm extractEntry full/instance/values.js
32474 silly gunzTarPerm modified mode [ 'full/instance/values.js', 420, 438 ]
32475 silly gunzTarPerm extractEntry full/object/values.js
32476 silly gunzTarPerm modified mode [ 'full/object/values.js', 420, 438 ]
32477 silly gunzTarPerm extractEntry full/typed-array/values.js
32478 silly gunzTarPerm modified mode [ 'full/typed-array/values.js', 420, 438 ]
32479 silly gunzTarPerm extractEntry stable/array/values.js
32480 silly gunzTarPerm modified mode [ 'stable/array/values.js', 420, 438 ]
32481 silly gunzTarPerm extractEntry stable/array/virtual/values.js
32482 silly gunzTarPerm modified mode [ 'stable/array/virtual/values.js', 420, 438 ]
32483 silly gunzTarPerm extractEntry stable/instance/values.js
32484 silly gunzTarPerm modified mode [ 'stable/instance/values.js', 420, 438 ]
32485 silly gunzTarPerm extractEntry stable/object/values.js
32486 silly gunzTarPerm modified mode [ 'stable/object/values.js', 420, 438 ]
32487 silly gunzTarPerm extractEntry stable/typed-array/values.js
32488 silly gunzTarPerm modified mode [ 'stable/typed-array/values.js', 420, 438 ]
32489 silly gunzTarPerm extractEntry internals/weak-map-basic-detection.js
32490 silly gunzTarPerm modified mode [ 'internals/weak-map-basic-detection.js', 420, 438 ]
32491 silly gunzTarPerm extractEntry internals/weak-map-helpers.js
32492 silly gunzTarPerm modified mode [ 'internals/weak-map-helpers.js', 420, 438 ]
32493 silly gunzTarPerm extractEntry internals/weak-set-helpers.js
32494 silly gunzTarPerm modified mode [ 'internals/weak-set-helpers.js', 420, 438 ]
32495 silly gunzTarPerm extractEntry modules/web.atob.js
32496 silly gunzTarPerm modified mode [ 'modules/web.atob.js', 420, 438 ]
32497 silly gunzTarPerm extractEntry modules/web.btoa.js
32498 silly gunzTarPerm modified mode [ 'modules/web.btoa.js', 420, 438 ]
32499 silly gunzTarPerm extractEntry modules/web.clear-immediate.js
32500 silly gunzTarPerm modified mode [ 'modules/web.clear-immediate.js', 420, 438 ]
32501 silly gunzTarPerm extractEntry modules/web.dom-collections.for-each.js
32502 silly gunzTarPerm modified mode [ 'modules/web.dom-collections.for-each.js', 420, 438 ]
32503 silly gunzTarPerm extractEntry modules/web.dom-collections.iterator.js
32504 silly gunzTarPerm modified mode [ 'modules/web.dom-collections.iterator.js', 420, 438 ]
32505 silly gunzTarPerm extractEntry modules/web.dom-exception.constructor.js
32506 silly gunzTarPerm modified mode [ 'modules/web.dom-exception.constructor.js', 420, 438 ]
32507 silly gunzTarPerm extractEntry modules/web.dom-exception.stack.js
32508 silly gunzTarPerm modified mode [ 'modules/web.dom-exception.stack.js', 420, 438 ]
32509 silly gunzTarPerm extractEntry modules/web.dom-exception.to-string-tag.js
32510 silly gunzTarPerm modified mode [ 'modules/web.dom-exception.to-string-tag.js', 420, 438 ]
32511 silly gunzTarPerm extractEntry modules/web.immediate.js
32512 silly gunzTarPerm modified mode [ 'modules/web.immediate.js', 420, 438 ]
32513 silly gunzTarPerm extractEntry modules/web.queue-microtask.js
32514 silly gunzTarPerm modified mode [ 'modules/web.queue-microtask.js', 420, 438 ]
32515 silly gunzTarPerm extractEntry modules/web.self.js
32516 silly gunzTarPerm modified mode [ 'modules/web.self.js', 420, 438 ]
32517 silly gunzTarPerm extractEntry modules/web.set-immediate.js
32518 silly gunzTarPerm modified mode [ 'modules/web.set-immediate.js', 420, 438 ]
32519 silly gunzTarPerm extractEntry modules/web.set-interval.js
32520 silly gunzTarPerm modified mode [ 'modules/web.set-interval.js', 420, 438 ]
32521 silly gunzTarPerm extractEntry modules/web.set-timeout.js
32522 silly gunzTarPerm modified mode [ 'modules/web.set-timeout.js', 420, 438 ]
32523 silly gunzTarPerm extractEntry modules/web.structured-clone.js
32524 silly gunzTarPerm modified mode [ 'modules/web.structured-clone.js', 420, 438 ]
32525 silly gunzTarPerm extractEntry modules/web.timers.js
32526 silly gunzTarPerm modified mode [ 'modules/web.timers.js', 420, 438 ]
32527 silly gunzTarPerm extractEntry modules/web.url-search-params.constructor.js
32528 silly gunzTarPerm modified mode [ 'modules/web.url-search-params.constructor.js', 420, 438 ]
32529 silly gunzTarPerm extractEntry modules/web.url-search-params.delete.js
32530 silly gunzTarPerm modified mode [ 'modules/web.url-search-params.delete.js', 420, 438 ]
32531 silly gunzTarPerm extractEntry modules/web.url-search-params.has.js
32532 silly gunzTarPerm modified mode [ 'modules/web.url-search-params.has.js', 420, 438 ]
32533 silly gunzTarPerm extractEntry modules/web.url-search-params.js
32534 silly gunzTarPerm modified mode [ 'modules/web.url-search-params.js', 420, 438 ]
32535 silly gunzTarPerm extractEntry modules/web.url-search-params.size.js
32536 silly gunzTarPerm modified mode [ 'modules/web.url-search-params.size.js', 420, 438 ]
32537 silly gunzTarPerm extractEntry modules/web.url.can-parse.js
32538 silly gunzTarPerm modified mode [ 'modules/web.url.can-parse.js', 420, 438 ]
32539 silly gunzTarPerm extractEntry modules/web.url.constructor.js
32540 silly gunzTarPerm modified mode [ 'modules/web.url.constructor.js', 420, 438 ]
32541 silly gunzTarPerm extractEntry modules/web.url.js
32542 silly gunzTarPerm modified mode [ 'modules/web.url.js', 420, 438 ]
32543 silly gunzTarPerm extractEntry modules/web.url.parse.js
32544 silly gunzTarPerm modified mode [ 'modules/web.url.parse.js', 420, 438 ]
32545 silly gunzTarPerm extractEntry modules/web.url.to-json.js
32546 silly gunzTarPerm modified mode [ 'modules/web.url.to-json.js', 420, 438 ]
32547 silly gunzTarPerm extractEntry proposals/well-formed-stringify.js
32548 silly gunzTarPerm modified mode [ 'proposals/well-formed-stringify.js', 420, 438 ]
32549 silly gunzTarPerm extractEntry proposals/well-formed-unicode-strings.js
32550 silly gunzTarPerm modified mode [ 'proposals/well-formed-unicode-strings.js', 420, 438 ]
32551 silly gunzTarPerm extractEntry internals/well-known-symbol-define.js
32552 silly gunzTarPerm modified mode [ 'internals/well-known-symbol-define.js', 420, 438 ]
32553 silly gunzTarPerm extractEntry internals/well-known-symbol-wrapped.js
32554 silly gunzTarPerm modified mode [ 'internals/well-known-symbol-wrapped.js', 420, 438 ]
32555 silly gunzTarPerm extractEntry internals/well-known-symbol.js
32556 silly gunzTarPerm modified mode [ 'internals/well-known-symbol.js', 420, 438 ]
32557 silly gunzTarPerm extractEntry internals/whitespaces.js
32558 silly gunzTarPerm modified mode [ 'internals/whitespaces.js', 420, 438 ]
32559 silly gunzTarPerm extractEntry features/iterator/windows.js
32560 silly gunzTarPerm modified mode [ 'features/iterator/windows.js', 420, 438 ]
32561 silly gunzTarPerm extractEntry full/iterator/windows.js
32562 silly gunzTarPerm modified mode [ 'full/iterator/windows.js', 420, 438 ]
32563 silly gunzTarPerm extractEntry actual/promise/with-resolvers.js
32564 silly gunzTarPerm modified mode [ 'actual/promise/with-resolvers.js', 420, 438 ]
32565 silly gunzTarPerm extractEntry es/promise/with-resolvers.js
32566 silly gunzTarPerm modified mode [ 'es/promise/with-resolvers.js', 420, 438 ]
32567 silly gunzTarPerm extractEntry features/promise/with-resolvers.js
32568 silly gunzTarPerm modified mode [ 'features/promise/with-resolvers.js', 420, 438 ]
32569 silly gunzTarPerm extractEntry full/promise/with-resolvers.js
32570 silly gunzTarPerm modified mode [ 'full/promise/with-resolvers.js', 420, 438 ]
32571 silly gunzTarPerm extractEntry stable/promise/with-resolvers.js
32572 silly gunzTarPerm modified mode [ 'stable/promise/with-resolvers.js', 420, 438 ]
32573 silly gunzTarPerm extractEntry actual/array/virtual/with.js
32574 silly gunzTarPerm modified mode [ 'actual/array/virtual/with.js', 420, 438 ]
32575 silly gunzTarPerm extractEntry actual/array/with.js
32576 silly gunzTarPerm modified mode [ 'actual/array/with.js', 420, 438 ]
32577 silly gunzTarPerm extractEntry actual/instance/with.js
32578 silly gunzTarPerm modified mode [ 'actual/instance/with.js', 420, 438 ]
32579 silly gunzTarPerm extractEntry actual/typed-array/with.js
32580 silly gunzTarPerm modified mode [ 'actual/typed-array/with.js', 420, 438 ]
32581 silly gunzTarPerm extractEntry es/array/virtual/with.js
32582 silly gunzTarPerm modified mode [ 'es/array/virtual/with.js', 420, 438 ]
32583 silly gunzTarPerm extractEntry es/array/with.js
32584 silly gunzTarPerm modified mode [ 'es/array/with.js', 420, 438 ]
32585 silly gunzTarPerm extractEntry es/instance/with.js
32586 silly gunzTarPerm modified mode [ 'es/instance/with.js', 420, 438 ]
32587 silly gunzTarPerm extractEntry es/typed-array/with.js
32588 silly gunzTarPerm modified mode [ 'es/typed-array/with.js', 420, 438 ]
32589 silly gunzTarPerm extractEntry features/array/virtual/with.js
32590 silly gunzTarPerm modified mode [ 'features/array/virtual/with.js', 420, 438 ]
32591 silly gunzTarPerm extractEntry features/array/with.js
32592 silly gunzTarPerm modified mode [ 'features/array/with.js', 420, 438 ]
32593 silly gunzTarPerm extractEntry features/instance/with.js
32594 silly gunzTarPerm modified mode [ 'features/instance/with.js', 420, 438 ]
32595 silly gunzTarPerm extractEntry features/typed-array/with.js
32596 silly gunzTarPerm modified mode [ 'features/typed-array/with.js', 420, 438 ]
32597 silly gunzTarPerm extractEntry full/array/virtual/with.js
32598 silly gunzTarPerm modified mode [ 'full/array/virtual/with.js', 420, 438 ]
32599 silly gunzTarPerm extractEntry full/array/with.js
32600 silly gunzTarPerm modified mode [ 'full/array/with.js', 420, 438 ]
32601 silly gunzTarPerm extractEntry full/instance/with.js
32602 silly gunzTarPerm modified mode [ 'full/instance/with.js', 420, 438 ]
32603 silly gunzTarPerm extractEntry full/typed-array/with.js
32604 silly gunzTarPerm modified mode [ 'full/typed-array/with.js', 420, 438 ]
32605 silly gunzTarPerm extractEntry stable/array/virtual/with.js
32606 silly gunzTarPerm modified mode [ 'stable/array/virtual/with.js', 420, 438 ]
32607 silly gunzTarPerm extractEntry stable/array/with.js
32608 silly gunzTarPerm modified mode [ 'stable/array/with.js', 420, 438 ]
32609 silly gunzTarPerm extractEntry stable/instance/with.js
32610 silly gunzTarPerm modified mode [ 'stable/instance/with.js', 420, 438 ]
32611 silly gunzTarPerm extractEntry stable/typed-array/with.js
32612 silly gunzTarPerm modified mode [ 'stable/typed-array/with.js', 420, 438 ]
32613 silly gunzTarPerm extractEntry internals/wrap-error-constructor-with-cause.js
32614 silly gunzTarPerm modified mode [ 'internals/wrap-error-constructor-with-cause.js', 420, 438 ]
32615 silly gunzTarPerm extractEntry actual/iterator/zip-keyed.js
32616 silly gunzTarPerm modified mode [ 'actual/iterator/zip-keyed.js', 420, 438 ]
32617 silly gunzTarPerm extractEntry features/iterator/zip-keyed.js
32618 silly gunzTarPerm modified mode [ 'features/iterator/zip-keyed.js', 420, 438 ]
32619 silly gunzTarPerm extractEntry full/iterator/zip-keyed.js
32620 silly gunzTarPerm modified mode [ 'full/iterator/zip-keyed.js', 420, 438 ]
32621 silly gunzTarPerm extractEntry actual/iterator/zip.js
32622 silly gunzTarPerm modified mode [ 'actual/iterator/zip.js', 420, 438 ]
32623 silly gunzTarPerm extractEntry features/iterator/zip.js
32624 silly gunzTarPerm modified mode [ 'features/iterator/zip.js', 420, 438 ]
32625 silly gunzTarPerm extractEntry full/iterator/zip.js
32626 silly gunzTarPerm modified mode [ 'full/iterator/zip.js', 420, 438 ]
32627 silly gunzTarPerm extractEntry package.json
32628 silly gunzTarPerm modified mode [ 'package.json', 420, 438 ]
32629 silly gunzTarPerm extractEntry actual/README.md
32630 silly gunzTarPerm modified mode [ 'actual/README.md', 420, 438 ]
32631 silly gunzTarPerm extractEntry es/README.md
32632 silly gunzTarPerm modified mode [ 'es/README.md', 420, 438 ]
32633 silly gunzTarPerm extractEntry full/README.md
32634 silly gunzTarPerm modified mode [ 'full/README.md', 420, 438 ]
32635 silly gunzTarPerm extractEntry internals/README.md
32636 silly gunzTarPerm modified mode [ 'internals/README.md', 420, 438 ]
32637 silly gunzTarPerm extractEntry modules/README.md
32638 silly gunzTarPerm modified mode [ 'modules/README.md', 420, 438 ]
32639 silly gunzTarPerm extractEntry README.md
32640 silly gunzTarPerm modified mode [ 'README.md', 420, 438 ]
32641 silly gunzTarPerm extractEntry stable/README.md
32642 silly gunzTarPerm modified mode [ 'stable/README.md', 420, 438 ]
32643 silly gunzTarPerm extractEntry stage/README.md
32644 silly gunzTarPerm modified mode [ 'stage/README.md', 420, 438 ]
32645 silly gunzTarPerm extractEntry web/README.md
32646 silly gunzTarPerm modified mode [ 'web/README.md', 420, 438 ]
32647 info preinstall core-js@3.49.0
32648 silly install resolved []
32649 verbose about to build C:\chef-master-pro\node_modules\jspdf\node_modules\core-js
32650 info build C:\chef-master-pro\node_modules\jspdf\node_modules\core-js
32651 verbose linkStuff [ false,
32651 verbose linkStuff   false,
32651 verbose linkStuff   false,
32651 verbose linkStuff   'C:\\chef-master-pro\\node_modules\\jspdf\\node_modules' ]
32652 info linkStuff core-js@3.49.0
32653 verbose linkBins core-js@3.49.0
32654 verbose linkMans core-js@3.49.0
32655 verbose rebuildBundles core-js@3.49.0
32656 info install core-js@3.49.0
32657 info postinstall core-js@3.49.0
32658 verbose unsafe-perm in lifecycle true
32659 verbose unlock done using C:\Users\Carlos García\AppData\Roaming\npm-cache\_locks\core-js-c8e48000c0e52c0f.lock for C:\chef-master-pro\node_modules\jspdf\node_modules\core-js
32660 verbose about to build C:\chef-master-pro\node_modules\jspdf
32661 verbose unlock done using C:\Users\Carlos García\AppData\Roaming\npm-cache\_locks\jspdf-f5b13a78389d0c54.lock for C:\chef-master-pro\node_modules\jspdf
32662 verbose stack Error: ENOENT, open 'C:\chef-master-pro\node_modules\exceljs\node_modules\fast-csv\node_modules\@fast-csv\parse\node_modules\@types\node\package.json'
32662 verbose stack     at Error (native)
32663 verbose cwd C:\chef-master-pro
32664 error Windows_NT 6.3.9600
32665 error argv "C:\\Program Files (x86)\\nodejs\\\\node.exe" "C:\\Program Files (x86)\\nodejs\\node_modules\\npm\\bin\\npm-cli.js" "install"
32666 error node v0.12.2
32667 error npm  v2.7.4
32668 error path C:\chef-master-pro\node_modules\exceljs\node_modules\fast-csv\node_modules\@fast-csv\parse\node_modules\@types\node\package.json
32669 error code ENOENT
32670 error errno -4058
32671 error enoent ENOENT, open 'C:\chef-master-pro\node_modules\exceljs\node_modules\fast-csv\node_modules\@fast-csv\parse\node_modules\@types\node\package.json'
32671 error enoent This is most likely not a problem with npm itself
32671 error enoent and is related to npm not being able to find a file.
32672 verbose exit [ -4058, true ]
32673 verbose unbuild node_modules\jspdf\node_modules\fast-png\node_modules\@types\pako
32674 silly gentlyRm C:\chef-master-pro\node_modules\jspdf\node_modules\fast-png\node_modules\@types\pako is being purged from base C:\chef-master-pro
32675 verbose gentlyRm don't care about contents; nuking C:\chef-master-pro\node_modules\jspdf\node_modules\fast-png\node_modules\@types\pako
32676 silly vacuum-fs purging C:\chef-master-pro\node_modules\jspdf\node_modules\fast-png\node_modules\@types\pako
32677 silly vacuum-fs removing C:\chef-master-pro\node_modules\jspdf\node_modules\fast-png\node_modules\@types
32678 silly vacuum-fs quitting because other entries in C:\chef-master-pro\node_modules\jspdf\node_modules\fast-png\node_modules
32679 verbose unbuild node_modules\jspdf\node_modules\dompurify\node_modules\@types\trusted-types
32680 silly gentlyRm C:\chef-master-pro\node_modules\jspdf\node_modules\dompurify\node_modules\@types\trusted-types is being purged from base C:\chef-master-pro
32681 verbose gentlyRm don't care about contents; nuking C:\chef-master-pro\node_modules\jspdf\node_modules\dompurify\node_modules\@types\trusted-types
32682 silly vacuum-fs purging C:\chef-master-pro\node_modules\jspdf\node_modules\dompurify\node_modules\@types\trusted-types
32683 silly vacuum-fs removing C:\chef-master-pro\node_modules\jspdf\node_modules\dompurify\node_modules\@types
32684 silly vacuum-fs removing C:\chef-master-pro\node_modules\jspdf\node_modules\dompurify\node_modules
32685 silly vacuum-fs quitting because other entries in C:\chef-master-pro\node_modules\jspdf\node_modules\dompurify
32686 verbose unbuild node_modules\jspdf\node_modules\fast-png
32687 info preuninstall fast-png@6.4.0
32688 info uninstall fast-png@6.4.0
32689 verbose unbuild rmStuff fast-png@6.4.0 from C:\chef-master-pro\node_modules
32690 verbose unbuild rmStuff in C:\chef-master-pro\node_modules\jspdf\node_modules
32691 info postuninstall fast-png@6.4.0
32692 silly gentlyRm C:\chef-master-pro\node_modules\jspdf\node_modules\fast-png is being purged from base C:\chef-master-pro
32693 verbose gentlyRm don't care about contents; nuking C:\chef-master-pro\node_modules\jspdf\node_modules\fast-png
32694 silly vacuum-fs purging C:\chef-master-pro\node_modules\jspdf\node_modules\fast-png
32695 silly vacuum-fs quitting because other entries in C:\chef-master-pro\node_modules\jspdf\node_modules
32696 verbose unbuild node_modules\jspdf\node_modules\canvg\node_modules\@types\raf
32697 silly gentlyRm C:\chef-master-pro\node_modules\jspdf\node_modules\canvg\node_modules\@types\raf is being purged from base C:\chef-master-pro
32698 verbose gentlyRm don't care about contents; nuking C:\chef-master-pro\node_modules\jspdf\node_modules\canvg\node_modules\@types\raf
32699 silly vacuum-fs purging C:\chef-master-pro\node_modules\jspdf\node_modules\canvg\node_modules\@types\raf
32700 silly vacuum-fs removing C:\chef-master-pro\node_modules\jspdf\node_modules\canvg\node_modules\@types
32701 silly vacuum-fs quitting because other entries in C:\chef-master-pro\node_modules\jspdf\node_modules\canvg\node_modules
32702 verbose unbuild node_modules\exceljs\node_modules\fast-csv\node_modules\@fast-csv\parse\node_modules\@types\node
32703 silly gentlyRm C:\chef-master-pro\node_modules\exceljs\node_modules\fast-csv\node_modules\@fast-csv\parse\node_modules\@types\node is being purged from base C:\chef-master-pro
32704 verbose gentlyRm don't care about contents; nuking C:\chef-master-pro\node_modules\exceljs\node_modules\fast-csv\node_modules\@fast-csv\parse\node_modules\@types\node
32705 silly vacuum-fs purging C:\chef-master-pro\node_modules\exceljs\node_modules\fast-csv\node_modules\@fast-csv\parse\node_modules\@types\node
32706 silly vacuum-fs removing C:\chef-master-pro\node_modules\exceljs\node_modules\fast-csv\node_modules\@fast-csv\parse\node_modules\@types
32707 silly vacuum-fs quitting because other entries in C:\chef-master-pro\node_modules\exceljs\node_modules\fast-csv\node_modules\@fast-csv\parse\node_modules
32708 verbose unbuild node_modules\exceljs\node_modules\fast-csv\node_modules\@fast-csv\parse
32709 info preuninstall @fast-csv/parse@4.3.6
32710 info uninstall @fast-csv/parse@4.3.6
32711 verbose unbuild rmStuff @fast-csv/parse@4.3.6 from C:\chef-master-pro\node_modules
32712 verbose unbuild rmStuff in C:\chef-master-pro\node_modules\exceljs\node_modules\fast-csv\node_modules\@fast-csv
32713 info postuninstall @fast-csv/parse@4.3.6
32714 silly gentlyRm C:\chef-master-pro\node_modules\exceljs\node_modules\fast-csv\node_modules\@fast-csv\parse is being purged from base C:\chef-master-pro
32715 verbose gentlyRm don't care about contents; nuking C:\chef-master-pro\node_modules\exceljs\node_modules\fast-csv\node_modules\@fast-csv\parse
32716 silly vacuum-fs purging C:\chef-master-pro\node_modules\exceljs\node_modules\fast-csv\node_modules\@fast-csv\parse
32717 silly vacuum-fs quitting because other entries in C:\chef-master-pro\node_modules\exceljs\node_modules\fast-csv\node_modules\@fast-csv
32718 verbose unbuild node_modules\exceljs\node_modules\fast-csv\node_modules\@fast-csv\format\node_modules\@types\node
32719 silly gentlyRm C:\chef-master-pro\node_modules\exceljs\node_modules\fast-csv\node_modules\@fast-csv\format\node_modules\@types\node is being purged from base C:\chef-master-pro
32720 verbose gentlyRm don't care about contents; nuking C:\chef-master-pro\node_modules\exceljs\node_modules\fast-csv\node_modules\@fast-csv\format\node_modules\@types\node
32721 silly vacuum-fs purging C:\chef-master-pro\node_modules\exceljs\node_modules\fast-csv\node_modules\@fast-csv\format\node_modules\@types\node
32722 silly vacuum-fs removing C:\chef-master-pro\node_modules\exceljs\node_modules\fast-csv\node_modules\@fast-csv\format\node_modules\@types
32723 silly vacuum-fs quitting because other entries in C:\chef-master-pro\node_modules\exceljs\node_modules\fast-csv\node_modules\@fast-csv\format\node_modules
32724 verbose unbuild node_modules\exceljs\node_modules\fast-csv\node_modules\@fast-csv\format
32725 info preuninstall @fast-csv/format@4.3.5
32726 info uninstall @fast-csv/format@4.3.5
32727 verbose unbuild rmStuff @fast-csv/format@4.3.5 from C:\chef-master-pro\node_modules
32728 verbose unbuild rmStuff in C:\chef-master-pro\node_modules\exceljs\node_modules\fast-csv\node_modules\@fast-csv
32729 info postuninstall @fast-csv/format@4.3.5
32730 silly gentlyRm C:\chef-master-pro\node_modules\exceljs\node_modules\fast-csv\node_modules\@fast-csv\format is being purged from base C:\chef-master-pro
32731 verbose gentlyRm don't care about contents; nuking C:\chef-master-pro\node_modules\exceljs\node_modules\fast-csv\node_modules\@fast-csv\format
32732 silly vacuum-fs purging C:\chef-master-pro\node_modules\exceljs\node_modules\fast-csv\node_modules\@fast-csv\format
32733 silly vacuum-fs removing C:\chef-master-pro\node_modules\exceljs\node_modules\fast-csv\node_modules\@fast-csv
32734 silly vacuum-fs removing C:\chef-master-pro\node_modules\exceljs\node_modules\fast-csv\node_modules
32735 silly vacuum-fs quitting because other entries in C:\chef-master-pro\node_modules\exceljs\node_modules\fast-csv
32736 verbose unbuild node_modules\exceljs\node_modules\fast-csv
32737 info preuninstall fast-csv@4.3.6
32738 info uninstall fast-csv@4.3.6
32739 verbose unbuild rmStuff fast-csv@4.3.6 from C:\chef-master-pro\node_modules
32740 verbose unbuild rmStuff in C:\chef-master-pro\node_modules\exceljs\node_modules
32741 info postuninstall fast-csv@4.3.6
32742 silly gentlyRm C:\chef-master-pro\node_modules\exceljs\node_modules\fast-csv is being purged from base C:\chef-master-pro
32743 verbose gentlyRm don't care about contents; nuking C:\chef-master-pro\node_modules\exceljs\node_modules\fast-csv
32744 silly vacuum-fs purging C:\chef-master-pro\node_modules\exceljs\node_modules\fast-csv
32745 silly vacuum-fs quitting because other entries in C:\chef-master-pro\node_modules\exceljs\node_modules
32746 verbose unbuild node_modules\exceljs
32747 info preuninstall exceljs@4.4.0
32748 info uninstall exceljs@4.4.0
32749 verbose unbuild rmStuff exceljs@4.4.0 from C:\chef-master-pro\node_modules
32750 info postuninstall exceljs@4.4.0
32751 silly gentlyRm C:\chef-master-pro\node_modules\exceljs is being purged from base C:\chef-master-pro
32752 verbose gentlyRm don't care about contents; nuking C:\chef-master-pro\node_modules\exceljs
32753 silly vacuum-fs purging C:\chef-master-pro\node_modules\exceljs
32754 silly vacuum-fs quitting because other entries in C:\chef-master-pro\node_modules
32755 verbose unbuild node_modules\jspdf\node_modules\canvg
32756 info preuninstall canvg@3.0.11
32757 info uninstall canvg@3.0.11
32758 verbose unbuild rmStuff canvg@3.0.11 from C:\chef-master-pro\node_modules
32759 verbose unbuild rmStuff in C:\chef-master-pro\node_modules\jspdf\node_modules
32760 info postuninstall canvg@3.0.11
32761 silly gentlyRm C:\chef-master-pro\node_modules\jspdf\node_modules\canvg is being purged from base C:\chef-master-pro
32762 verbose gentlyRm don't care about contents; nuking C:\chef-master-pro\node_modules\jspdf\node_modules\canvg
32763 silly vacuum-fs purging C:\chef-master-pro\node_modules\jspdf\node_modules\canvg
32764 silly vacuum-fs quitting because other entries in C:\chef-master-pro\node_modules\jspdf\node_modules
32765 verbose unbuild node_modules\jspdf
32766 info preuninstall jspdf@4.2.1
32767 info uninstall jspdf@4.2.1
32768 verbose unbuild rmStuff jspdf@4.2.1 from C:\chef-master-pro\node_modules
32769 info postuninstall jspdf@4.2.1
32770 silly gentlyRm C:\chef-master-pro\node_modules\jspdf is being purged from base C:\chef-master-pro
32771 verbose gentlyRm don't care about contents; nuking C:\chef-master-pro\node_modules\jspdf
32772 silly vacuum-fs purging C:\chef-master-pro\node_modules\jspdf
32773 silly vacuum-fs quitting because other entries in C:\chef-master-pro\node_modules
